target_page,page_type,state_slug,state_name,game_name,page_importance_score,keyword_count,avg_priority_score,best_keyword_score,opportunity_tier_mix,backlink_priority_tier,backlinks_value_score,can_rank_fastest,content_readiness,content_issues,anchor_mix_rule
/games/mega-millions,national,,,Mega Millions,100,5,78.86,78.86,HIGH:5 | MEDIUM:0 | LOW:0,Tier 1,84.4,NO,READY,none_detected,20% exact | 40% partial | 20% branded | 10% URL | 10% generic
/games/powerball,national,,,Powerball,100,5,78.86,78.86,HIGH:5 | MEDIUM:0 | LOW:0,Tier 1,84.4,NO,READY,none_detected,20% exact | 40% partial | 20% branded | 10% URL | 10% generic
/states/ca/mega-millions,game_family,ca,California,Mega Millions,92,6,76.67,76.67,HIGH:6 | MEDIUM:0 | LOW:0,Tier 1,75.8,NO,READY,none_detected,20% exact | 40% partial | 20% branded | 10% URL | 10% generic
/states/ca/powerball,game_family,ca,California,Powerball,92,6,76.67,76.67,HIGH:6 | MEDIUM:0 | LOW:0,Tier 1,75.8,NO,READY,none_detected,20% exact | 40% partial | 20% branded | 10% URL | 10% generic
/states/tx/mega-millions,game_family,tx,Texas,Mega Millions,92,6,76.67,76.67,HIGH:6 | MEDIUM:0 | LOW:0,Tier 1,75.8,NO,READY,none_detected,20% exact | 40% partial | 20% branded | 10% URL | 10% generic
/states/tx/powerball,game_family,tx,Texas,Powerball,92,6,76.67,76.67,HIGH:6 | MEDIUM:0 | LOW:0,Tier 1,75.8,NO,READY,none_detected,20% exact | 40% partial | 20% branded | 10% URL | 10% generic
/states/fl/mega-millions,game_family,fl,Florida,Mega Millions,91,6,76.27,76.27,HIGH:6 | MEDIUM:0 | LOW:0,Tier 1,75.1,NO,READY,none_detected,20% exact | 40% partial | 20% branded | 10% URL | 10% generic
/states/fl/powerball,game_family,fl,Florida,Powerball,91,6,76.27,76.27,HIGH:6 | MEDIUM:0 | LOW:0,Tier 1,75.1,NO,READY,none_detected,20% exact | 40% partial | 20% branded | 10% URL | 10% generic
/states/fl/powerball-double-play,game_family,fl,Florida,Powerball Double Play,91,6,76.27,76.27,HIGH:6 | MEDIUM:0 | LOW:0,Tier 1,75.1,NO,READY,none_detected,20% exact | 40% partial | 20% branded | 10% URL | 10% generic
/states/ny/mega-millions,game_family,ny,New York,Mega Millions,91,6,76.27,76.27,HIGH:6 | MEDIUM:0 | LOW:0,Tier 1,75.1,NO,READY,none_detected,20% exact | 40% partial | 20% branded | 10% URL | 10% generic
/states/ny/powerball,game_family,ny,New York,Powerball,91,6,76.27,76.27,HIGH:6 | MEDIUM:0 | LOW:0,Tier 1,75.1,NO,READY,none_detected,20% exact | 40% partial | 20% branded | 10% URL | 10% generic
/states/nj/mega-millions,game_family,nj,New Jersey,Mega Millions,90,6,75.86,75.86,HIGH:6 | MEDIUM:0 | LOW:0,Tier 2,74.4,NO,READY,none_detected,20% exact | 40% partial | 20% branded | 10% URL | 10% generic
/states/nj/powerball,game_family,nj,New Jersey,Powerball,90,6,75.86,75.86,HIGH:6 | MEDIUM:0 | LOW:0,Tier 2,74.4,NO,READY,none_detected,20% exact | 40% partial | 20% branded | 10% URL | 10% generic
/states/nj/powerball-double-play,game_family,nj,New Jersey,Powerball Double Play,90,6,75.86,75.86,HIGH:6 | MEDIUM:0 | LOW:0,Tier 2,74.4,NO,READY,none_detected,20% exact | 40% partial | 20% branded | 10% URL | 10% generic
/states/pa/mega-millions,game_family,pa,Pennsylvania,Mega Millions,90,6,75.86,75.86,HIGH:6 | MEDIUM:0 | LOW:0,Tier 2,74.4,NO,READY,none_detected,20% exact | 40% partial | 20% branded | 10% URL | 10% generic
/states/pa/powerball,game_family,pa,Pennsylvania,Powerball,90,6,75.86,75.86,HIGH:6 | MEDIUM:0 | LOW:0,Tier 2,74.4,NO,READY,none_detected,20% exact | 40% partial | 20% branded | 10% URL | 10% generic
/states/pa/powerball-double-play,game_family,pa,Pennsylvania,Powerball Double Play,90,6,75.86,75.86,HIGH:6 | MEDIUM:0 | LOW:0,Tier 2,74.4,NO,READY,none_detected,20% exact | 40% partial | 20% branded | 10% URL | 10% generic
/states/pr/powerball,game_family,pr,Puerto Rico,Powerball,90,6,75.86,75.86,HIGH:6 | MEDIUM:0 | LOW:0,Tier 2,74.4,NO,READY,none_detected,20% exact | 40% partial | 20% branded | 10% URL | 10% generic
/states/pr/powerball-double-play,game_family,pr,Puerto Rico,Powerball Double Play,90,6,75.86,75.86,HIGH:6 | MEDIUM:0 | LOW:0,Tier 2,74.4,NO,READY,none_detected,20% exact | 40% partial | 20% branded | 10% URL | 10% generic
/states/tx,state,tx,Texas,,90,6,75.86,75.86,HIGH:6 | MEDIUM:0 | LOW:0,Tier 2,74.4,NO,READY,none_detected,20% exact | 40% partial | 20% branded | 10% URL | 10% generic
/states/ga/mega-millions,game_family,ga,Georgia,Mega Millions,89,6,75.46,75.46,HIGH:6 | MEDIUM:0 | LOW:0,Tier 2,73.7,NO,READY,none_detected,20% exact | 40% partial | 20% branded | 10% URL | 10% generic
/states/ga/powerball,game_family,ga,Georgia,Powerball,89,6,75.46,75.46,HIGH:6 | MEDIUM:0 | LOW:0,Tier 2,73.7,NO,READY,none_detected,20% exact | 40% partial | 20% branded | 10% URL | 10% generic
/states/il/mega-millions,game_family,il,Illinois,Mega Millions,89,6,75.46,75.46,HIGH:6 | MEDIUM:0 | LOW:0,Tier 2,73.7,NO,READY,none_detected,20% exact | 40% partial | 20% branded | 10% URL | 10% generic
/states/il/powerball,game_family,il,Illinois,Powerball,89,6,75.46,75.46,HIGH:6 | MEDIUM:0 | LOW:0,Tier 2,73.7,NO,READY,none_detected,20% exact | 40% partial | 20% branded | 10% URL | 10% generic
/states/mi/mega-millions,game_family,mi,Michigan,Mega Millions,89,6,75.46,75.46,HIGH:6 | MEDIUM:0 | LOW:0,Tier 2,73.7,NO,READY,none_detected,20% exact | 40% partial | 20% branded | 10% URL | 10% generic
/states/mi/powerball,game_family,mi,Michigan,Powerball,89,6,75.46,75.46,HIGH:6 | MEDIUM:0 | LOW:0,Tier 2,73.7,NO,READY,none_detected,20% exact | 40% partial | 20% branded | 10% URL | 10% generic
/states/mi/powerball-double-play,game_family,mi,Michigan,Powerball Double Play,89,6,75.46,75.46,HIGH:6 | MEDIUM:0 | LOW:0,Tier 2,73.7,NO,READY,none_detected,20% exact | 40% partial | 20% branded | 10% URL | 10% generic
/states/nc/mega-millions,game_family,nc,North Carolina,Mega Millions,89,6,75.46,75.46,HIGH:6 | MEDIUM:0 | LOW:0,Tier 2,73.7,NO,READY,none_detected,20% exact | 40% partial | 20% branded | 10% URL | 10% generic
/states/nc/powerball,game_family,nc,North Carolina,Powerball,89,6,75.46,75.46,HIGH:6 | MEDIUM:0 | LOW:0,Tier 2,73.7,NO,READY,none_detected,20% exact | 40% partial | 20% branded | 10% URL | 10% generic
/states/nc/powerball-double-play,game_family,nc,North Carolina,Powerball Double Play,89,6,75.46,75.46,HIGH:6 | MEDIUM:0 | LOW:0,Tier 2,73.7,NO,READY,none_detected,20% exact | 40% partial | 20% branded | 10% URL | 10% generic
/states/ny,state,ny,New York,,89,6,75.46,75.46,HIGH:6 | MEDIUM:0 | LOW:0,Tier 2,73.7,NO,READY,none_detected,20% exact | 40% partial | 20% branded | 10% URL | 10% generic
/states/oh/mega-millions,game_family,oh,Ohio,Mega Millions,89,6,75.46,75.46,HIGH:6 | MEDIUM:0 | LOW:0,Tier 2,73.7,NO,READY,none_detected,20% exact | 40% partial | 20% branded | 10% URL | 10% generic
/states/oh/powerball,game_family,oh,Ohio,Powerball,89,6,75.46,75.46,HIGH:6 | MEDIUM:0 | LOW:0,Tier 2,73.7,NO,READY,none_detected,20% exact | 40% partial | 20% branded | 10% URL | 10% generic
/states/tx/pick-3,game_family,tx,Texas,Pick 3,89,6,75.46,75.46,HIGH:6 | MEDIUM:0 | LOW:0,Tier 2,73.7,NO,READY,none_detected,20% exact | 40% partial | 20% branded | 10% URL | 10% generic
/states/az/mega-millions,game_family,az,Arizona,Mega Millions,88,6,75.05,75.05,HIGH:6 | MEDIUM:0 | LOW:0,Tier 2,73,NO,READY,none_detected,20% exact | 40% partial | 20% branded | 10% URL | 10% generic
/states/az/powerball,game_family,az,Arizona,Powerball,88,6,75.05,75.05,HIGH:6 | MEDIUM:0 | LOW:0,Tier 2,73,NO,READY,none_detected,20% exact | 40% partial | 20% branded | 10% URL | 10% generic
/states/ca/superlotto-plus,game_family,ca,California,Superlotto Plus,88,6,75.05,75.05,HIGH:6 | MEDIUM:0 | LOW:0,Tier 2,73,NO,READY,title_length(MEDIUM),20% exact | 40% partial | 20% branded | 10% URL | 10% generic
/states/fl/pick-3,game_family,fl,Florida,Pick 3,88,6,75.05,75.05,HIGH:6 | MEDIUM:0 | LOW:0,Tier 2,73,NO,READY,none_detected,20% exact | 40% partial | 20% branded | 10% URL | 10% generic
/states/ma/mega-millions,game_family,ma,Massachusetts,Mega Millions,88,6,75.05,75.05,HIGH:6 | MEDIUM:0 | LOW:0,Tier 2,73,NO,READY,none_detected,20% exact | 40% partial | 20% branded | 10% URL | 10% generic
/states/ma/powerball,game_family,ma,Massachusetts,Powerball,88,6,75.05,75.05,HIGH:6 | MEDIUM:0 | LOW:0,Tier 2,73,NO,READY,none_detected,20% exact | 40% partial | 20% branded | 10% URL | 10% generic
/states/md/mega-millions,game_family,md,Maryland,Mega Millions,88,6,75.05,75.05,HIGH:6 | MEDIUM:0 | LOW:0,Tier 2,73,NO,READY,none_detected,20% exact | 40% partial | 20% branded | 10% URL | 10% generic
/states/md/powerball,game_family,md,Maryland,Powerball,88,6,75.05,75.05,HIGH:6 | MEDIUM:0 | LOW:0,Tier 2,73,NO,READY,none_detected,20% exact | 40% partial | 20% branded | 10% URL | 10% generic
/states/md/powerball-double-play,game_family,md,Maryland,Powerball Double Play,88,6,75.05,75.05,HIGH:6 | MEDIUM:0 | LOW:0,Tier 2,73,NO,READY,none_detected,20% exact | 40% partial | 20% branded | 10% URL | 10% generic
/states/nj,state,nj,New Jersey,,88,6,75.05,75.05,HIGH:6 | MEDIUM:0 | LOW:0,Tier 2,73,NO,READY,none_detected,20% exact | 40% partial | 20% branded | 10% URL | 10% generic
/states/pa,state,pa,Pennsylvania,,88,6,75.05,75.05,HIGH:6 | MEDIUM:0 | LOW:0,Tier 2,73,NO,READY,none_detected,20% exact | 40% partial | 20% branded | 10% URL | 10% generic
/states/pr,state,pr,Puerto Rico,,88,6,75.05,75.05,HIGH:6 | MEDIUM:0 | LOW:0,Tier 2,73,NO,READY,none_detected,20% exact | 40% partial | 20% branded | 10% URL | 10% generic
/states/tx/cash-5,game_family,tx,Texas,Cash 5,88,6,75.05,75.05,HIGH:6 | MEDIUM:0 | LOW:0,Tier 2,73,NO,READY,none_detected,20% exact | 40% partial | 20% branded | 10% URL | 10% generic
/states/tx/lotto-texas,game_family,tx,Texas,Lotto Texas,88,6,75.05,75.05,HIGH:6 | MEDIUM:0 | LOW:0,Tier 2,73,NO,READY,none_detected,20% exact | 40% partial | 20% branded | 10% URL | 10% generic
/states/va/mega-millions,game_family,va,Virginia,Mega Millions,88,6,75.05,75.05,HIGH:6 | MEDIUM:0 | LOW:0,Tier 2,73,NO,READY,none_detected,20% exact | 40% partial | 20% branded | 10% URL | 10% generic
/states/va/powerball,game_family,va,Virginia,Powerball,88,6,75.05,75.05,HIGH:6 | MEDIUM:0 | LOW:0,Tier 2,73,NO,READY,none_detected,20% exact | 40% partial | 20% branded | 10% URL | 10% generic
/states/wa/mega-millions,game_family,wa,Washington,Mega Millions,88,6,75.05,75.05,HIGH:6 | MEDIUM:0 | LOW:0,Tier 2,73,NO,READY,none_detected,20% exact | 40% partial | 20% branded | 10% URL | 10% generic
/states/wa/powerball,game_family,wa,Washington,Powerball,88,6,75.05,75.05,HIGH:6 | MEDIUM:0 | LOW:0,Tier 2,73,NO,READY,none_detected,20% exact | 40% partial | 20% branded | 10% URL | 10% generic
/states/wa/powerball-double-play,game_family,wa,Washington,Powerball Double Play,88,6,75.05,75.05,HIGH:6 | MEDIUM:0 | LOW:0,Tier 2,73,NO,READY,none_detected,20% exact | 40% partial | 20% branded | 10% URL | 10% generic
/states/ca,state,ca,California,,90,6,74.98,75.86,HIGH:5 | MEDIUM:1 | LOW:0,Tier 2,74.4,NO,READY,none_detected,20% exact | 40% partial | 20% branded | 10% URL | 10% generic
/states/fl/lotto,game_family,fl,Florida,Lotto,87,6,74.64,74.64,HIGH:6 | MEDIUM:0 | LOW:0,Tier 2,72.3,NO,READY,none_detected,20% exact | 40% partial | 20% branded | 10% URL | 10% generic
/states/fl/pick-4,game_family,fl,Florida,Pick 4,87,6,74.64,74.64,HIGH:6 | MEDIUM:0 | LOW:0,Tier 2,72.3,NO,READY,none_detected,20% exact | 40% partial | 20% branded | 10% URL | 10% generic
/states/il,state,il,Illinois,,87,6,74.64,74.64,HIGH:6 | MEDIUM:0 | LOW:0,Tier 2,72.3,NO,READY,none_detected,20% exact | 40% partial | 20% branded | 10% URL | 10% generic
/states/in/mega-millions,game_family,in,Indiana,Mega Millions,87,6,74.64,74.64,HIGH:6 | MEDIUM:0 | LOW:0,Tier 2,72.3,NO,READY,none_detected,20% exact | 40% partial | 20% branded | 10% URL | 10% generic
/states/in/powerball,game_family,in,Indiana,Powerball,87,6,74.64,74.64,HIGH:6 | MEDIUM:0 | LOW:0,Tier 2,72.3,NO,READY,none_detected,20% exact | 40% partial | 20% branded | 10% URL | 10% generic
/states/in/powerball-double-play,game_family,in,Indiana,Powerball Double Play,87,6,74.64,74.64,HIGH:6 | MEDIUM:0 | LOW:0,Tier 2,72.3,NO,READY,none_detected,20% exact | 40% partial | 20% branded | 10% URL | 10% generic
/states/mi,state,mi,Michigan,,87,6,74.64,74.64,HIGH:6 | MEDIUM:0 | LOW:0,Tier 2,72.3,NO,READY,none_detected,20% exact | 40% partial | 20% branded | 10% URL | 10% generic
/states/mo/mega-millions,game_family,mo,Missouri,Mega Millions,87,6,74.64,74.64,HIGH:6 | MEDIUM:0 | LOW:0,Tier 2,72.3,NO,READY,none_detected,20% exact | 40% partial | 20% branded | 10% URL | 10% generic
/states/mo/powerball,game_family,mo,Missouri,Powerball,87,6,74.64,74.64,HIGH:6 | MEDIUM:0 | LOW:0,Tier 2,72.3,NO,READY,none_detected,20% exact | 40% partial | 20% branded | 10% URL | 10% generic
/states/mo/powerball-double-play,game_family,mo,Missouri,Powerball Double Play,87,6,74.64,74.64,HIGH:6 | MEDIUM:0 | LOW:0,Tier 2,72.3,NO,READY,none_detected,20% exact | 40% partial | 20% branded | 10% URL | 10% generic
/states/nc,state,nc,North Carolina,,87,6,74.64,74.64,HIGH:6 | MEDIUM:0 | LOW:0,Tier 2,72.3,NO,READY,none_detected,20% exact | 40% partial | 20% branded | 10% URL | 10% generic
/states/nj/pick-3,game_family,nj,New Jersey,Pick 3,87,6,74.64,74.64,HIGH:6 | MEDIUM:0 | LOW:0,Tier 2,72.3,NO,READY,none_detected,20% exact | 40% partial | 20% branded | 10% URL | 10% generic
/states/ny/lotto,game_family,ny,New York,Lotto,87,6,74.64,74.64,HIGH:6 | MEDIUM:0 | LOW:0,Tier 2,72.3,NO,READY,none_detected,20% exact | 40% partial | 20% branded | 10% URL | 10% generic
/states/oh,state,oh,Ohio,,87,6,74.64,74.64,HIGH:6 | MEDIUM:0 | LOW:0,Tier 2,72.3,NO,READY,none_detected,20% exact | 40% partial | 20% branded | 10% URL | 10% generic
/states/pa/pick-3,game_family,pa,Pennsylvania,Pick 3,87,6,74.64,74.64,HIGH:6 | MEDIUM:0 | LOW:0,Tier 2,72.3,NO,READY,none_detected,20% exact | 40% partial | 20% branded | 10% URL | 10% generic
/states/tn/mega-millions,game_family,tn,Tennessee,Mega Millions,87,6,74.64,74.64,HIGH:6 | MEDIUM:0 | LOW:0,Tier 2,72.3,NO,READY,none_detected,20% exact | 40% partial | 20% branded | 10% URL | 10% generic
/states/tn/powerball,game_family,tn,Tennessee,Powerball,87,6,74.64,74.64,HIGH:6 | MEDIUM:0 | LOW:0,Tier 2,72.3,NO,READY,none_detected,20% exact | 40% partial | 20% branded | 10% URL | 10% generic
/states/tn/powerball-double-play,game_family,tn,Tennessee,Powerball Double Play,87,6,74.64,74.64,HIGH:6 | MEDIUM:0 | LOW:0,Tier 2,72.3,NO,READY,none_detected,20% exact | 40% partial | 20% branded | 10% URL | 10% generic
/states/fl,state,fl,Florida,,89,6,74.57,75.46,HIGH:5 | MEDIUM:1 | LOW:0,Tier 2,73.7,NO,READY,none_detected,20% exact | 40% partial | 20% branded | 10% URL | 10% generic
/states/fl/jackpot-triple-play,game_family,fl,Florida,Jackpot Triple Play,86,6,74.24,74.24,HIGH:6 | MEDIUM:0 | LOW:0,Tier 2,71.6,NO,READY,none_detected,20% exact | 40% partial | 20% branded | 10% URL | 10% generic
/states/il/pick-3,game_family,il,Illinois,Pick 3,86,6,74.24,74.24,HIGH:6 | MEDIUM:0 | LOW:0,Tier 2,71.6,NO,READY,none_detected,20% exact | 40% partial | 20% branded | 10% URL | 10% generic
/states/md,state,md,Maryland,,86,6,74.24,74.24,HIGH:6 | MEDIUM:0 | LOW:0,Tier 2,71.6,NO,READY,none_detected,20% exact | 40% partial | 20% branded | 10% URL | 10% generic
/states/nc/pick-3,game_family,nc,North Carolina,Pick 3,86,6,74.24,74.24,HIGH:6 | MEDIUM:0 | LOW:0,Tier 2,71.6,NO,READY,none_detected,20% exact | 40% partial | 20% branded | 10% URL | 10% generic
/states/nj/jersey-cash-5,game_family,nj,New Jersey,Jersey Cash 5,86,6,74.24,74.24,HIGH:6 | MEDIUM:0 | LOW:0,Tier 2,71.6,NO,READY,none_detected,20% exact | 40% partial | 20% branded | 10% URL | 10% generic
/states/nj/pick-4,game_family,nj,New Jersey,Pick 4,86,6,74.24,74.24,HIGH:6 | MEDIUM:0 | LOW:0,Tier 2,71.6,NO,READY,none_detected,20% exact | 40% partial | 20% branded | 10% URL | 10% generic
/states/oh/pick-3,game_family,oh,Ohio,Pick 3,86,6,74.24,74.24,HIGH:6 | MEDIUM:0 | LOW:0,Tier 2,71.6,NO,READY,none_detected,20% exact | 40% partial | 20% branded | 10% URL | 10% generic
/states/pa/cash-5,game_family,pa,Pennsylvania,Cash 5,86,6,74.24,74.24,HIGH:6 | MEDIUM:0 | LOW:0,Tier 2,71.6,NO,READY,none_detected,20% exact | 40% partial | 20% branded | 10% URL | 10% generic
/states/pa/pick-4,game_family,pa,Pennsylvania,Pick 4,86,6,74.24,74.24,HIGH:6 | MEDIUM:0 | LOW:0,Tier 2,71.6,NO,READY,none_detected,20% exact | 40% partial | 20% branded | 10% URL | 10% generic
/states/va,state,va,Virginia,,86,6,74.24,74.24,HIGH:6 | MEDIUM:0 | LOW:0,Tier 2,71.6,NO,READY,none_detected,20% exact | 40% partial | 20% branded | 10% URL | 10% generic
/states/wa,state,wa,Washington,,86,6,74.24,74.24,HIGH:6 | MEDIUM:0 | LOW:0,Tier 2,71.6,NO,READY,none_detected,20% exact | 40% partial | 20% branded | 10% URL | 10% generic
/states/ca/mega-millions/historical,historical,ca,California,Mega Millions,80,4,73.91,73.91,HIGH:4 | MEDIUM:0 | LOW:0,Tier 2,61.4,YES,READY,none_detected,20% exact | 40% partial | 20% branded | 10% URL | 10% generic
/states/ca/powerball/historical,historical,ca,California,Powerball,80,4,73.91,73.91,HIGH:4 | MEDIUM:0 | LOW:0,Tier 2,61.4,YES,READY,none_detected,20% exact | 40% partial | 20% branded | 10% URL | 10% generic
/states/tx/mega-millions/historical,historical,tx,Texas,Mega Millions,80,4,73.91,73.91,HIGH:4 | MEDIUM:0 | LOW:0,Tier 2,61.4,YES,READY,none_detected,20% exact | 40% partial | 20% branded | 10% URL | 10% generic
/states/tx/powerball/historical,historical,tx,Texas,Powerball,80,4,73.91,73.91,HIGH:4 | MEDIUM:0 | LOW:0,Tier 2,61.4,YES,READY,none_detected,20% exact | 40% partial | 20% branded | 10% URL | 10% generic
/states/az/pick-3,game_family,az,Arizona,Pick 3,85,6,73.84,73.84,HIGH:6 | MEDIUM:0 | LOW:0,Tier 2,70.9,NO,READY,none_detected,20% exact | 40% partial | 20% branded | 10% URL | 10% generic
/states/il/lotto,game_family,il,Illinois,Lotto,85,6,73.84,73.84,HIGH:6 | MEDIUM:0 | LOW:0,Tier 2,70.9,NO,READY,none_detected,20% exact | 40% partial | 20% branded | 10% URL | 10% generic
/states/il/lucky-day-lotto,game_family,il,Illinois,Lucky Day Lotto,85,6,73.84,73.84,HIGH:6 | MEDIUM:0 | LOW:0,Tier 2,70.9,NO,READY,none_detected,20% exact | 40% partial | 20% branded | 10% URL | 10% generic
/states/il/pick-4,game_family,il,Illinois,Pick 4,85,6,73.84,73.84,HIGH:6 | MEDIUM:0 | LOW:0,Tier 2,70.9,NO,READY,none_detected,20% exact | 40% partial | 20% branded | 10% URL | 10% generic
/states/in,state,in,Indiana,,85,6,73.84,73.84,HIGH:6 | MEDIUM:0 | LOW:0,Tier 2,70.9,NO,READY,none_detected,20% exact | 40% partial | 20% branded | 10% URL | 10% generic
/states/md/pick-3,game_family,md,Maryland,Pick 3,85,6,73.84,73.84,HIGH:6 | MEDIUM:0 | LOW:0,Tier 2,70.9,NO,READY,none_detected,20% exact | 40% partial | 20% branded | 10% URL | 10% generic
/states/mi/lotto-47,game_family,mi,Michigan,Lotto 47,85,6,73.84,73.84,HIGH:6 | MEDIUM:0 | LOW:0,Tier 2,70.9,NO,READY,none_detected,20% exact | 40% partial | 20% branded | 10% URL | 10% generic
/states/mi/poker-lotto,game_family,mi,Michigan,Poker Lotto,85,6,73.84,73.84,HIGH:6 | MEDIUM:0 | LOW:0,Tier 2,70.9,NO,READY,none_detected,20% exact | 40% partial | 20% branded | 10% URL | 10% generic
/states/mo,state,mo,Missouri,,85,6,73.84,73.84,HIGH:6 | MEDIUM:0 | LOW:0,Tier 2,70.9,NO,READY,none_detected,20% exact | 40% partial | 20% branded | 10% URL | 10% generic
/states/nc/cash-5,game_family,nc,North Carolina,Cash 5,85,6,73.84,73.84,HIGH:6 | MEDIUM:0 | LOW:0,Tier 2,70.9,NO,READY,none_detected,20% exact | 40% partial | 20% branded | 10% URL | 10% generic
/states/nc/pick-4,game_family,nc,North Carolina,Pick 4,85,6,73.84,73.84,HIGH:6 | MEDIUM:0 | LOW:0,Tier 2,70.9,NO,READY,none_detected,20% exact | 40% partial | 20% branded | 10% URL | 10% generic
/states/oh/classic-lotto,game_family,oh,Ohio,Classic Lotto,85,6,73.84,73.84,HIGH:6 | MEDIUM:0 | LOW:0,Tier 2,70.9,NO,READY,none_detected,20% exact | 40% partial | 20% branded | 10% URL | 10% generic
/states/oh/pick-4,game_family,oh,Ohio,Pick 4,85,6,73.84,73.84,HIGH:6 | MEDIUM:0 | LOW:0,Tier 2,70.9,NO,READY,none_detected,20% exact | 40% partial | 20% branded | 10% URL | 10% generic
/states/oh/rolling-cash-5,game_family,oh,Ohio,Rolling Cash 5,85,6,73.84,73.84,HIGH:6 | MEDIUM:0 | LOW:0,Tier 2,70.9,NO,READY,none_detected,20% exact | 40% partial | 20% branded | 10% URL | 10% generic
/states/tn,state,tn,Tennessee,,85,6,73.84,73.84,HIGH:6 | MEDIUM:0 | LOW:0,Tier 2,70.9,NO,READY,none_detected,20% exact | 40% partial | 20% branded | 10% URL | 10% generic
/states/va/pick-3,game_family,va,Virginia,Pick 3,85,6,73.84,73.84,HIGH:6 | MEDIUM:0 | LOW:0,Tier 2,70.9,NO,READY,none_detected,20% exact | 40% partial | 20% branded | 10% URL | 10% generic
/states/wa/pick-3,game_family,wa,Washington,Pick 3,85,6,73.84,73.84,HIGH:6 | MEDIUM:0 | LOW:0,Tier 2,70.9,NO,READY,none_detected,20% exact | 40% partial | 20% branded | 10% URL | 10% generic
/states/fl/mega-millions/historical,historical,fl,Florida,Mega Millions,79,4,73.51,73.51,HIGH:4 | MEDIUM:0 | LOW:0,Tier 2,60.7,YES,READY,none_detected,20% exact | 40% partial | 20% branded | 10% URL | 10% generic
/states/fl/powerball-double-play/historical,historical,fl,Florida,Powerball Double Play,79,4,73.51,73.51,HIGH:4 | MEDIUM:0 | LOW:0,Tier 2,60.7,YES,READY,none_detected,20% exact | 40% partial | 20% branded | 10% URL | 10% generic
/states/fl/powerball/historical,historical,fl,Florida,Powerball,79,4,73.51,73.51,HIGH:4 | MEDIUM:0 | LOW:0,Tier 2,60.7,YES,READY,none_detected,20% exact | 40% partial | 20% branded | 10% URL | 10% generic
/states/ny/mega-millions/historical,historical,ny,New York,Mega Millions,79,4,73.51,73.51,HIGH:4 | MEDIUM:0 | LOW:0,Tier 2,60.7,YES,READY,none_detected,20% exact | 40% partial | 20% branded | 10% URL | 10% generic
/states/ny/powerball/historical,historical,ny,New York,Powerball,79,4,73.51,73.51,HIGH:4 | MEDIUM:0 | LOW:0,Tier 2,60.7,YES,READY,none_detected,20% exact | 40% partial | 20% branded | 10% URL | 10% generic
/states/tx/pick-3/day,session,tx,Texas,Pick 3,79,6,73.51,73.51,HIGH:6 | MEDIUM:0 | LOW:0,Tier 2,60.7,YES,READY,none_detected,20% exact | 40% partial | 20% branded | 10% URL | 10% generic
/states/tx/pick-3/evening,session,tx,Texas,Pick 3,79,6,73.51,73.51,HIGH:6 | MEDIUM:0 | LOW:0,Tier 2,60.7,YES,READY,none_detected,20% exact | 40% partial | 20% branded | 10% URL | 10% generic
/states/tx/pick-3/morning,session,tx,Texas,Pick 3,79,6,73.51,73.51,HIGH:6 | MEDIUM:0 | LOW:0,Tier 2,60.7,YES,READY,none_detected,20% exact | 40% partial | 20% branded | 10% URL | 10% generic
/states/tx/pick-3/night,session,tx,Texas,Pick 3,79,6,73.51,73.51,HIGH:6 | MEDIUM:0 | LOW:0,Tier 2,60.7,YES,READY,none_detected,20% exact | 40% partial | 20% branded | 10% URL | 10% generic
/states/ar/mega-millions,game_family,ar,Arkansas,Mega Millions,84,6,73.43,73.43,HIGH:6 | MEDIUM:0 | LOW:0,Tier 2,70.2,NO,READY,none_detected,20% exact | 40% partial | 20% branded | 10% URL | 10% generic
/states/ar/powerball,game_family,ar,Arkansas,Powerball,84,6,73.43,73.43,HIGH:6 | MEDIUM:0 | LOW:0,Tier 2,70.2,NO,READY,none_detected,20% exact | 40% partial | 20% branded | 10% URL | 10% generic
/states/ca/daily-3,game_family,ca,California,Daily 3,84,6,73.43,73.43,HIGH:6 | MEDIUM:0 | LOW:0,Tier 2,70.2,NO,READY,none_detected,20% exact | 40% partial | 20% branded | 10% URL | 10% generic
/states/ca/daily-4,game_family,ca,California,Daily 4,84,6,73.43,73.43,HIGH:6 | MEDIUM:0 | LOW:0,Tier 2,70.2,NO,READY,none_detected,20% exact | 40% partial | 20% branded | 10% URL | 10% generic
/states/ca/daily-derby,game_family,ca,California,Daily Derby,84,6,73.43,73.43,HIGH:6 | MEDIUM:0 | LOW:0,Tier 2,70.2,NO,READY,none_detected,20% exact | 40% partial | 20% branded | 10% URL | 10% generic
/states/ca/fantasy-5,game_family,ca,California,Fantasy 5,84,6,73.43,73.43,HIGH:6 | MEDIUM:0 | LOW:0,Tier 2,70.2,NO,READY,none_detected,20% exact | 40% partial | 20% branded | 10% URL | 10% generic
/states/co/mega-millions,game_family,co,Colorado,Mega Millions,84,6,73.43,73.43,HIGH:6 | MEDIUM:0 | LOW:0,Tier 2,70.2,NO,READY,none_detected,20% exact | 40% partial | 20% branded | 10% URL | 10% generic
/states/co/powerball,game_family,co,Colorado,Powerball,84,6,73.43,73.43,HIGH:6 | MEDIUM:0 | LOW:0,Tier 2,70.2,NO,READY,none_detected,20% exact | 40% partial | 20% branded | 10% URL | 10% generic
/states/co/powerball-double-play,game_family,co,Colorado,Powerball Double Play,84,6,73.43,73.43,HIGH:6 | MEDIUM:0 | LOW:0,Tier 2,70.2,NO,READY,title_length(MEDIUM),20% exact | 40% partial | 20% branded | 10% URL | 10% generic
/states/ct/mega-millions,game_family,ct,Connecticut,Mega Millions,84,6,73.43,73.43,HIGH:6 | MEDIUM:0 | LOW:0,Tier 2,70.2,NO,READY,none_detected,20% exact | 40% partial | 20% branded | 10% URL | 10% generic
/states/ct/powerball-double-play,game_family,ct,Connecticut,Powerball Double Play,84,6,73.43,73.43,HIGH:6 | MEDIUM:0 | LOW:0,Tier 2,70.2,NO,READY,title_length(MEDIUM),20% exact | 40% partial | 20% branded | 10% URL | 10% generic
/states/dc/mega-millions,game_family,dc,"Washington, D.C.",Mega Millions,84,6,73.43,73.43,HIGH:6 | MEDIUM:0 | LOW:0,Tier 2,70.2,NO,READY,none_detected,20% exact | 40% partial | 20% branded | 10% URL | 10% generic
/states/dc/powerball,game_family,dc,"Washington, D.C.",Powerball,84,6,73.43,73.43,HIGH:6 | MEDIUM:0 | LOW:0,Tier 2,70.2,NO,READY,none_detected,20% exact | 40% partial | 20% branded | 10% URL | 10% generic
/states/dc/powerball-double-play,game_family,dc,"Washington, D.C.",Powerball Double Play,84,6,73.43,73.43,HIGH:6 | MEDIUM:0 | LOW:0,Tier 2,70.2,NO,READY,none_detected,20% exact | 40% partial | 20% branded | 10% URL | 10% generic
/states/de/mega-millions,game_family,de,Delaware,Mega Millions,84,6,73.43,73.43,HIGH:6 | MEDIUM:0 | LOW:0,Tier 2,70.2,NO,READY,none_detected,20% exact | 40% partial | 20% branded | 10% URL | 10% generic
/states/de/powerball,game_family,de,Delaware,Powerball,84,6,73.43,73.43,HIGH:6 | MEDIUM:0 | LOW:0,Tier 2,70.2,NO,READY,none_detected,20% exact | 40% partial | 20% branded | 10% URL | 10% generic
/states/ia/mega-millions,game_family,ia,Iowa,Mega Millions,84,6,73.43,73.43,HIGH:6 | MEDIUM:0 | LOW:0,Tier 2,70.2,NO,READY,none_detected,20% exact | 40% partial | 20% branded | 10% URL | 10% generic
/states/ia/powerball,game_family,ia,Iowa,Powerball,84,6,73.43,73.43,HIGH:6 | MEDIUM:0 | LOW:0,Tier 2,70.2,NO,READY,none_detected,20% exact | 40% partial | 20% branded | 10% URL | 10% generic
/states/ia/powerball-double-play,game_family,ia,Iowa,Powerball Double Play,84,6,73.43,73.43,HIGH:6 | MEDIUM:0 | LOW:0,Tier 2,70.2,NO,READY,none_detected,20% exact | 40% partial | 20% branded | 10% URL | 10% generic
/states/id/mega-millions,game_family,id,Idaho,Mega Millions,84,6,73.43,73.43,HIGH:6 | MEDIUM:0 | LOW:0,Tier 2,70.2,NO,READY,none_detected,20% exact | 40% partial | 20% branded | 10% URL | 10% generic
/states/id/powerball,game_family,id,Idaho,Powerball,84,6,73.43,73.43,HIGH:6 | MEDIUM:0 | LOW:0,Tier 2,70.2,NO,READY,none_detected,20% exact | 40% partial | 20% branded | 10% URL | 10% generic
/states/id/powerball-double-play,game_family,id,Idaho,Powerball Double Play,84,6,73.43,73.43,HIGH:6 | MEDIUM:0 | LOW:0,Tier 2,70.2,NO,READY,none_detected,20% exact | 40% partial | 20% branded | 10% URL | 10% generic
/states/ks/mega-millions,game_family,ks,Kansas,Mega Millions,84,6,73.43,73.43,HIGH:6 | MEDIUM:0 | LOW:0,Tier 2,70.2,NO,READY,none_detected,20% exact | 40% partial | 20% branded | 10% URL | 10% generic
/states/ks/powerball,game_family,ks,Kansas,Powerball,84,6,73.43,73.43,HIGH:6 | MEDIUM:0 | LOW:0,Tier 2,70.2,NO,READY,none_detected,20% exact | 40% partial | 20% branded | 10% URL | 10% generic
/states/ks/powerball-double-play,game_family,ks,Kansas,Powerball Double Play,84,6,73.43,73.43,HIGH:6 | MEDIUM:0 | LOW:0,Tier 2,70.2,NO,READY,none_detected,20% exact | 40% partial | 20% branded | 10% URL | 10% generic
/states/ky/mega-millions,game_family,ky,Kentucky,Mega Millions,84,6,73.43,73.43,HIGH:6 | MEDIUM:0 | LOW:0,Tier 2,70.2,NO,READY,none_detected,20% exact | 40% partial | 20% branded | 10% URL | 10% generic
/states/ky/powerball,game_family,ky,Kentucky,Powerball,84,6,73.43,73.43,HIGH:6 | MEDIUM:0 | LOW:0,Tier 2,70.2,NO,READY,none_detected,20% exact | 40% partial | 20% branded | 10% URL | 10% generic
/states/ky/powerball-double-play,game_family,ky,Kentucky,Powerball Double Play,84,6,73.43,73.43,HIGH:6 | MEDIUM:0 | LOW:0,Tier 2,70.2,NO,READY,none_detected,20% exact | 40% partial | 20% branded | 10% URL | 10% generic
/states/la/mega-millions,game_family,la,Louisiana,Mega Millions,84,6,73.43,73.43,HIGH:6 | MEDIUM:0 | LOW:0,Tier 2,70.2,NO,READY,none_detected,20% exact | 40% partial | 20% branded | 10% URL | 10% generic
/states/la/powerball,game_family,la,Louisiana,Powerball,84,6,73.43,73.43,HIGH:6 | MEDIUM:0 | LOW:0,Tier 2,70.2,NO,READY,none_detected,20% exact | 40% partial | 20% branded | 10% URL | 10% generic
/states/md/pick-4,game_family,md,Maryland,Pick 4,84,6,73.43,73.43,HIGH:6 | MEDIUM:0 | LOW:0,Tier 2,70.2,NO,READY,none_detected,20% exact | 40% partial | 20% branded | 10% URL | 10% generic
/states/me/mega-millions,game_family,me,Maine,Mega Millions,84,6,73.43,73.43,HIGH:6 | MEDIUM:0 | LOW:0,Tier 2,70.2,NO,READY,none_detected,20% exact | 40% partial | 20% branded | 10% URL | 10% generic
/states/me/powerball,game_family,me,Maine,Powerball,84,6,73.43,73.43,HIGH:6 | MEDIUM:0 | LOW:0,Tier 2,70.2,NO,READY,none_detected,20% exact | 40% partial | 20% branded | 10% URL | 10% generic
/states/me/powerball-double-play,game_family,me,Maine,Powerball Double Play,84,6,73.43,73.43,HIGH:6 | MEDIUM:0 | LOW:0,Tier 2,70.2,NO,READY,none_detected,20% exact | 40% partial | 20% branded | 10% URL | 10% generic
/states/mi/keno,game_family,mi,Michigan,Keno,84,6,73.43,73.43,HIGH:6 | MEDIUM:0 | LOW:0,Tier 2,70.2,NO,READY,none_detected,20% exact | 40% partial | 20% branded | 10% URL | 10% generic
/states/mn/mega-millions,game_family,mn,Minnesota,Mega Millions,84,6,73.43,73.43,HIGH:6 | MEDIUM:0 | LOW:0,Tier 2,70.2,NO,READY,none_detected,20% exact | 40% partial | 20% branded | 10% URL | 10% generic
/states/mn/powerball,game_family,mn,Minnesota,Powerball,84,6,73.43,73.43,HIGH:6 | MEDIUM:0 | LOW:0,Tier 2,70.2,NO,READY,none_detected,20% exact | 40% partial | 20% branded | 10% URL | 10% generic
/states/mo/pick-3,game_family,mo,Missouri,Pick 3,84,6,73.43,73.43,HIGH:6 | MEDIUM:0 | LOW:0,Tier 2,70.2,NO,READY,none_detected,20% exact | 40% partial | 20% branded | 10% URL | 10% generic
/states/ms/mega-millions,game_family,ms,Mississippi,Mega Millions,84,6,73.43,73.43,HIGH:6 | MEDIUM:0 | LOW:0,Tier 2,70.2,NO,READY,none_detected,20% exact | 40% partial | 20% branded | 10% URL | 10% generic
/states/ms/powerball,game_family,ms,Mississippi,Powerball,84,6,73.43,73.43,HIGH:6 | MEDIUM:0 | LOW:0,Tier 2,70.2,NO,READY,none_detected,20% exact | 40% partial | 20% branded | 10% URL | 10% generic
/states/ms/powerball-double-play,game_family,ms,Mississippi,Powerball Double Play,84,6,73.43,73.43,HIGH:6 | MEDIUM:0 | LOW:0,Tier 2,70.2,NO,READY,none_detected,20% exact | 40% partial | 20% branded | 10% URL | 10% generic
/states/mt/mega-millions,game_family,mt,Montana,Mega Millions,84,6,73.43,73.43,HIGH:6 | MEDIUM:0 | LOW:0,Tier 2,70.2,NO,READY,none_detected,20% exact | 40% partial | 20% branded | 10% URL | 10% generic
/states/mt/powerball,game_family,mt,Montana,Powerball,84,6,73.43,73.43,HIGH:6 | MEDIUM:0 | LOW:0,Tier 2,70.2,NO,READY,none_detected,20% exact | 40% partial | 20% branded | 10% URL | 10% generic
/states/mt/powerball-double-play,game_family,mt,Montana,Powerball Double Play,84,6,73.43,73.43,HIGH:6 | MEDIUM:0 | LOW:0,Tier 2,70.2,NO,READY,none_detected,20% exact | 40% partial | 20% branded | 10% URL | 10% generic
/states/nd/mega-millions,game_family,nd,North Dakota,Mega Millions,84,6,73.43,73.43,HIGH:6 | MEDIUM:0 | LOW:0,Tier 2,70.2,NO,READY,none_detected,20% exact | 40% partial | 20% branded | 10% URL | 10% generic
/states/nd/powerball,game_family,nd,North Dakota,Powerball,84,6,73.43,73.43,HIGH:6 | MEDIUM:0 | LOW:0,Tier 2,70.2,NO,READY,none_detected,20% exact | 40% partial | 20% branded | 10% URL | 10% generic
/states/ne/mega-millions,game_family,ne,Nebraska,Mega Millions,84,6,73.43,73.43,HIGH:6 | MEDIUM:0 | LOW:0,Tier 2,70.2,NO,READY,none_detected,20% exact | 40% partial | 20% branded | 10% URL | 10% generic
/states/ne/powerball,game_family,ne,Nebraska,Powerball,84,6,73.43,73.43,HIGH:6 | MEDIUM:0 | LOW:0,Tier 2,70.2,NO,READY,none_detected,20% exact | 40% partial | 20% branded | 10% URL | 10% generic
/states/ne/powerball-double-play,game_family,ne,Nebraska,Powerball Double Play,84,6,73.43,73.43,HIGH:6 | MEDIUM:0 | LOW:0,Tier 2,70.2,NO,READY,none_detected,20% exact | 40% partial | 20% branded | 10% URL | 10% generic
/states/nh/mega-millions,game_family,nh,New Hampshire,Mega Millions,84,6,73.43,73.43,HIGH:6 | MEDIUM:0 | LOW:0,Tier 2,70.2,NO,READY,none_detected,20% exact | 40% partial | 20% branded | 10% URL | 10% generic
/states/nh/powerball,game_family,nh,New Hampshire,Powerball,84,6,73.43,73.43,HIGH:6 | MEDIUM:0 | LOW:0,Tier 2,70.2,NO,READY,none_detected,20% exact | 40% partial | 20% branded | 10% URL | 10% generic
/states/nm/mega-millions,game_family,nm,New Mexico,Mega Millions,84,6,73.43,73.43,HIGH:6 | MEDIUM:0 | LOW:0,Tier 2,70.2,NO,READY,none_detected,20% exact | 40% partial | 20% branded | 10% URL | 10% generic
/states/nm/powerball,game_family,nm,New Mexico,Powerball,84,6,73.43,73.43,HIGH:6 | MEDIUM:0 | LOW:0,Tier 2,70.2,NO,READY,none_detected,20% exact | 40% partial | 20% branded | 10% URL | 10% generic
/states/nm/powerball-double-play,game_family,nm,New Mexico,Powerball Double Play,84,6,73.43,73.43,HIGH:6 | MEDIUM:0 | LOW:0,Tier 2,70.2,NO,READY,none_detected,20% exact | 40% partial | 20% branded | 10% URL | 10% generic
/states/ok/mega-millions,game_family,ok,Oklahoma,Mega Millions,84,6,73.43,73.43,HIGH:6 | MEDIUM:0 | LOW:0,Tier 2,70.2,NO,READY,none_detected,20% exact | 40% partial | 20% branded | 10% URL | 10% generic
/states/ok/powerball,game_family,ok,Oklahoma,Powerball,84,6,73.43,73.43,HIGH:6 | MEDIUM:0 | LOW:0,Tier 2,70.2,NO,READY,none_detected,20% exact | 40% partial | 20% branded | 10% URL | 10% generic
/states/ok/powerball-double-play,game_family,ok,Oklahoma,Powerball Double Play,84,6,73.43,73.43,HIGH:6 | MEDIUM:0 | LOW:0,Tier 2,70.2,NO,READY,none_detected,20% exact | 40% partial | 20% branded | 10% URL | 10% generic
/states/or/mega-millions,game_family,or,Oregon,Mega Millions,84,6,73.43,73.43,HIGH:6 | MEDIUM:0 | LOW:0,Tier 2,70.2,NO,READY,none_detected,20% exact | 40% partial | 20% branded | 10% URL | 10% generic
/states/or/powerball,game_family,or,Oregon,Powerball,84,6,73.43,73.43,HIGH:6 | MEDIUM:0 | LOW:0,Tier 2,70.2,NO,READY,none_detected,20% exact | 40% partial | 20% branded | 10% URL | 10% generic
/states/ri/mega-millions,game_family,ri,Rhode Island,Mega Millions,84,6,73.43,73.43,HIGH:6 | MEDIUM:0 | LOW:0,Tier 2,70.2,NO,READY,none_detected,20% exact | 40% partial | 20% branded | 10% URL | 10% generic
/states/ri/powerball,game_family,ri,Rhode Island,Powerball,84,6,73.43,73.43,HIGH:6 | MEDIUM:0 | LOW:0,Tier 2,70.2,NO,READY,none_detected,20% exact | 40% partial | 20% branded | 10% URL | 10% generic
/states/sc/mega-millions,game_family,sc,South Carolina,Mega Millions,84,6,73.43,73.43,HIGH:6 | MEDIUM:0 | LOW:0,Tier 2,70.2,NO,READY,none_detected,20% exact | 40% partial | 20% branded | 10% URL | 10% generic
/states/sc/powerball,game_family,sc,South Carolina,Powerball,84,6,73.43,73.43,HIGH:6 | MEDIUM:0 | LOW:0,Tier 2,70.2,NO,READY,none_detected,20% exact | 40% partial | 20% branded | 10% URL | 10% generic
/states/sc/powerball-double-play,game_family,sc,South Carolina,Powerball Double Play,84,6,73.43,73.43,HIGH:6 | MEDIUM:0 | LOW:0,Tier 2,70.2,NO,READY,none_detected,20% exact | 40% partial | 20% branded | 10% URL | 10% generic
/states/sd/mega-millions,game_family,sd,South Dakota,Mega Millions,84,6,73.43,73.43,HIGH:6 | MEDIUM:0 | LOW:0,Tier 2,70.2,NO,READY,none_detected,20% exact | 40% partial | 20% branded | 10% URL | 10% generic
/states/sd/powerball,game_family,sd,South Dakota,Powerball,84,6,73.43,73.43,HIGH:6 | MEDIUM:0 | LOW:0,Tier 2,70.2,NO,READY,none_detected,20% exact | 40% partial | 20% branded | 10% URL | 10% generic
/states/sd/powerball-double-play,game_family,sd,South Dakota,Powerball Double Play,84,6,73.43,73.43,HIGH:6 | MEDIUM:0 | LOW:0,Tier 2,70.2,NO,READY,none_detected,20% exact | 40% partial | 20% branded | 10% URL | 10% generic
/states/tx/all-or-nothing,game_family,tx,Texas,All OR Nothing,84,6,73.43,73.43,HIGH:6 | MEDIUM:0 | LOW:0,Tier 2,70.2,NO,READY,none_detected,20% exact | 40% partial | 20% branded | 10% URL | 10% generic
/states/tx/daily-4,game_family,tx,Texas,Daily 4,84,6,73.43,73.43,HIGH:6 | MEDIUM:0 | LOW:0,Tier 2,70.2,NO,READY,none_detected,20% exact | 40% partial | 20% branded | 10% URL | 10% generic
/states/tx/texas-two-step,game_family,tx,Texas,Texas Two Step,84,6,73.43,73.43,HIGH:6 | MEDIUM:0 | LOW:0,Tier 2,70.2,NO,READY,none_detected,20% exact | 40% partial | 20% branded | 10% URL | 10% generic
/states/va/cash-5,game_family,va,Virginia,Cash 5,84,6,73.43,73.43,HIGH:6 | MEDIUM:0 | LOW:0,Tier 2,70.2,NO,READY,none_detected,20% exact | 40% partial | 20% branded | 10% URL | 10% generic
/states/va/pick-4,game_family,va,Virginia,Pick 4,84,6,73.43,73.43,HIGH:6 | MEDIUM:0 | LOW:0,Tier 2,70.2,NO,READY,none_detected,20% exact | 40% partial | 20% branded | 10% URL | 10% generic
/states/vt/mega-millions,game_family,vt,Vermont,Mega Millions,84,6,73.43,73.43,HIGH:6 | MEDIUM:0 | LOW:0,Tier 2,70.2,NO,READY,none_detected,20% exact | 40% partial | 20% branded | 10% URL | 10% generic
/states/vt/powerball,game_family,vt,Vermont,Powerball,84,6,73.43,73.43,HIGH:6 | MEDIUM:0 | LOW:0,Tier 2,70.2,NO,READY,none_detected,20% exact | 40% partial | 20% branded | 10% URL | 10% generic
/states/wa/lotto,game_family,wa,Washington,Lotto,84,6,73.43,73.43,HIGH:6 | MEDIUM:0 | LOW:0,Tier 2,70.2,NO,READY,none_detected,20% exact | 40% partial | 20% branded | 10% URL | 10% generic
/states/wi/mega-millions,game_family,wi,Wisconsin,Mega Millions,84,6,73.43,73.43,HIGH:6 | MEDIUM:0 | LOW:0,Tier 2,70.2,NO,READY,none_detected,20% exact | 40% partial | 20% branded | 10% URL | 10% generic
/states/wi/powerball,game_family,wi,Wisconsin,Powerball,84,6,73.43,73.43,HIGH:6 | MEDIUM:0 | LOW:0,Tier 2,70.2,NO,READY,none_detected,20% exact | 40% partial | 20% branded | 10% URL | 10% generic
/states/wv/mega-millions,game_family,wv,West Virginia,Mega Millions,84,6,73.43,73.43,HIGH:6 | MEDIUM:0 | LOW:0,Tier 2,70.2,NO,READY,none_detected,20% exact | 40% partial | 20% branded | 10% URL | 10% generic
/states/wv/powerball,game_family,wv,West Virginia,Powerball,84,6,73.43,73.43,HIGH:6 | MEDIUM:0 | LOW:0,Tier 2,70.2,NO,READY,none_detected,20% exact | 40% partial | 20% branded | 10% URL | 10% generic
/states/wy/mega-millions,game_family,wy,Wyoming,Mega Millions,84,6,73.43,73.43,HIGH:6 | MEDIUM:0 | LOW:0,Tier 2,70.2,NO,READY,none_detected,20% exact | 40% partial | 20% branded | 10% URL | 10% generic
/states/wy/powerball,game_family,wy,Wyoming,Powerball,84,6,73.43,73.43,HIGH:6 | MEDIUM:0 | LOW:0,Tier 2,70.2,NO,READY,none_detected,20% exact | 40% partial | 20% branded | 10% URL | 10% generic
/states/az,state,az,Arizona,,86,6,73.41,74.24,HIGH:5 | MEDIUM:1 | LOW:0,Tier 2,71.6,NO,READY,none_detected,20% exact | 40% partial | 20% branded | 10% URL | 10% generic
/states/ma,state,ma,Massachusetts,,86,6,73.25,74.24,HIGH:4 | MEDIUM:2 | LOW:0,Tier 2,71.6,NO,READY,none_detected,20% exact | 40% partial | 20% branded | 10% URL | 10% generic
/states/ca/mega-millions/stats,stats,ca,California,Mega Millions,78,4,73.1,73.1,HIGH:4 | MEDIUM:0 | LOW:0,Tier 2,60,YES,READY,title_length(MEDIUM),20% exact | 40% partial | 20% branded | 10% URL | 10% generic
/states/ca/powerball/stats,stats,ca,California,Powerball,78,4,73.1,73.1,HIGH:4 | MEDIUM:0 | LOW:0,Tier 2,60,YES,READY,title_length(MEDIUM),20% exact | 40% partial | 20% branded | 10% URL | 10% generic
/states/fl/pick-3/evening,session,fl,Florida,Pick 3,78,6,73.1,73.1,HIGH:6 | MEDIUM:0 | LOW:0,Tier 2,60,YES,READY,none_detected,20% exact | 40% partial | 20% branded | 10% URL | 10% generic
/states/fl/pick-3/midday,session,fl,Florida,Pick 3,78,6,73.1,73.1,HIGH:6 | MEDIUM:0 | LOW:0,Tier 2,60,YES,READY,none_detected,20% exact | 40% partial | 20% branded | 10% URL | 10% generic
/states/nj/mega-millions/historical,historical,nj,New Jersey,Mega Millions,78,4,73.1,73.1,HIGH:4 | MEDIUM:0 | LOW:0,Tier 2,60,YES,READY,none_detected,20% exact | 40% partial | 20% branded | 10% URL | 10% generic
/states/nj/powerball-double-play/historical,historical,nj,New Jersey,Powerball Double Play,78,4,73.1,73.1,HIGH:4 | MEDIUM:0 | LOW:0,Tier 2,60,YES,READY,none_detected,20% exact | 40% partial | 20% branded | 10% URL | 10% generic
/states/nj/powerball/historical,historical,nj,New Jersey,Powerball,78,4,73.1,73.1,HIGH:4 | MEDIUM:0 | LOW:0,Tier 2,60,YES,READY,none_detected,20% exact | 40% partial | 20% branded | 10% URL | 10% generic
/states/pa/mega-millions/historical,historical,pa,Pennsylvania,Mega Millions,78,4,73.1,73.1,HIGH:4 | MEDIUM:0 | LOW:0,Tier 2,60,YES,READY,none_detected,20% exact | 40% partial | 20% branded | 10% URL | 10% generic
/states/pa/powerball-double-play/historical,historical,pa,Pennsylvania,Powerball Double Play,78,4,73.1,73.1,HIGH:4 | MEDIUM:0 | LOW:0,Tier 2,60,YES,READY,none_detected,20% exact | 40% partial | 20% branded | 10% URL | 10% generic
/states/pa/powerball/historical,historical,pa,Pennsylvania,Powerball,78,4,73.1,73.1,HIGH:4 | MEDIUM:0 | LOW:0,Tier 2,60,YES,READY,none_detected,20% exact | 40% partial | 20% branded | 10% URL | 10% generic
/states/pr/powerball-double-play/historical,historical,pr,Puerto Rico,Powerball Double Play,78,4,73.1,73.1,HIGH:4 | MEDIUM:0 | LOW:0,Tier 2,60,YES,READY,none_detected,20% exact | 40% partial | 20% branded | 10% URL | 10% generic
/states/pr/powerball/historical,historical,pr,Puerto Rico,Powerball,78,4,73.1,73.1,HIGH:4 | MEDIUM:0 | LOW:0,Tier 2,60,YES,READY,none_detected,20% exact | 40% partial | 20% branded | 10% URL | 10% generic
/states/tx/mega-millions/stats,stats,tx,Texas,Mega Millions,78,4,73.1,73.1,HIGH:4 | MEDIUM:0 | LOW:0,Tier 2,60,YES,READY,none_detected,20% exact | 40% partial | 20% branded | 10% URL | 10% generic
/states/tx/powerball/stats,stats,tx,Texas,Powerball,78,4,73.1,73.1,HIGH:4 | MEDIUM:0 | LOW:0,Tier 2,60,YES,READY,none_detected,20% exact | 40% partial | 20% branded | 10% URL | 10% generic
/states/fl/cash-pop,game_family,fl,Florida,Cash Pop,83,6,73.02,73.02,HIGH:6 | MEDIUM:0 | LOW:0,Tier 2,69.5,NO,READY,none_detected,20% exact | 40% partial | 20% branded | 10% URL | 10% generic
/states/fl/fantasy-5,game_family,fl,Florida,Fantasy 5,83,6,73.02,73.02,HIGH:6 | MEDIUM:0 | LOW:0,Tier 2,69.5,NO,READY,none_detected,20% exact | 40% partial | 20% branded | 10% URL | 10% generic
/states/fl/pick-2,game_family,fl,Florida,Pick 2,83,6,73.02,73.02,HIGH:6 | MEDIUM:0 | LOW:0,Tier 2,69.5,NO,READY,none_detected,20% exact | 40% partial | 20% branded | 10% URL | 10% generic
/states/fl/pick-5,game_family,fl,Florida,Pick 5,83,6,73.02,73.02,HIGH:6 | MEDIUM:0 | LOW:0,Tier 2,69.5,NO,READY,none_detected,20% exact | 40% partial | 20% branded | 10% URL | 10% generic
/states/in/cash-5,game_family,in,Indiana,Cash 5,83,6,73.02,73.02,HIGH:6 | MEDIUM:0 | LOW:0,Tier 2,69.5,NO,READY,none_detected,20% exact | 40% partial | 20% branded | 10% URL | 10% generic
/states/in/hoosier-lotto,game_family,in,Indiana,Hoosier Lotto,83,6,73.02,73.02,HIGH:6 | MEDIUM:0 | LOW:0,Tier 2,69.5,NO,READY,none_detected,20% exact | 40% partial | 20% branded | 10% URL | 10% generic
/states/in/hoosier-lotto-plus,game_family,in,Indiana,Hoosier Lotto Plus,83,6,73.02,73.02,HIGH:6 | MEDIUM:0 | LOW:0,Tier 2,69.5,NO,READY,none_detected,20% exact | 40% partial | 20% branded | 10% URL | 10% generic
/states/mo/pick-4,game_family,mo,Missouri,Pick 4,83,6,73.02,73.02,HIGH:6 | MEDIUM:0 | LOW:0,Tier 2,69.5,NO,READY,none_detected,20% exact | 40% partial | 20% branded | 10% URL | 10% generic
/states/ny/millionaire-for-life,game_family,ny,New York,Millionaire For Life,83,6,73.02,73.02,HIGH:6 | MEDIUM:0 | LOW:0,Tier 2,69.5,NO,READY,none_detected,20% exact | 40% partial | 20% branded | 10% URL | 10% generic
/states/ny/numbers,game_family,ny,New York,Numbers,83,6,73.02,73.02,HIGH:6 | MEDIUM:0 | LOW:0,Tier 2,69.5,NO,READY,none_detected,20% exact | 40% partial | 20% branded | 10% URL | 10% generic
/states/ny/pick-10,game_family,ny,New York,Pick 10,83,6,73.02,73.02,HIGH:6 | MEDIUM:0 | LOW:0,Tier 2,69.5,NO,READY,none_detected,20% exact | 40% partial | 20% branded | 10% URL | 10% generic
/states/ny/take-5,game_family,ny,New York,Take 5,83,6,73.02,73.02,HIGH:6 | MEDIUM:0 | LOW:0,Tier 2,69.5,NO,READY,none_detected,20% exact | 40% partial | 20% branded | 10% URL | 10% generic
/states/ny/win-4,game_family,ny,New York,Win 4,83,6,73.02,73.02,HIGH:6 | MEDIUM:0 | LOW:0,Tier 2,69.5,NO,READY,none_detected,20% exact | 40% partial | 20% branded | 10% URL | 10% generic
/states/tn/lotto-america,game_family,tn,Tennessee,Lotto America,83,6,73.02,73.02,HIGH:6 | MEDIUM:0 | LOW:0,Tier 2,69.5,NO,READY,none_detected,20% exact | 40% partial | 20% branded | 10% URL | 10% generic
/states/wa/daily-keno,game_family,wa,Washington,Daily Keno,83,6,73.02,73.02,HIGH:6 | MEDIUM:0 | LOW:0,Tier 2,69.5,NO,READY,none_detected,20% exact | 40% partial | 20% branded | 10% URL | 10% generic
/states/fl/mega-millions/stats,stats,fl,Florida,Mega Millions,77,4,72.69,72.69,HIGH:0 | MEDIUM:4 | LOW:0,Tier 2,59.3,YES,READY,none_detected,20% exact | 40% partial | 20% branded | 10% URL | 10% generic
/states/fl/pick-4/evening,session,fl,Florida,Pick 4,77,6,72.69,72.69,HIGH:0 | MEDIUM:6 | LOW:0,Tier 2,59.3,YES,READY,none_detected,20% exact | 40% partial | 20% branded | 10% URL | 10% generic
/states/fl/pick-4/midday,session,fl,Florida,Pick 4,77,6,72.69,72.69,HIGH:0 | MEDIUM:6 | LOW:0,Tier 2,59.3,YES,READY,none_detected,20% exact | 40% partial | 20% branded | 10% URL | 10% generic
/states/fl/powerball-double-play/stats,stats,fl,Florida,Powerball Double Play,77,4,72.69,72.69,HIGH:0 | MEDIUM:4 | LOW:0,Tier 2,59.3,YES,READY,none_detected,20% exact | 40% partial | 20% branded | 10% URL | 10% generic
/states/fl/powerball/stats,stats,fl,Florida,Powerball,77,4,72.69,72.69,HIGH:0 | MEDIUM:4 | LOW:0,Tier 2,59.3,YES,READY,none_detected,20% exact | 40% partial | 20% branded | 10% URL | 10% generic
/states/ga/mega-millions/historical,historical,ga,Georgia,Mega Millions,77,4,72.69,72.69,HIGH:0 | MEDIUM:4 | LOW:0,Tier 2,59.3,YES,READY,none_detected,20% exact | 40% partial | 20% branded | 10% URL | 10% generic
/states/ga/powerball/historical,historical,ga,Georgia,Powerball,77,4,72.69,72.69,HIGH:0 | MEDIUM:4 | LOW:0,Tier 2,59.3,YES,READY,none_detected,20% exact | 40% partial | 20% branded | 10% URL | 10% generic
/states/il/mega-millions/historical,historical,il,Illinois,Mega Millions,77,4,72.69,72.69,HIGH:0 | MEDIUM:4 | LOW:0,Tier 2,59.3,YES,READY,none_detected,20% exact | 40% partial | 20% branded | 10% URL | 10% generic
/states/il/powerball/historical,historical,il,Illinois,Powerball,77,4,72.69,72.69,HIGH:0 | MEDIUM:4 | LOW:0,Tier 2,59.3,YES,READY,none_detected,20% exact | 40% partial | 20% branded | 10% URL | 10% generic
/states/mi/mega-millions/historical,historical,mi,Michigan,Mega Millions,77,4,72.69,72.69,HIGH:0 | MEDIUM:4 | LOW:0,Tier 2,59.3,YES,READY,none_detected,20% exact | 40% partial | 20% branded | 10% URL | 10% generic
/states/mi/powerball-double-play/historical,historical,mi,Michigan,Powerball Double Play,77,4,72.69,72.69,HIGH:0 | MEDIUM:4 | LOW:0,Tier 2,59.3,YES,READY,none_detected,20% exact | 40% partial | 20% branded | 10% URL | 10% generic
/states/mi/powerball/historical,historical,mi,Michigan,Powerball,77,4,72.69,72.69,HIGH:0 | MEDIUM:4 | LOW:0,Tier 2,59.3,YES,READY,none_detected,20% exact | 40% partial | 20% branded | 10% URL | 10% generic
/states/nc/mega-millions/historical,historical,nc,North Carolina,Mega Millions,77,4,72.69,72.69,HIGH:0 | MEDIUM:4 | LOW:0,Tier 2,59.3,YES,READY,none_detected,20% exact | 40% partial | 20% branded | 10% URL | 10% generic
/states/nc/powerball-double-play/historical,historical,nc,North Carolina,Powerball Double Play,77,4,72.69,72.69,HIGH:0 | MEDIUM:4 | LOW:0,Tier 2,59.3,YES,READY,none_detected,20% exact | 40% partial | 20% branded | 10% URL | 10% generic
/states/nc/powerball/historical,historical,nc,North Carolina,Powerball,77,4,72.69,72.69,HIGH:0 | MEDIUM:4 | LOW:0,Tier 2,59.3,YES,READY,none_detected,20% exact | 40% partial | 20% branded | 10% URL | 10% generic
/states/nj/pick-3/evening,session,nj,New Jersey,Pick 3,77,6,72.69,72.69,HIGH:0 | MEDIUM:6 | LOW:0,Tier 2,59.3,YES,READY,none_detected,20% exact | 40% partial | 20% branded | 10% URL | 10% generic
/states/nj/pick-3/midday,session,nj,New Jersey,Pick 3,77,6,72.69,72.69,HIGH:0 | MEDIUM:6 | LOW:0,Tier 2,59.3,YES,READY,none_detected,20% exact | 40% partial | 20% branded | 10% URL | 10% generic
/states/ny/mega-millions/stats,stats,ny,New York,Mega Millions,77,4,72.69,72.69,HIGH:0 | MEDIUM:4 | LOW:0,Tier 2,59.3,YES,READY,none_detected,20% exact | 40% partial | 20% branded | 10% URL | 10% generic
/states/ny/powerball/stats,stats,ny,New York,Powerball,77,4,72.69,72.69,HIGH:0 | MEDIUM:4 | LOW:0,Tier 2,59.3,YES,READY,none_detected,20% exact | 40% partial | 20% branded | 10% URL | 10% generic
/states/oh/mega-millions/historical,historical,oh,Ohio,Mega Millions,77,4,72.69,72.69,HIGH:0 | MEDIUM:4 | LOW:0,Tier 2,59.3,YES,READY,none_detected,20% exact | 40% partial | 20% branded | 10% URL | 10% generic
/states/oh/powerball/historical,historical,oh,Ohio,Powerball,77,4,72.69,72.69,HIGH:0 | MEDIUM:4 | LOW:0,Tier 2,59.3,YES,READY,none_detected,20% exact | 40% partial | 20% branded | 10% URL | 10% generic
/states/pa/pick-3/day,session,pa,Pennsylvania,Pick 3,77,6,72.69,72.69,HIGH:0 | MEDIUM:6 | LOW:0,Tier 2,59.3,YES,READY,none_detected,20% exact | 40% partial | 20% branded | 10% URL | 10% generic
/states/pa/pick-3/evening,session,pa,Pennsylvania,Pick 3,77,6,72.69,72.69,HIGH:0 | MEDIUM:6 | LOW:0,Tier 2,59.3,YES,READY,none_detected,20% exact | 40% partial | 20% branded | 10% URL | 10% generic
/states/tx/pick-3/historical,historical,tx,Texas,Pick 3,77,4,72.69,72.69,HIGH:0 | MEDIUM:4 | LOW:0,Tier 2,59.3,YES,READY,none_detected,20% exact | 40% partial | 20% branded | 10% URL | 10% generic
/states/co,state,co,Colorado,,82,6,72.62,72.62,HIGH:0 | MEDIUM:6 | LOW:0,Tier 2,68.8,NO,READY,none_detected,20% exact | 40% partial | 20% branded | 10% URL | 10% generic
/states/dc,state,dc,"Washington, D.C.",,82,6,72.62,72.62,HIGH:0 | MEDIUM:6 | LOW:0,Tier 2,68.8,NO,READY,none_detected,20% exact | 40% partial | 20% branded | 10% URL | 10% generic
/states/ia,state,ia,Iowa,,82,6,72.62,72.62,HIGH:0 | MEDIUM:6 | LOW:0,Tier 2,68.8,NO,READY,none_detected,20% exact | 40% partial | 20% branded | 10% URL | 10% generic
/states/ks,state,ks,Kansas,,82,6,72.62,72.62,HIGH:0 | MEDIUM:6 | LOW:0,Tier 2,68.8,NO,READY,none_detected,20% exact | 40% partial | 20% branded | 10% URL | 10% generic
/states/ky,state,ky,Kentucky,,82,6,72.62,72.62,HIGH:0 | MEDIUM:6 | LOW:0,Tier 2,68.8,NO,READY,none_detected,20% exact | 40% partial | 20% branded | 10% URL | 10% generic
/states/la,state,la,Louisiana,,82,6,72.62,72.62,HIGH:0 | MEDIUM:6 | LOW:0,Tier 2,68.8,NO,READY,none_detected,20% exact | 40% partial | 20% branded | 10% URL | 10% generic
/states/mn,state,mn,Minnesota,,82,6,72.62,72.62,HIGH:0 | MEDIUM:6 | LOW:0,Tier 2,68.8,NO,READY,none_detected,20% exact | 40% partial | 20% branded | 10% URL | 10% generic
/states/ms,state,ms,Mississippi,,82,6,72.62,72.62,HIGH:0 | MEDIUM:6 | LOW:0,Tier 2,68.8,NO,READY,none_detected,20% exact | 40% partial | 20% branded | 10% URL | 10% generic
/states/mt,state,mt,Montana,,82,6,72.62,72.62,HIGH:0 | MEDIUM:6 | LOW:0,Tier 2,68.8,NO,READY,none_detected,20% exact | 40% partial | 20% branded | 10% URL | 10% generic
/states/nd,state,nd,North Dakota,,82,6,72.62,72.62,HIGH:0 | MEDIUM:6 | LOW:0,Tier 2,68.8,NO,READY,none_detected,20% exact | 40% partial | 20% branded | 10% URL | 10% generic
/states/ne,state,ne,Nebraska,,82,6,72.62,72.62,HIGH:0 | MEDIUM:6 | LOW:0,Tier 2,68.8,NO,READY,none_detected,20% exact | 40% partial | 20% branded | 10% URL | 10% generic
/states/nh,state,nh,New Hampshire,,82,6,72.62,72.62,HIGH:0 | MEDIUM:6 | LOW:0,Tier 2,68.8,NO,READY,none_detected,20% exact | 40% partial | 20% branded | 10% URL | 10% generic
/states/nj/millionaire-for-life,game_family,nj,New Jersey,Millionaire For Life,82,6,72.62,72.62,HIGH:0 | MEDIUM:6 | LOW:0,Tier 2,68.8,NO,READY,none_detected,20% exact | 40% partial | 20% branded | 10% URL | 10% generic
/states/nj/pick-6,game_family,nj,New Jersey,Pick 6,82,6,72.62,72.62,HIGH:0 | MEDIUM:6 | LOW:0,Tier 2,68.8,NO,READY,none_detected,20% exact | 40% partial | 20% branded | 10% URL | 10% generic
/states/nm,state,nm,New Mexico,,82,6,72.62,72.62,HIGH:0 | MEDIUM:6 | LOW:0,Tier 2,68.8,NO,READY,none_detected,20% exact | 40% partial | 20% branded | 10% URL | 10% generic
/states/ok,state,ok,Oklahoma,,82,6,72.62,72.62,HIGH:0 | MEDIUM:6 | LOW:0,Tier 2,68.8,NO,READY,none_detected,20% exact | 40% partial | 20% branded | 10% URL | 10% generic
/states/or,state,or,Oregon,,82,6,72.62,72.62,HIGH:0 | MEDIUM:6 | LOW:0,Tier 2,68.8,NO,READY,none_detected,20% exact | 40% partial | 20% branded | 10% URL | 10% generic
/states/pa/cash-pop,game_family,pa,Pennsylvania,Cash Pop,82,6,72.62,72.62,HIGH:0 | MEDIUM:6 | LOW:0,Tier 2,68.8,NO,READY,none_detected,20% exact | 40% partial | 20% branded | 10% URL | 10% generic
/states/pa/match-6,game_family,pa,Pennsylvania,Match 6,82,6,72.62,72.62,HIGH:0 | MEDIUM:6 | LOW:0,Tier 2,68.8,NO,READY,none_detected,20% exact | 40% partial | 20% branded | 10% URL | 10% generic
/states/pa/millionaire-for-life,game_family,pa,Pennsylvania,Millionaire For Life,82,6,72.62,72.62,HIGH:0 | MEDIUM:6 | LOW:0,Tier 2,68.8,NO,READY,none_detected,20% exact | 40% partial | 20% branded | 10% URL | 10% generic
/states/pa/pick-2,game_family,pa,Pennsylvania,Pick 2,82,6,72.62,72.62,HIGH:0 | MEDIUM:6 | LOW:0,Tier 2,68.8,NO,READY,none_detected,20% exact | 40% partial | 20% branded | 10% URL | 10% generic
/states/pa/pick-5,game_family,pa,Pennsylvania,Pick 5,82,6,72.62,72.62,HIGH:0 | MEDIUM:6 | LOW:0,Tier 2,68.8,NO,READY,none_detected,20% exact | 40% partial | 20% branded | 10% URL | 10% generic
/states/pa/treasure-hunt,game_family,pa,Pennsylvania,Treasure Hunt,82,6,72.62,72.62,HIGH:0 | MEDIUM:6 | LOW:0,Tier 2,68.8,NO,READY,none_detected,20% exact | 40% partial | 20% branded | 10% URL | 10% generic
/states/pr/loteria-tradicional,game_family,pr,Puerto Rico,Loteria Tradicional,82,6,72.62,72.62,HIGH:0 | MEDIUM:6 | LOW:0,Tier 2,68.8,NO,READY,none_detected,20% exact | 40% partial | 20% branded | 10% URL | 10% generic
/states/pr/loto-cash,game_family,pr,Puerto Rico,Loto Cash,82,6,72.62,72.62,HIGH:0 | MEDIUM:6 | LOW:0,Tier 2,68.8,NO,READY,none_detected,20% exact | 40% partial | 20% branded | 10% URL | 10% generic
/states/pr/pega-2,game_family,pr,Puerto Rico,Pega 2,82,6,72.62,72.62,HIGH:0 | MEDIUM:6 | LOW:0,Tier 2,68.8,NO,READY,none_detected,20% exact | 40% partial | 20% branded | 10% URL | 10% generic
/states/pr/pega-3,game_family,pr,Puerto Rico,Pega 3,82,6,72.62,72.62,HIGH:0 | MEDIUM:6 | LOW:0,Tier 2,68.8,NO,READY,none_detected,20% exact | 40% partial | 20% branded | 10% URL | 10% generic
/states/pr/pega-4,game_family,pr,Puerto Rico,Pega 4,82,6,72.62,72.62,HIGH:0 | MEDIUM:6 | LOW:0,Tier 2,68.8,NO,READY,none_detected,20% exact | 40% partial | 20% branded | 10% URL | 10% generic
/states/pr/revancha,game_family,pr,Puerto Rico,Revancha,82,6,72.62,72.62,HIGH:0 | MEDIUM:6 | LOW:0,Tier 2,68.8,NO,READY,none_detected,20% exact | 40% partial | 20% branded | 10% URL | 10% generic
/states/ri,state,ri,Rhode Island,,82,6,72.62,72.62,HIGH:0 | MEDIUM:6 | LOW:0,Tier 2,68.8,NO,READY,none_detected,20% exact | 40% partial | 20% branded | 10% URL | 10% generic
/states/sc,state,sc,South Carolina,,82,6,72.62,72.62,HIGH:0 | MEDIUM:6 | LOW:0,Tier 2,68.8,NO,READY,none_detected,20% exact | 40% partial | 20% branded | 10% URL | 10% generic
/states/sd,state,sd,South Dakota,,82,6,72.62,72.62,HIGH:0 | MEDIUM:6 | LOW:0,Tier 2,68.8,NO,READY,none_detected,20% exact | 40% partial | 20% branded | 10% URL | 10% generic
/states/tn/daily-tennessee-jackpot,game_family,tn,Tennessee,Daily Tennessee Jackpot,82,6,72.62,72.62,HIGH:0 | MEDIUM:6 | LOW:0,Tier 2,68.8,NO,READY,none_detected,20% exact | 40% partial | 20% branded | 10% URL | 10% generic
/states/vt,state,vt,Vermont,,82,6,72.62,72.62,HIGH:0 | MEDIUM:6 | LOW:0,Tier 2,68.8,NO,READY,none_detected,20% exact | 40% partial | 20% branded | 10% URL | 10% generic
/states/wi,state,wi,Wisconsin,,82,6,72.62,72.62,HIGH:0 | MEDIUM:6 | LOW:0,Tier 2,68.8,NO,READY,none_detected,20% exact | 40% partial | 20% branded | 10% URL | 10% generic
/states/wv,state,wv,West Virginia,,82,6,72.62,72.62,HIGH:0 | MEDIUM:6 | LOW:0,Tier 2,68.8,NO,READY,none_detected,20% exact | 40% partial | 20% branded | 10% URL | 10% generic
/states/wy,state,wy,Wyoming,,82,6,72.62,72.62,HIGH:0 | MEDIUM:6 | LOW:0,Tier 2,68.8,NO,READY,none_detected,20% exact | 40% partial | 20% branded | 10% URL | 10% generic
/states/ct/powerball,game_family,ct,Connecticut,Powerball,84,6,72.55,73.43,HIGH:5 | MEDIUM:1 | LOW:0,Tier 2,70.2,NO,READY,none_detected,20% exact | 40% partial | 20% branded | 10% URL | 10% generic
/states/az/mega-millions/historical,historical,az,Arizona,Mega Millions,76,4,72.29,72.29,HIGH:0 | MEDIUM:4 | LOW:0,Tier 2,58.6,YES,READY,none_detected,20% exact | 40% partial | 20% branded | 10% URL | 10% generic
/states/az/powerball/historical,historical,az,Arizona,Powerball,76,4,72.29,72.29,HIGH:0 | MEDIUM:4 | LOW:0,Tier 2,58.6,YES,READY,none_detected,20% exact | 40% partial | 20% branded | 10% URL | 10% generic
/states/ca/superlotto-plus/historical,historical,ca,California,Superlotto Plus,76,4,72.29,72.29,HIGH:0 | MEDIUM:4 | LOW:0,Tier 2,58.6,YES,READY,none_detected,20% exact | 40% partial | 20% branded | 10% URL | 10% generic
/states/fl/pick-3/historical,historical,fl,Florida,Pick 3,76,4,72.29,72.29,HIGH:0 | MEDIUM:4 | LOW:0,Tier 2,58.6,YES,READY,none_detected,20% exact | 40% partial | 20% branded | 10% URL | 10% generic
/states/il/pick-3/evening,session,il,Illinois,Pick 3,76,6,72.29,72.29,HIGH:0 | MEDIUM:6 | LOW:0,Tier 2,58.6,YES,READY,none_detected,20% exact | 40% partial | 20% branded | 10% URL | 10% generic
/states/il/pick-3/midday,session,il,Illinois,Pick 3,76,6,72.29,72.29,HIGH:0 | MEDIUM:6 | LOW:0,Tier 2,58.6,YES,READY,none_detected,20% exact | 40% partial | 20% branded | 10% URL | 10% generic
/states/ma/mega-millions/historical,historical,ma,Massachusetts,Mega Millions,76,4,72.29,72.29,HIGH:0 | MEDIUM:4 | LOW:0,Tier 2,58.6,YES,READY,none_detected,20% exact | 40% partial | 20% branded | 10% URL | 10% generic
/states/ma/powerball/historical,historical,ma,Massachusetts,Powerball,76,4,72.29,72.29,HIGH:0 | MEDIUM:4 | LOW:0,Tier 2,58.6,YES,READY,none_detected,20% exact | 40% partial | 20% branded | 10% URL | 10% generic
/states/md/mega-millions/historical,historical,md,Maryland,Mega Millions,76,4,72.29,72.29,HIGH:0 | MEDIUM:4 | LOW:0,Tier 2,58.6,YES,READY,none_detected,20% exact | 40% partial | 20% branded | 10% URL | 10% generic
/states/md/powerball-double-play/historical,historical,md,Maryland,Powerball Double Play,76,4,72.29,72.29,HIGH:0 | MEDIUM:4 | LOW:0,Tier 2,58.6,YES,READY,none_detected,20% exact | 40% partial | 20% branded | 10% URL | 10% generic
/states/md/powerball/historical,historical,md,Maryland,Powerball,76,4,72.29,72.29,HIGH:0 | MEDIUM:4 | LOW:0,Tier 2,58.6,YES,READY,none_detected,20% exact | 40% partial | 20% branded | 10% URL | 10% generic
/states/nc/pick-3/daytime,session,nc,North Carolina,Pick 3,76,6,72.29,72.29,HIGH:0 | MEDIUM:6 | LOW:0,Tier 2,58.6,YES,READY,none_detected,20% exact | 40% partial | 20% branded | 10% URL | 10% generic
/states/nc/pick-3/evening,session,nc,North Carolina,Pick 3,76,6,72.29,72.29,HIGH:0 | MEDIUM:6 | LOW:0,Tier 2,58.6,YES,READY,none_detected,20% exact | 40% partial | 20% branded | 10% URL | 10% generic
/states/nj/mega-millions/stats,stats,nj,New Jersey,Mega Millions,76,4,72.29,72.29,HIGH:0 | MEDIUM:4 | LOW:0,Tier 2,58.6,YES,READY,none_detected,20% exact | 40% partial | 20% branded | 10% URL | 10% generic
/states/nj/pick-4/evening,session,nj,New Jersey,Pick 4,76,6,72.29,72.29,HIGH:0 | MEDIUM:6 | LOW:0,Tier 2,58.6,YES,READY,none_detected,20% exact | 40% partial | 20% branded | 10% URL | 10% generic
/states/nj/pick-4/midday,session,nj,New Jersey,Pick 4,76,6,72.29,72.29,HIGH:0 | MEDIUM:6 | LOW:0,Tier 2,58.6,YES,READY,none_detected,20% exact | 40% partial | 20% branded | 10% URL | 10% generic
/states/nj/powerball-double-play/stats,stats,nj,New Jersey,Powerball Double Play,76,4,72.29,72.29,HIGH:0 | MEDIUM:4 | LOW:0,Tier 2,58.6,YES,READY,none_detected,20% exact | 40% partial | 20% branded | 10% URL | 10% generic
/states/nj/powerball/stats,stats,nj,New Jersey,Powerball,76,4,72.29,72.29,HIGH:0 | MEDIUM:4 | LOW:0,Tier 2,58.6,YES,READY,none_detected,20% exact | 40% partial | 20% branded | 10% URL | 10% generic
/states/oh/pick-3/evening,session,oh,Ohio,Pick 3,76,6,72.29,72.29,HIGH:0 | MEDIUM:6 | LOW:0,Tier 2,58.6,YES,READY,none_detected,20% exact | 40% partial | 20% branded | 10% URL | 10% generic
/states/oh/pick-3/midday,session,oh,Ohio,Pick 3,76,6,72.29,72.29,HIGH:0 | MEDIUM:6 | LOW:0,Tier 2,58.6,YES,READY,none_detected,20% exact | 40% partial | 20% branded | 10% URL | 10% generic
/states/pa/mega-millions/stats,stats,pa,Pennsylvania,Mega Millions,76,4,72.29,72.29,HIGH:0 | MEDIUM:4 | LOW:0,Tier 2,58.6,YES,READY,none_detected,20% exact | 40% partial | 20% branded | 10% URL | 10% generic
/states/pa/pick-4/day,session,pa,Pennsylvania,Pick 4,76,6,72.29,72.29,HIGH:0 | MEDIUM:6 | LOW:0,Tier 2,58.6,YES,READY,none_detected,20% exact | 40% partial | 20% branded | 10% URL | 10% generic
/states/pa/pick-4/evening,session,pa,Pennsylvania,Pick 4,76,6,72.29,72.29,HIGH:0 | MEDIUM:6 | LOW:0,Tier 2,58.6,YES,READY,none_detected,20% exact | 40% partial | 20% branded | 10% URL | 10% generic
/states/pa/powerball-double-play/stats,stats,pa,Pennsylvania,Powerball Double Play,76,4,72.29,72.29,HIGH:0 | MEDIUM:4 | LOW:0,Tier 2,58.6,YES,READY,none_detected,20% exact | 40% partial | 20% branded | 10% URL | 10% generic
/states/pa/powerball/stats,stats,pa,Pennsylvania,Powerball,76,4,72.29,72.29,HIGH:0 | MEDIUM:4 | LOW:0,Tier 2,58.6,YES,READY,none_detected,20% exact | 40% partial | 20% branded | 10% URL | 10% generic
/states/pr/powerball-double-play/stats,stats,pr,Puerto Rico,Powerball Double Play,76,4,72.29,72.29,HIGH:0 | MEDIUM:4 | LOW:0,Tier 2,58.6,YES,READY,none_detected,20% exact | 40% partial | 20% branded | 10% URL | 10% generic
/states/pr/powerball/stats,stats,pr,Puerto Rico,Powerball,76,4,72.29,72.29,HIGH:0 | MEDIUM:4 | LOW:0,Tier 2,58.6,YES,READY,none_detected,20% exact | 40% partial | 20% branded | 10% URL | 10% generic
/states/tx/cash-5/historical,historical,tx,Texas,Cash 5,76,4,72.29,72.29,HIGH:0 | MEDIUM:4 | LOW:0,Tier 2,58.6,YES,READY,none_detected,20% exact | 40% partial | 20% branded | 10% URL | 10% generic
/states/tx/lotto-texas/historical,historical,tx,Texas,Lotto Texas,76,4,72.29,72.29,HIGH:0 | MEDIUM:4 | LOW:0,Tier 2,58.6,YES,READY,none_detected,20% exact | 40% partial | 20% branded | 10% URL | 10% generic
/states/va/mega-millions/historical,historical,va,Virginia,Mega Millions,76,4,72.29,72.29,HIGH:0 | MEDIUM:4 | LOW:0,Tier 2,58.6,YES,READY,none_detected,20% exact | 40% partial | 20% branded | 10% URL | 10% generic
/states/va/powerball/historical,historical,va,Virginia,Powerball,76,4,72.29,72.29,HIGH:0 | MEDIUM:4 | LOW:0,Tier 2,58.6,YES,READY,none_detected,20% exact | 40% partial | 20% branded | 10% URL | 10% generic
/states/wa/mega-millions/historical,historical,wa,Washington,Mega Millions,76,4,72.29,72.29,HIGH:0 | MEDIUM:4 | LOW:0,Tier 2,58.6,YES,READY,none_detected,20% exact | 40% partial | 20% branded | 10% URL | 10% generic
/states/wa/powerball-double-play/historical,historical,wa,Washington,Powerball Double Play,76,4,72.29,72.29,HIGH:0 | MEDIUM:4 | LOW:0,Tier 2,58.6,YES,READY,none_detected,20% exact | 40% partial | 20% branded | 10% URL | 10% generic
/states/wa/powerball/historical,historical,wa,Washington,Powerball,76,4,72.29,72.29,HIGH:0 | MEDIUM:4 | LOW:0,Tier 2,58.6,YES,READY,none_detected,20% exact | 40% partial | 20% branded | 10% URL | 10% generic
/states/co/pick-3,game_family,co,Colorado,Pick 3,81,6,72.22,72.22,HIGH:0 | MEDIUM:6 | LOW:0,Tier 2,68.1,NO,READY,none_detected,20% exact | 40% partial | 20% branded | 10% URL | 10% generic
/states/ga/cash-3,game_family,ga,Georgia,Cash 3,81,6,72.22,72.22,HIGH:0 | MEDIUM:6 | LOW:0,Tier 2,68.1,NO,READY,none_detected,20% exact | 40% partial | 20% branded | 10% URL | 10% generic
/states/ga/cash-4,game_family,ga,Georgia,Cash 4,81,6,72.22,72.22,HIGH:0 | MEDIUM:6 | LOW:0,Tier 2,68.1,NO,READY,none_detected,20% exact | 40% partial | 20% branded | 10% URL | 10% generic
/states/ga/cash-pop,game_family,ga,Georgia,Cash Pop,81,6,72.22,72.22,HIGH:0 | MEDIUM:6 | LOW:0,Tier 2,68.1,NO,READY,none_detected,20% exact | 40% partial | 20% branded | 10% URL | 10% generic
/states/ga/fantasy-5,game_family,ga,Georgia,Fantasy 5,81,6,72.22,72.22,HIGH:0 | MEDIUM:6 | LOW:0,Tier 2,68.1,NO,READY,none_detected,20% exact | 40% partial | 20% branded | 10% URL | 10% generic
/states/ga/georgia-five,game_family,ga,Georgia,Georgia Five,81,6,72.22,72.22,HIGH:0 | MEDIUM:6 | LOW:0,Tier 2,68.1,NO,READY,none_detected,20% exact | 40% partial | 20% branded | 10% URL | 10% generic
/states/ga/millionaire-for-life,game_family,ga,Georgia,Millionaire For Life,81,6,72.22,72.22,HIGH:0 | MEDIUM:6 | LOW:0,Tier 2,68.1,NO,READY,none_detected,20% exact | 40% partial | 20% branded | 10% URL | 10% generic
/states/ia/pick-3,game_family,ia,Iowa,Pick 3,81,6,72.22,72.22,HIGH:0 | MEDIUM:6 | LOW:0,Tier 2,68.1,NO,READY,none_detected,20% exact | 40% partial | 20% branded | 10% URL | 10% generic
/states/id/pick-3,game_family,id,Idaho,Pick 3,81,6,72.22,72.22,HIGH:0 | MEDIUM:6 | LOW:0,Tier 2,68.1,NO,READY,none_detected,20% exact | 40% partial | 20% branded | 10% URL | 10% generic
/states/ks/pick-3,game_family,ks,Kansas,Pick 3,81,6,72.22,72.22,HIGH:0 | MEDIUM:6 | LOW:0,Tier 2,68.1,NO,READY,none_detected,20% exact | 40% partial | 20% branded | 10% URL | 10% generic
/states/ky/pick-3,game_family,ky,Kentucky,Pick 3,81,6,72.22,72.22,HIGH:0 | MEDIUM:6 | LOW:0,Tier 2,68.1,NO,READY,none_detected,20% exact | 40% partial | 20% branded | 10% URL | 10% generic
/states/la/pick-3,game_family,la,Louisiana,Pick 3,81,6,72.22,72.22,HIGH:0 | MEDIUM:6 | LOW:0,Tier 2,68.1,NO,READY,none_detected,20% exact | 40% partial | 20% branded | 10% URL | 10% generic
/states/me/pick-3,game_family,me,Maine,Pick 3,81,6,72.22,72.22,HIGH:0 | MEDIUM:6 | LOW:0,Tier 2,68.1,NO,READY,none_detected,20% exact | 40% partial | 20% branded | 10% URL | 10% generic
/states/mi/daily-3,game_family,mi,Michigan,Daily 3,81,6,72.22,72.22,HIGH:0 | MEDIUM:6 | LOW:0,Tier 2,68.1,NO,READY,none_detected,20% exact | 40% partial | 20% branded | 10% URL | 10% generic
/states/mi/daily-4,game_family,mi,Michigan,Daily 4,81,6,72.22,72.22,HIGH:0 | MEDIUM:6 | LOW:0,Tier 2,68.1,NO,READY,none_detected,20% exact | 40% partial | 20% branded | 10% URL | 10% generic
/states/mi/fantasy-5,game_family,mi,Michigan,Fantasy 5,81,6,72.22,72.22,HIGH:0 | MEDIUM:6 | LOW:0,Tier 2,68.1,NO,READY,none_detected,20% exact | 40% partial | 20% branded | 10% URL | 10% generic
/states/mi/millionaire-for-life,game_family,mi,Michigan,Millionaire For Life,81,6,72.22,72.22,HIGH:0 | MEDIUM:6 | LOW:0,Tier 2,68.1,NO,READY,none_detected,20% exact | 40% partial | 20% branded | 10% URL | 10% generic
/states/mn/pick-3,game_family,mn,Minnesota,Pick 3,81,6,72.22,72.22,HIGH:0 | MEDIUM:6 | LOW:0,Tier 2,68.1,NO,READY,none_detected,20% exact | 40% partial | 20% branded | 10% URL | 10% generic
/states/nc/cash-pop,game_family,nc,North Carolina,Cash Pop,81,6,72.22,72.22,HIGH:0 | MEDIUM:6 | LOW:0,Tier 2,68.1,NO,READY,none_detected,20% exact | 40% partial | 20% branded | 10% URL | 10% generic
/states/nc/cash-pop-clock-out-cash,game_family,nc,North Carolina,Cash Pop Clock Out Cash,81,6,72.22,72.22,HIGH:0 | MEDIUM:6 | LOW:0,Tier 2,68.1,NO,READY,none_detected,20% exact | 40% partial | 20% branded | 10% URL | 10% generic
/states/nc/cash-pop-lunch-rush,game_family,nc,North Carolina,Cash Pop Lunch Rush,81,6,72.22,72.22,HIGH:0 | MEDIUM:6 | LOW:0,Tier 2,68.1,NO,READY,none_detected,20% exact | 40% partial | 20% branded | 10% URL | 10% generic
/states/nc/cash-pop-midnight-money,game_family,nc,North Carolina,Cash Pop Midnight Money,81,6,72.22,72.22,HIGH:0 | MEDIUM:6 | LOW:0,Tier 2,68.1,NO,READY,none_detected,20% exact | 40% partial | 20% branded | 10% URL | 10% generic
/states/nc/cash-pop-primetime-pop,game_family,nc,North Carolina,Cash Pop Primetime Pop,81,6,72.22,72.22,HIGH:0 | MEDIUM:6 | LOW:0,Tier 2,68.1,NO,READY,none_detected,20% exact | 40% partial | 20% branded | 10% URL | 10% generic
/states/nc/millionaire-for-life,game_family,nc,North Carolina,Millionaire For Life,81,6,72.22,72.22,HIGH:0 | MEDIUM:6 | LOW:0,Tier 2,68.1,NO,READY,none_detected,20% exact | 40% partial | 20% branded | 10% URL | 10% generic
/states/ne/pick-3,game_family,ne,Nebraska,Pick 3,81,6,72.22,72.22,HIGH:0 | MEDIUM:6 | LOW:0,Tier 2,68.1,NO,READY,none_detected,20% exact | 40% partial | 20% branded | 10% URL | 10% generic
/states/nh/pick-3,game_family,nh,New Hampshire,Pick 3,81,6,72.22,72.22,HIGH:0 | MEDIUM:6 | LOW:0,Tier 2,68.1,NO,READY,none_detected,20% exact | 40% partial | 20% branded | 10% URL | 10% generic
/states/oh/kicker,game_family,oh,Ohio,Kicker,81,6,72.22,72.22,HIGH:0 | MEDIUM:6 | LOW:0,Tier 2,68.1,NO,READY,none_detected,20% exact | 40% partial | 20% branded | 10% URL | 10% generic
/states/oh/millionaire-for-life,game_family,oh,Ohio,Millionaire For Life,81,6,72.22,72.22,HIGH:0 | MEDIUM:6 | LOW:0,Tier 2,68.1,NO,READY,none_detected,20% exact | 40% partial | 20% branded | 10% URL | 10% generic
/states/oh/pick-5,game_family,oh,Ohio,Pick 5,81,6,72.22,72.22,HIGH:0 | MEDIUM:6 | LOW:0,Tier 2,68.1,NO,READY,none_detected,20% exact | 40% partial | 20% branded | 10% URL | 10% generic
/states/ok/pick-3,game_family,ok,Oklahoma,Pick 3,81,6,72.22,72.22,HIGH:0 | MEDIUM:6 | LOW:0,Tier 2,68.1,NO,READY,none_detected,20% exact | 40% partial | 20% branded | 10% URL | 10% generic
/states/sc/pick-3,game_family,sc,South Carolina,Pick 3,81,6,72.22,72.22,HIGH:0 | MEDIUM:6 | LOW:0,Tier 2,68.1,NO,READY,none_detected,20% exact | 40% partial | 20% branded | 10% URL | 10% generic
/states/vt/pick-3,game_family,vt,Vermont,Pick 3,81,6,72.22,72.22,HIGH:0 | MEDIUM:6 | LOW:0,Tier 2,68.1,NO,READY,none_detected,20% exact | 40% partial | 20% branded | 10% URL | 10% generic
/states/wi/pick-3,game_family,wi,Wisconsin,Pick 3,81,6,72.22,72.22,HIGH:0 | MEDIUM:6 | LOW:0,Tier 2,68.1,NO,READY,none_detected,20% exact | 40% partial | 20% branded | 10% URL | 10% generic
/states/fl/lotto/historical,historical,fl,Florida,Lotto,75,4,71.89,71.89,HIGH:0 | MEDIUM:4 | LOW:0,Tier 2,57.9,YES,READY,none_detected,20% exact | 40% partial | 20% branded | 10% URL | 10% generic
/states/fl/pick-4/historical,historical,fl,Florida,Pick 4,75,4,71.89,71.89,HIGH:0 | MEDIUM:4 | LOW:0,Tier 2,57.9,YES,READY,none_detected,20% exact | 40% partial | 20% branded | 10% URL | 10% generic
/states/ga/mega-millions/stats,stats,ga,Georgia,Mega Millions,75,4,71.89,71.89,HIGH:0 | MEDIUM:4 | LOW:0,Tier 2,57.9,YES,READY,none_detected,20% exact | 40% partial | 20% branded | 10% URL | 10% generic
/states/ga/powerball/stats,stats,ga,Georgia,Powerball,75,4,71.89,71.89,HIGH:0 | MEDIUM:4 | LOW:0,Tier 2,57.9,YES,READY,none_detected,20% exact | 40% partial | 20% branded | 10% URL | 10% generic
/states/il/lucky-day-lotto/evening,session,il,Illinois,Lucky Day Lotto,75,6,71.89,71.89,HIGH:0 | MEDIUM:6 | LOW:0,Tier 2,57.9,YES,READY,none_detected,20% exact | 40% partial | 20% branded | 10% URL | 10% generic
/states/il/lucky-day-lotto/midday,session,il,Illinois,Lucky Day Lotto,75,6,71.89,71.89,HIGH:0 | MEDIUM:6 | LOW:0,Tier 2,57.9,YES,READY,none_detected,20% exact | 40% partial | 20% branded | 10% URL | 10% generic
/states/il/mega-millions/stats,stats,il,Illinois,Mega Millions,75,4,71.89,71.89,HIGH:0 | MEDIUM:4 | LOW:0,Tier 2,57.9,YES,READY,none_detected,20% exact | 40% partial | 20% branded | 10% URL | 10% generic
/states/il/pick-4/evening,session,il,Illinois,Pick 4,75,6,71.89,71.89,HIGH:0 | MEDIUM:6 | LOW:0,Tier 2,57.9,YES,READY,none_detected,20% exact | 40% partial | 20% branded | 10% URL | 10% generic
/states/il/pick-4/midday,session,il,Illinois,Pick 4,75,6,71.89,71.89,HIGH:0 | MEDIUM:6 | LOW:0,Tier 2,57.9,YES,READY,none_detected,20% exact | 40% partial | 20% branded | 10% URL | 10% generic
/states/il/powerball/stats,stats,il,Illinois,Powerball,75,4,71.89,71.89,HIGH:0 | MEDIUM:4 | LOW:0,Tier 2,57.9,YES,READY,none_detected,20% exact | 40% partial | 20% branded | 10% URL | 10% generic
/states/in/mega-millions/historical,historical,in,Indiana,Mega Millions,75,4,71.89,71.89,HIGH:0 | MEDIUM:4 | LOW:0,Tier 2,57.9,YES,READY,none_detected,20% exact | 40% partial | 20% branded | 10% URL | 10% generic
/states/in/powerball-double-play/historical,historical,in,Indiana,Powerball Double Play,75,4,71.89,71.89,HIGH:0 | MEDIUM:4 | LOW:0,Tier 2,57.9,YES,READY,none_detected,20% exact | 40% partial | 20% branded | 10% URL | 10% generic
/states/in/powerball/historical,historical,in,Indiana,Powerball,75,4,71.89,71.89,HIGH:0 | MEDIUM:4 | LOW:0,Tier 2,57.9,YES,READY,none_detected,20% exact | 40% partial | 20% branded | 10% URL | 10% generic
/states/md/pick-3/evening,session,md,Maryland,Pick 3,75,6,71.89,71.89,HIGH:0 | MEDIUM:6 | LOW:0,Tier 2,57.9,YES,READY,none_detected,20% exact | 40% partial | 20% branded | 10% URL | 10% generic
/states/md/pick-3/midday,session,md,Maryland,Pick 3,75,6,71.89,71.89,HIGH:0 | MEDIUM:6 | LOW:0,Tier 2,57.9,YES,READY,none_detected,20% exact | 40% partial | 20% branded | 10% URL | 10% generic
/states/mi/mega-millions/stats,stats,mi,Michigan,Mega Millions,75,4,71.89,71.89,HIGH:0 | MEDIUM:4 | LOW:0,Tier 2,57.9,YES,READY,none_detected,20% exact | 40% partial | 20% branded | 10% URL | 10% generic
/states/mi/powerball-double-play/stats,stats,mi,Michigan,Powerball Double Play,75,4,71.89,71.89,HIGH:0 | MEDIUM:4 | LOW:0,Tier 2,57.9,YES,READY,none_detected,20% exact | 40% partial | 20% branded | 10% URL | 10% generic
/states/mi/powerball/stats,stats,mi,Michigan,Powerball,75,4,71.89,71.89,HIGH:0 | MEDIUM:4 | LOW:0,Tier 2,57.9,YES,READY,none_detected,20% exact | 40% partial | 20% branded | 10% URL | 10% generic
/states/mo/mega-millions/historical,historical,mo,Missouri,Mega Millions,75,4,71.89,71.89,HIGH:0 | MEDIUM:4 | LOW:0,Tier 2,57.9,YES,READY,none_detected,20% exact | 40% partial | 20% branded | 10% URL | 10% generic
/states/mo/powerball-double-play/historical,historical,mo,Missouri,Powerball Double Play,75,4,71.89,71.89,HIGH:0 | MEDIUM:4 | LOW:0,Tier 2,57.9,YES,READY,none_detected,20% exact | 40% partial | 20% branded | 10% URL | 10% generic
/states/mo/powerball/historical,historical,mo,Missouri,Powerball,75,4,71.89,71.89,HIGH:0 | MEDIUM:4 | LOW:0,Tier 2,57.9,YES,READY,none_detected,20% exact | 40% partial | 20% branded | 10% URL | 10% generic
/states/nc/mega-millions/stats,stats,nc,North Carolina,Mega Millions,75,4,71.89,71.89,HIGH:0 | MEDIUM:4 | LOW:0,Tier 2,57.9,YES,READY,none_detected,20% exact | 40% partial | 20% branded | 10% URL | 10% generic
/states/nc/pick-4/daytime,session,nc,North Carolina,Pick 4,75,6,71.89,71.89,HIGH:0 | MEDIUM:6 | LOW:0,Tier 2,57.9,YES,READY,none_detected,20% exact | 40% partial | 20% branded | 10% URL | 10% generic
/states/nc/pick-4/evening,session,nc,North Carolina,Pick 4,75,6,71.89,71.89,HIGH:0 | MEDIUM:6 | LOW:0,Tier 2,57.9,YES,READY,none_detected,20% exact | 40% partial | 20% branded | 10% URL | 10% generic
/states/nc/powerball-double-play/stats,stats,nc,North Carolina,Powerball Double Play,75,4,71.89,71.89,HIGH:0 | MEDIUM:4 | LOW:0,Tier 2,57.9,YES,READY,none_detected,20% exact | 40% partial | 20% branded | 10% URL | 10% generic
/states/nc/powerball/stats,stats,nc,North Carolina,Powerball,75,4,71.89,71.89,HIGH:0 | MEDIUM:4 | LOW:0,Tier 2,57.9,YES,READY,none_detected,20% exact | 40% partial | 20% branded | 10% URL | 10% generic
/states/nj/pick-3/historical,historical,nj,New Jersey,Pick 3,75,4,71.89,71.89,HIGH:0 | MEDIUM:4 | LOW:0,Tier 2,57.9,YES,READY,none_detected,20% exact | 40% partial | 20% branded | 10% URL | 10% generic
/states/ny/lotto/historical,historical,ny,New York,Lotto,75,4,71.89,71.89,HIGH:0 | MEDIUM:4 | LOW:0,Tier 2,57.9,YES,READY,none_detected,20% exact | 40% partial | 20% branded | 10% URL | 10% generic
/states/oh/mega-millions/stats,stats,oh,Ohio,Mega Millions,75,4,71.89,71.89,HIGH:0 | MEDIUM:4 | LOW:0,Tier 2,57.9,YES,READY,none_detected,20% exact | 40% partial | 20% branded | 10% URL | 10% generic
/states/oh/pick-4/evening,session,oh,Ohio,Pick 4,75,6,71.89,71.89,HIGH:0 | MEDIUM:6 | LOW:0,Tier 2,57.9,YES,READY,none_detected,20% exact | 40% partial | 20% branded | 10% URL | 10% generic
/states/oh/pick-4/midday,session,oh,Ohio,Pick 4,75,6,71.89,71.89,HIGH:0 | MEDIUM:6 | LOW:0,Tier 2,57.9,YES,READY,none_detected,20% exact | 40% partial | 20% branded | 10% URL | 10% generic
/states/oh/powerball/stats,stats,oh,Ohio,Powerball,75,4,71.89,71.89,HIGH:0 | MEDIUM:4 | LOW:0,Tier 2,57.9,YES,READY,none_detected,20% exact | 40% partial | 20% branded | 10% URL | 10% generic
/states/pa/pick-3/historical,historical,pa,Pennsylvania,Pick 3,75,4,71.89,71.89,HIGH:0 | MEDIUM:4 | LOW:0,Tier 2,57.9,YES,READY,none_detected,20% exact | 40% partial | 20% branded | 10% URL | 10% generic
/states/tn/mega-millions/historical,historical,tn,Tennessee,Mega Millions,75,4,71.89,71.89,HIGH:0 | MEDIUM:4 | LOW:0,Tier 2,57.9,YES,READY,none_detected,20% exact | 40% partial | 20% branded | 10% URL | 10% generic
/states/tn/powerball-double-play/historical,historical,tn,Tennessee,Powerball Double Play,75,4,71.89,71.89,HIGH:0 | MEDIUM:4 | LOW:0,Tier 2,57.9,YES,READY,none_detected,20% exact | 40% partial | 20% branded | 10% URL | 10% generic
/states/tn/powerball/historical,historical,tn,Tennessee,Powerball,75,4,71.89,71.89,HIGH:0 | MEDIUM:4 | LOW:0,Tier 2,57.9,YES,READY,none_detected,20% exact | 40% partial | 20% branded | 10% URL | 10% generic
/states/tx/pick-3/stats,stats,tx,Texas,Pick 3,75,4,71.89,71.89,HIGH:0 | MEDIUM:4 | LOW:0,Tier 2,57.9,YES,READY,none_detected,20% exact | 40% partial | 20% branded | 10% URL | 10% generic
/states/va/pick-3/day,session,va,Virginia,Pick 3,75,6,71.89,71.89,HIGH:0 | MEDIUM:6 | LOW:0,Tier 2,57.9,YES,READY,none_detected,20% exact | 40% partial | 20% branded | 10% URL | 10% generic
/states/va/pick-3/night,session,va,Virginia,Pick 3,75,6,71.89,71.89,HIGH:0 | MEDIUM:6 | LOW:0,Tier 2,57.9,YES,READY,none_detected,20% exact | 40% partial | 20% branded | 10% URL | 10% generic
/states/ar,state,ar,Arkansas,,82,6,71.83,72.62,HIGH:0 | MEDIUM:6 | LOW:0,Tier 2,68.8,NO,READY,none_detected,20% exact | 40% partial | 20% branded | 10% URL | 10% generic
/states/ar/lotto,game_family,ar,Arkansas,Lotto,80,6,71.81,71.81,HIGH:0 | MEDIUM:6 | LOW:0,Tier 2,67.4,NO,READY,none_detected,20% exact | 40% partial | 20% branded | 10% URL | 10% generic
/states/az/fantasy-5,game_family,az,Arizona,Fantasy 5,80,6,71.81,71.81,HIGH:0 | MEDIUM:6 | LOW:0,Tier 2,67.4,NO,READY,none_detected,20% exact | 40% partial | 20% branded | 10% URL | 10% generic
/states/az/the-pick,game_family,az,Arizona,The Pick,80,6,71.81,71.81,HIGH:0 | MEDIUM:6 | LOW:0,Tier 2,67.4,NO,READY,none_detected,20% exact | 40% partial | 20% branded | 10% URL | 10% generic
/states/az/triple-twist,game_family,az,Arizona,Triple Twist,80,6,71.81,71.81,HIGH:0 | MEDIUM:6 | LOW:0,Tier 2,67.4,NO,READY,none_detected,20% exact | 40% partial | 20% branded | 10% URL | 10% generic
/states/co/cash-5,game_family,co,Colorado,Cash 5,80,6,71.81,71.81,HIGH:0 | MEDIUM:6 | LOW:0,Tier 2,67.4,NO,READY,none_detected,20% exact | 40% partial | 20% branded | 10% URL | 10% generic
/states/co/colorado-lotto,game_family,co,Colorado,Colorado Lotto,80,6,71.81,71.81,HIGH:0 | MEDIUM:6 | LOW:0,Tier 2,67.4,NO,READY,none_detected,20% exact | 40% partial | 20% branded | 10% URL | 10% generic
/states/ct/cash-5,game_family,ct,Connecticut,Cash 5,80,6,71.81,71.81,HIGH:0 | MEDIUM:6 | LOW:0,Tier 2,67.4,NO,READY,none_detected,20% exact | 40% partial | 20% branded | 10% URL | 10% generic
/states/ct/lotto,game_family,ct,Connecticut,Lotto,80,6,71.81,71.81,HIGH:0 | MEDIUM:6 | LOW:0,Tier 2,67.4,NO,READY,none_detected,20% exact | 40% partial | 20% branded | 10% URL | 10% generic
/states/dc/lotto-america,game_family,dc,"Washington, D.C.",Lotto America,80,6,71.81,71.81,HIGH:0 | MEDIUM:6 | LOW:0,Tier 2,67.4,NO,READY,none_detected,20% exact | 40% partial | 20% branded | 10% URL | 10% generic
/states/de/lotto-america,game_family,de,Delaware,Lotto America,80,6,71.81,71.81,HIGH:0 | MEDIUM:6 | LOW:0,Tier 2,67.4,NO,READY,none_detected,20% exact | 40% partial | 20% branded | 10% URL | 10% generic
/states/de/multi-win-lotto,game_family,de,Delaware,Multi Win Lotto,80,6,71.81,71.81,HIGH:0 | MEDIUM:6 | LOW:0,Tier 2,67.4,NO,READY,none_detected,20% exact | 40% partial | 20% branded | 10% URL | 10% generic
/states/ia/lotto-america,game_family,ia,Iowa,Lotto America,80,6,71.81,71.81,HIGH:0 | MEDIUM:6 | LOW:0,Tier 2,67.4,NO,READY,none_detected,20% exact | 40% partial | 20% branded | 10% URL | 10% generic
/states/ia/pick-4,game_family,ia,Iowa,Pick 4,80,6,71.81,71.81,HIGH:0 | MEDIUM:6 | LOW:0,Tier 2,67.4,NO,READY,none_detected,20% exact | 40% partial | 20% branded | 10% URL | 10% generic
/states/id/lotto-america,game_family,id,Idaho,Lotto America,80,6,71.81,71.81,HIGH:0 | MEDIUM:6 | LOW:0,Tier 2,67.4,NO,READY,none_detected,20% exact | 40% partial | 20% branded | 10% URL | 10% generic
/states/id/pick-4,game_family,id,Idaho,Pick 4,80,6,71.81,71.81,HIGH:0 | MEDIUM:6 | LOW:0,Tier 2,67.4,NO,READY,none_detected,20% exact | 40% partial | 20% branded | 10% URL | 10% generic
/states/ks/lotto-america,game_family,ks,Kansas,Lotto America,80,6,71.81,71.81,HIGH:0 | MEDIUM:6 | LOW:0,Tier 2,67.4,NO,READY,none_detected,20% exact | 40% partial | 20% branded | 10% URL | 10% generic
/states/ky/pick-4,game_family,ky,Kentucky,Pick 4,80,6,71.81,71.81,HIGH:0 | MEDIUM:6 | LOW:0,Tier 2,67.4,NO,READY,none_detected,20% exact | 40% partial | 20% branded | 10% URL | 10% generic
/states/la/lotto,game_family,la,Louisiana,Lotto,80,6,71.81,71.81,HIGH:0 | MEDIUM:6 | LOW:0,Tier 2,67.4,NO,READY,none_detected,20% exact | 40% partial | 20% branded | 10% URL | 10% generic
/states/la/pick-4,game_family,la,Louisiana,Pick 4,80,6,71.81,71.81,HIGH:0 | MEDIUM:6 | LOW:0,Tier 2,67.4,NO,READY,none_detected,20% exact | 40% partial | 20% branded | 10% URL | 10% generic
/states/ma/mass-cash,game_family,ma,Massachusetts,Mass Cash,80,6,71.81,71.81,HIGH:0 | MEDIUM:6 | LOW:0,Tier 2,67.4,NO,READY,none_detected,20% exact | 40% partial | 20% branded | 10% URL | 10% generic
/states/ma/megabucks,game_family,ma,Massachusetts,Megabucks,80,6,71.81,71.81,HIGH:0 | MEDIUM:6 | LOW:0,Tier 2,67.4,NO,READY,none_detected,20% exact | 40% partial | 20% branded | 10% URL | 10% generic
/states/ma/millionaire-for-life,game_family,ma,Massachusetts,Millionaire For Life,80,6,71.81,71.81,HIGH:0 | MEDIUM:6 | LOW:0,Tier 2,67.4,NO,READY,none_detected,20% exact | 40% partial | 20% branded | 10% URL | 10% generic
/states/ma/numbers-game,game_family,ma,Massachusetts,Numbers Game,80,6,71.81,71.81,HIGH:0 | MEDIUM:6 | LOW:0,Tier 2,67.4,NO,READY,none_detected,20% exact | 40% partial | 20% branded | 10% URL | 10% generic
/states/md/bonus-match-5,game_family,md,Maryland,Bonus Match 5,80,6,71.81,71.81,HIGH:0 | MEDIUM:6 | LOW:0,Tier 2,67.4,NO,READY,none_detected,20% exact | 40% partial | 20% branded | 10% URL | 10% generic
/states/md/cash-pop,game_family,md,Maryland,Cash Pop,80,6,71.81,71.81,HIGH:0 | MEDIUM:6 | LOW:0,Tier 2,67.4,NO,READY,none_detected,20% exact | 40% partial | 20% branded | 10% URL | 10% generic
/states/md/multimatch,game_family,md,Maryland,Multimatch,80,6,71.81,71.81,HIGH:0 | MEDIUM:6 | LOW:0,Tier 2,67.4,NO,READY,none_detected,20% exact | 40% partial | 20% branded | 10% URL | 10% generic
/states/md/pick-5,game_family,md,Maryland,Pick 5,80,6,71.81,71.81,HIGH:0 | MEDIUM:6 | LOW:0,Tier 2,67.4,NO,READY,none_detected,20% exact | 40% partial | 20% branded | 10% URL | 10% generic
/states/me/lotto-america,game_family,me,Maine,Lotto America,80,6,71.81,71.81,HIGH:0 | MEDIUM:6 | LOW:0,Tier 2,67.4,NO,READY,none_detected,20% exact | 40% partial | 20% branded | 10% URL | 10% generic
/states/me/pick-4,game_family,me,Maine,Pick 4,80,6,71.81,71.81,HIGH:0 | MEDIUM:6 | LOW:0,Tier 2,67.4,NO,READY,none_detected,20% exact | 40% partial | 20% branded | 10% URL | 10% generic
/states/mn/lotto-america,game_family,mn,Minnesota,Lotto America,80,6,71.81,71.81,HIGH:0 | MEDIUM:6 | LOW:0,Tier 2,67.4,NO,READY,none_detected,20% exact | 40% partial | 20% branded | 10% URL | 10% generic
/states/ms/lotto-america,game_family,ms,Mississippi,Lotto America,80,6,71.81,71.81,HIGH:0 | MEDIUM:6 | LOW:0,Tier 2,67.4,NO,READY,none_detected,20% exact | 40% partial | 20% branded | 10% URL | 10% generic
/states/mt/lotto-america,game_family,mt,Montana,Lotto America,80,6,71.81,71.81,HIGH:0 | MEDIUM:6 | LOW:0,Tier 2,67.4,NO,READY,none_detected,20% exact | 40% partial | 20% branded | 10% URL | 10% generic
/states/nd/lotto-america,game_family,nd,North Dakota,Lotto America,80,6,71.81,71.81,HIGH:0 | MEDIUM:6 | LOW:0,Tier 2,67.4,NO,READY,none_detected,20% exact | 40% partial | 20% branded | 10% URL | 10% generic
/states/ne/lotto-america,game_family,ne,Nebraska,Lotto America,80,6,71.81,71.81,HIGH:0 | MEDIUM:6 | LOW:0,Tier 2,67.4,NO,READY,none_detected,20% exact | 40% partial | 20% branded | 10% URL | 10% generic
/states/ne/pick-4,game_family,ne,Nebraska,Pick 4,80,6,71.81,71.81,HIGH:0 | MEDIUM:6 | LOW:0,Tier 2,67.4,NO,READY,none_detected,20% exact | 40% partial | 20% branded | 10% URL | 10% generic
/states/nh/pick-4,game_family,nh,New Hampshire,Pick 4,80,6,71.81,71.81,HIGH:0 | MEDIUM:6 | LOW:0,Tier 2,67.4,NO,READY,none_detected,20% exact | 40% partial | 20% branded | 10% URL | 10% generic
/states/nm/lotto-america,game_family,nm,New Mexico,Lotto America,80,6,71.81,71.81,HIGH:0 | MEDIUM:6 | LOW:0,Tier 2,67.4,NO,READY,none_detected,20% exact | 40% partial | 20% branded | 10% URL | 10% generic
/states/nm/pick-4,game_family,nm,New Mexico,Pick 4,80,6,71.81,71.81,HIGH:0 | MEDIUM:6 | LOW:0,Tier 2,67.4,NO,READY,none_detected,20% exact | 40% partial | 20% branded | 10% URL | 10% generic
/states/ok/cash-5,game_family,ok,Oklahoma,Cash 5,80,6,71.81,71.81,HIGH:0 | MEDIUM:6 | LOW:0,Tier 2,67.4,NO,READY,none_detected,20% exact | 40% partial | 20% branded | 10% URL | 10% generic
/states/ok/lotto-america,game_family,ok,Oklahoma,Lotto America,80,6,71.81,71.81,HIGH:0 | MEDIUM:6 | LOW:0,Tier 2,67.4,NO,READY,none_detected,20% exact | 40% partial | 20% branded | 10% URL | 10% generic
/states/or/pick-4,game_family,or,Oregon,Pick 4,80,6,71.81,71.81,HIGH:0 | MEDIUM:6 | LOW:0,Tier 2,67.4,NO,READY,none_detected,20% exact | 40% partial | 20% branded | 10% URL | 10% generic
/states/sc/palmetto-cash-5,game_family,sc,South Carolina,Palmetto Cash 5,80,6,71.81,71.81,HIGH:0 | MEDIUM:6 | LOW:0,Tier 2,67.4,NO,READY,none_detected,20% exact | 40% partial | 20% branded | 10% URL | 10% generic
/states/sc/pick-4,game_family,sc,South Carolina,Pick 4,80,6,71.81,71.81,HIGH:0 | MEDIUM:6 | LOW:0,Tier 2,67.4,NO,READY,none_detected,20% exact | 40% partial | 20% branded | 10% URL | 10% generic
/states/sd/lotto-america,game_family,sd,South Dakota,Lotto America,80,6,71.81,71.81,HIGH:0 | MEDIUM:6 | LOW:0,Tier 2,67.4,NO,READY,none_detected,20% exact | 40% partial | 20% branded | 10% URL | 10% generic
/states/va/bank-a-million,game_family,va,Virginia,Bank A Million,80,6,71.81,71.81,HIGH:0 | MEDIUM:6 | LOW:0,Tier 2,67.4,NO,READY,none_detected,20% exact | 40% partial | 20% branded | 10% URL | 10% generic
/states/va/cash-pop,game_family,va,Virginia,Cash Pop,80,6,71.81,71.81,HIGH:0 | MEDIUM:6 | LOW:0,Tier 2,67.4,NO,READY,duplicate_title(MEDIUM) | duplicate_description(MEDIUM),20% exact | 40% partial | 20% branded | 10% URL | 10% generic
/states/va/cash-pop-after-hours,game_family,va,Virginia,Cash Pop After Hours,80,6,71.81,71.81,HIGH:0 | MEDIUM:6 | LOW:0,Tier 2,67.4,NO,READY,duplicate_title(MEDIUM) | duplicate_description(MEDIUM),20% exact | 40% partial | 20% branded | 10% URL | 10% generic
/states/va/millionaire-for-life,game_family,va,Virginia,Millionaire For Life,80,6,71.81,71.81,HIGH:0 | MEDIUM:6 | LOW:0,Tier 2,67.4,NO,READY,none_detected,20% exact | 40% partial | 20% branded | 10% URL | 10% generic
/states/va/pick-5,game_family,va,Virginia,Pick 5,80,6,71.81,71.81,HIGH:0 | MEDIUM:6 | LOW:0,Tier 2,67.4,NO,READY,none_detected,20% exact | 40% partial | 20% branded | 10% URL | 10% generic
/states/vt/pick-4,game_family,vt,Vermont,Pick 4,80,6,71.81,71.81,HIGH:0 | MEDIUM:6 | LOW:0,Tier 2,67.4,NO,READY,none_detected,20% exact | 40% partial | 20% branded | 10% URL | 10% generic
/states/wa/cash-pop,game_family,wa,Washington,Cash Pop,80,6,71.81,71.81,HIGH:0 | MEDIUM:6 | LOW:0,Tier 2,67.4,NO,READY,none_detected,20% exact | 40% partial | 20% branded | 10% URL | 10% generic
/states/wa/hit-5,game_family,wa,Washington,Hit 5,80,6,71.81,71.81,HIGH:0 | MEDIUM:6 | LOW:0,Tier 2,67.4,NO,READY,none_detected,20% exact | 40% partial | 20% branded | 10% URL | 10% generic
/states/wa/match-4,game_family,wa,Washington,Match 4,80,6,71.81,71.81,HIGH:0 | MEDIUM:6 | LOW:0,Tier 2,67.4,NO,READY,none_detected,20% exact | 40% partial | 20% branded | 10% URL | 10% generic
/states/wi/pick-4,game_family,wi,Wisconsin,Pick 4,80,6,71.81,71.81,HIGH:0 | MEDIUM:6 | LOW:0,Tier 2,67.4,NO,READY,none_detected,20% exact | 40% partial | 20% branded | 10% URL | 10% generic
/states/wv/lotto-america,game_family,wv,West Virginia,Lotto America,80,6,71.81,71.81,HIGH:0 | MEDIUM:6 | LOW:0,Tier 2,67.4,NO,READY,none_detected,20% exact | 40% partial | 20% branded | 10% URL | 10% generic
/states/ct,state,ct,Connecticut,,82,6,71.73,72.62,HIGH:0 | MEDIUM:6 | LOW:0,Tier 2,68.8,NO,READY,none_detected,20% exact | 40% partial | 20% branded | 10% URL | 10% generic
/states/me,state,me,Maine,,82,6,71.73,72.62,HIGH:0 | MEDIUM:6 | LOW:0,Tier 2,68.8,NO,READY,none_detected,20% exact | 40% partial | 20% branded | 10% URL | 10% generic
/states/az/mega-millions/stats,stats,az,Arizona,Mega Millions,74,4,71.48,71.48,HIGH:0 | MEDIUM:4 | LOW:0,Tier 2,57.2,YES,READY,title_length(MEDIUM),20% exact | 40% partial | 20% branded | 10% URL | 10% generic
/states/az/powerball/stats,stats,az,Arizona,Powerball,74,4,71.48,71.48,HIGH:0 | MEDIUM:4 | LOW:0,Tier 2,57.2,YES,READY,none_detected,20% exact | 40% partial | 20% branded | 10% URL | 10% generic
/states/ca/daily-3/evening,session,ca,California,Daily 3,74,6,71.48,71.48,HIGH:0 | MEDIUM:6 | LOW:0,Tier 2,57.2,YES,READY,title_length(MEDIUM),20% exact | 40% partial | 20% branded | 10% URL | 10% generic
/states/ca/daily-3/midday,session,ca,California,Daily 3,74,6,71.48,71.48,HIGH:0 | MEDIUM:6 | LOW:0,Tier 2,57.2,YES,READY,title_length(MEDIUM),20% exact | 40% partial | 20% branded | 10% URL | 10% generic
/states/ca/superlotto-plus/stats,stats,ca,California,Superlotto Plus,74,4,71.48,71.48,HIGH:0 | MEDIUM:4 | LOW:0,Tier 2,57.2,YES,READY,title_length(MEDIUM),20% exact | 40% partial | 20% branded | 10% URL | 10% generic
/states/fl/jackpot-triple-play/historical,historical,fl,Florida,Jackpot Triple Play,74,4,71.48,71.48,HIGH:0 | MEDIUM:4 | LOW:0,Tier 2,57.2,YES,READY,none_detected,20% exact | 40% partial | 20% branded | 10% URL | 10% generic
/states/fl/pick-3/stats,stats,fl,Florida,Pick 3,74,4,71.48,71.48,HIGH:0 | MEDIUM:4 | LOW:0,Tier 2,57.2,YES,READY,none_detected,20% exact | 40% partial | 20% branded | 10% URL | 10% generic
/states/il/pick-3/historical,historical,il,Illinois,Pick 3,74,4,71.48,71.48,HIGH:0 | MEDIUM:4 | LOW:0,Tier 2,57.2,YES,READY,none_detected,20% exact | 40% partial | 20% branded | 10% URL | 10% generic
/states/ma/mega-millions/stats,stats,ma,Massachusetts,Mega Millions,74,4,71.48,71.48,HIGH:0 | MEDIUM:4 | LOW:0,Tier 2,57.2,YES,READY,none_detected,20% exact | 40% partial | 20% branded | 10% URL | 10% generic
/states/ma/powerball/stats,stats,ma,Massachusetts,Powerball,74,4,71.48,71.48,HIGH:0 | MEDIUM:4 | LOW:0,Tier 2,57.2,YES,READY,none_detected,20% exact | 40% partial | 20% branded | 10% URL | 10% generic
/states/md/mega-millions/stats,stats,md,Maryland,Mega Millions,74,4,71.48,71.48,HIGH:0 | MEDIUM:4 | LOW:0,Tier 2,57.2,YES,READY,none_detected,20% exact | 40% partial | 20% branded | 10% URL | 10% generic
/states/md/pick-4/evening,session,md,Maryland,Pick 4,74,6,71.48,71.48,HIGH:0 | MEDIUM:6 | LOW:0,Tier 2,57.2,YES,READY,none_detected,20% exact | 40% partial | 20% branded | 10% URL | 10% generic
/states/md/pick-4/midday,session,md,Maryland,Pick 4,74,6,71.48,71.48,HIGH:0 | MEDIUM:6 | LOW:0,Tier 2,57.2,YES,READY,none_detected,20% exact | 40% partial | 20% branded | 10% URL | 10% generic
/states/md/powerball-double-play/stats,stats,md,Maryland,Powerball Double Play,74,4,71.48,71.48,HIGH:0 | MEDIUM:4 | LOW:0,Tier 2,57.2,YES,READY,none_detected,20% exact | 40% partial | 20% branded | 10% URL | 10% generic
/states/md/powerball/stats,stats,md,Maryland,Powerball,74,4,71.48,71.48,HIGH:0 | MEDIUM:4 | LOW:0,Tier 2,57.2,YES,READY,none_detected,20% exact | 40% partial | 20% branded | 10% URL | 10% generic
/states/mo/pick-3/evening,session,mo,Missouri,Pick 3,74,6,71.48,71.48,HIGH:0 | MEDIUM:6 | LOW:0,Tier 2,57.2,YES,READY,none_detected,20% exact | 40% partial | 20% branded | 10% URL | 10% generic
/states/mo/pick-3/midday,session,mo,Missouri,Pick 3,74,6,71.48,71.48,HIGH:0 | MEDIUM:6 | LOW:0,Tier 2,57.2,YES,READY,none_detected,20% exact | 40% partial | 20% branded | 10% URL | 10% generic
/states/nc/pick-3/historical,historical,nc,North Carolina,Pick 3,74,4,71.48,71.48,HIGH:0 | MEDIUM:4 | LOW:0,Tier 2,57.2,YES,READY,none_detected,20% exact | 40% partial | 20% branded | 10% URL | 10% generic
/states/nj/jersey-cash-5/historical,historical,nj,New Jersey,Jersey Cash 5,74,4,71.48,71.48,HIGH:0 | MEDIUM:4 | LOW:0,Tier 2,57.2,YES,READY,none_detected,20% exact | 40% partial | 20% branded | 10% URL | 10% generic
/states/nj/pick-4/historical,historical,nj,New Jersey,Pick 4,74,4,71.48,71.48,HIGH:0 | MEDIUM:4 | LOW:0,Tier 2,57.2,YES,READY,none_detected,20% exact | 40% partial | 20% branded | 10% URL | 10% generic
/states/oh/pick-3/historical,historical,oh,Ohio,Pick 3,74,4,71.48,71.48,HIGH:0 | MEDIUM:4 | LOW:0,Tier 2,57.2,YES,READY,none_detected,20% exact | 40% partial | 20% branded | 10% URL | 10% generic
/states/pa/cash-5/historical,historical,pa,Pennsylvania,Cash 5,74,4,71.48,71.48,HIGH:0 | MEDIUM:4 | LOW:0,Tier 2,57.2,YES,READY,none_detected,20% exact | 40% partial | 20% branded | 10% URL | 10% generic
/states/pa/pick-4/historical,historical,pa,Pennsylvania,Pick 4,74,4,71.48,71.48,HIGH:0 | MEDIUM:4 | LOW:0,Tier 2,57.2,YES,READY,none_detected,20% exact | 40% partial | 20% branded | 10% URL | 10% generic
/states/tx/all-or-nothing/day,session,tx,Texas,All OR Nothing,74,6,71.48,71.48,HIGH:0 | MEDIUM:6 | LOW:0,Tier 2,57.2,YES,READY,none_detected,20% exact | 40% partial | 20% branded | 10% URL | 10% generic
/states/tx/all-or-nothing/evening,session,tx,Texas,All OR Nothing,74,6,71.48,71.48,HIGH:0 | MEDIUM:6 | LOW:0,Tier 2,57.2,YES,READY,none_detected,20% exact | 40% partial | 20% branded | 10% URL | 10% generic
/states/tx/all-or-nothing/morning,session,tx,Texas,All OR Nothing,74,6,71.48,71.48,HIGH:0 | MEDIUM:6 | LOW:0,Tier 2,57.2,YES,READY,none_detected,20% exact | 40% partial | 20% branded | 10% URL | 10% generic
/states/tx/all-or-nothing/night,session,tx,Texas,All OR Nothing,74,6,71.48,71.48,HIGH:0 | MEDIUM:6 | LOW:0,Tier 2,57.2,YES,READY,none_detected,20% exact | 40% partial | 20% branded | 10% URL | 10% generic
/states/tx/cash-5/stats,stats,tx,Texas,Cash 5,74,4,71.48,71.48,HIGH:0 | MEDIUM:4 | LOW:0,Tier 2,57.2,YES,READY,none_detected,20% exact | 40% partial | 20% branded | 10% URL | 10% generic
/states/tx/daily-4/day,session,tx,Texas,Daily 4,74,6,71.48,71.48,HIGH:0 | MEDIUM:6 | LOW:0,Tier 2,57.2,YES,READY,none_detected,20% exact | 40% partial | 20% branded | 10% URL | 10% generic
/states/tx/daily-4/evening,session,tx,Texas,Daily 4,74,6,71.48,71.48,HIGH:0 | MEDIUM:6 | LOW:0,Tier 2,57.2,YES,READY,none_detected,20% exact | 40% partial | 20% branded | 10% URL | 10% generic
/states/tx/daily-4/morning,session,tx,Texas,Daily 4,74,6,71.48,71.48,HIGH:0 | MEDIUM:6 | LOW:0,Tier 2,57.2,YES,READY,none_detected,20% exact | 40% partial | 20% branded | 10% URL | 10% generic
/states/tx/daily-4/night,session,tx,Texas,Daily 4,74,6,71.48,71.48,HIGH:0 | MEDIUM:6 | LOW:0,Tier 2,57.2,YES,READY,none_detected,20% exact | 40% partial | 20% branded | 10% URL | 10% generic
/states/tx/lotto-texas/stats,stats,tx,Texas,Lotto Texas,74,4,71.48,71.48,HIGH:0 | MEDIUM:4 | LOW:0,Tier 2,57.2,YES,READY,none_detected,20% exact | 40% partial | 20% branded | 10% URL | 10% generic
/states/va/mega-millions/stats,stats,va,Virginia,Mega Millions,74,4,71.48,71.48,HIGH:0 | MEDIUM:4 | LOW:0,Tier 2,57.2,YES,READY,none_detected,20% exact | 40% partial | 20% branded | 10% URL | 10% generic
/states/va/pick-4/day,session,va,Virginia,Pick 4,74,6,71.48,71.48,HIGH:0 | MEDIUM:6 | LOW:0,Tier 2,57.2,YES,READY,none_detected,20% exact | 40% partial | 20% branded | 10% URL | 10% generic
/states/va/pick-4/night,session,va,Virginia,Pick 4,74,6,71.48,71.48,HIGH:0 | MEDIUM:6 | LOW:0,Tier 2,57.2,YES,READY,none_detected,20% exact | 40% partial | 20% branded | 10% URL | 10% generic
/states/va/powerball/stats,stats,va,Virginia,Powerball,74,4,71.48,71.48,HIGH:0 | MEDIUM:4 | LOW:0,Tier 2,57.2,YES,READY,none_detected,20% exact | 40% partial | 20% branded | 10% URL | 10% generic
/states/wa/mega-millions/stats,stats,wa,Washington,Mega Millions,74,4,71.48,71.48,HIGH:0 | MEDIUM:4 | LOW:0,Tier 2,57.2,YES,READY,none_detected,20% exact | 40% partial | 20% branded | 10% URL | 10% generic
/states/wa/powerball-double-play/stats,stats,wa,Washington,Powerball Double Play,74,4,71.48,71.48,HIGH:0 | MEDIUM:4 | LOW:0,Tier 2,57.2,YES,READY,none_detected,20% exact | 40% partial | 20% branded | 10% URL | 10% generic
/states/wa/powerball/stats,stats,wa,Washington,Powerball,74,4,71.48,71.48,HIGH:0 | MEDIUM:4 | LOW:0,Tier 2,57.2,YES,READY,none_detected,20% exact | 40% partial | 20% branded | 10% URL | 10% generic
/states/de,state,de,Delaware,,82,6,71.46,72.62,HIGH:0 | MEDIUM:6 | LOW:0,Tier 2,68.8,NO,READY,none_detected,20% exact | 40% partial | 20% branded | 10% URL | 10% generic
/states/ar/natural-state-jackpot,game_family,ar,Arkansas,Natural State Jackpot,79,6,71.41,71.41,HIGH:0 | MEDIUM:6 | LOW:0,Tier 2,66.7,NO,READY,title_length(MEDIUM),20% exact | 40% partial | 20% branded | 10% URL | 10% generic
/states/in/cash-pop,game_family,in,Indiana,Cash Pop,79,6,71.41,71.41,HIGH:0 | MEDIUM:6 | LOW:0,Tier 2,66.7,NO,READY,none_detected,20% exact | 40% partial | 20% branded | 10% URL | 10% generic
/states/in/daily-3,game_family,in,Indiana,Daily 3,79,6,71.41,71.41,HIGH:0 | MEDIUM:6 | LOW:0,Tier 2,66.7,NO,READY,none_detected,20% exact | 40% partial | 20% branded | 10% URL | 10% generic
/states/in/daily-4,game_family,in,Indiana,Daily 4,79,6,71.41,71.41,HIGH:0 | MEDIUM:6 | LOW:0,Tier 2,66.7,NO,READY,none_detected,20% exact | 40% partial | 20% branded | 10% URL | 10% generic
/states/in/millionaire-for-life,game_family,in,Indiana,Millionaire For Life,79,6,71.41,71.41,HIGH:0 | MEDIUM:6 | LOW:0,Tier 2,66.7,NO,READY,none_detected,20% exact | 40% partial | 20% branded | 10% URL | 10% generic
/states/in/quick-draw,game_family,in,Indiana,Quick Draw,79,6,71.41,71.41,HIGH:0 | MEDIUM:6 | LOW:0,Tier 2,66.7,NO,READY,none_detected,20% exact | 40% partial | 20% branded | 10% URL | 10% generic
/states/mo/cash-pop,game_family,mo,Missouri,Cash Pop,79,6,71.41,71.41,HIGH:0 | MEDIUM:6 | LOW:0,Tier 2,66.7,NO,READY,none_detected,20% exact | 40% partial | 20% branded | 10% URL | 10% generic
/states/mo/cash-pop-late,game_family,mo,Missouri,Cash Pop Late,79,6,71.41,71.41,HIGH:0 | MEDIUM:6 | LOW:0,Tier 2,66.7,NO,READY,none_detected,20% exact | 40% partial | 20% branded | 10% URL | 10% generic
/states/mo/mo-millions,game_family,mo,Missouri,MO Millions,79,6,71.41,71.41,HIGH:0 | MEDIUM:6 | LOW:0,Tier 2,66.7,NO,READY,none_detected,20% exact | 40% partial | 20% branded | 10% URL | 10% generic
/states/mo/show-me-cash,game_family,mo,Missouri,Show ME Cash,79,6,71.41,71.41,HIGH:0 | MEDIUM:6 | LOW:0,Tier 2,66.7,NO,READY,none_detected,20% exact | 40% partial | 20% branded | 10% URL | 10% generic
/states/tn/cash-3,game_family,tn,Tennessee,Cash 3,79,6,71.41,71.41,HIGH:0 | MEDIUM:6 | LOW:0,Tier 2,66.7,NO,READY,none_detected,20% exact | 40% partial | 20% branded | 10% URL | 10% generic
/states/tn/cash-4,game_family,tn,Tennessee,Cash 4,79,6,71.41,71.41,HIGH:0 | MEDIUM:6 | LOW:0,Tier 2,66.7,NO,READY,none_detected,20% exact | 40% partial | 20% branded | 10% URL | 10% generic
/states/tn/millionaire-for-life,game_family,tn,Tennessee,Millionaire For Life,79,6,71.41,71.41,HIGH:0 | MEDIUM:6 | LOW:0,Tier 2,66.7,NO,READY,none_detected,20% exact | 40% partial | 20% branded | 10% URL | 10% generic
/states/tn/tennessee-cash,game_family,tn,Tennessee,Tennessee Cash,79,6,71.41,71.41,HIGH:0 | MEDIUM:6 | LOW:0,Tier 2,66.7,NO,READY,none_detected,20% exact | 40% partial | 20% branded | 10% URL | 10% generic
/states/ga,state,ga,Georgia,,87,6,71.38,74.64,HIGH:2 | MEDIUM:4 | LOW:0,Tier 2,72.3,NO,READY,none_detected,20% exact | 40% partial | 20% branded | 10% URL | 10% generic
/states/nm/pick-3,game_family,nm,New Mexico,Pick 3,81,6,71.33,72.22,HIGH:0 | MEDIUM:6 | LOW:0,Tier 2,68.1,NO,READY,none_detected,20% exact | 40% partial | 20% branded | 10% URL | 10% generic
/states/az/pick-3/historical,historical,az,Arizona,Pick 3,73,4,71.07,71.07,HIGH:0 | MEDIUM:4 | LOW:0,Tier 2,56.5,YES,READY,none_detected,20% exact | 40% partial | 20% branded | 10% URL | 10% generic
/states/fl/cash-pop/afternoon,session,fl,Florida,Cash Pop,73,6,71.07,71.07,HIGH:0 | MEDIUM:6 | LOW:0,Tier 2,56.5,YES,READY,none_detected,20% exact | 40% partial | 20% branded | 10% URL | 10% generic
/states/fl/cash-pop/evening,session,fl,Florida,Cash Pop,73,6,71.07,71.07,HIGH:0 | MEDIUM:6 | LOW:0,Tier 2,56.5,YES,READY,none_detected,20% exact | 40% partial | 20% branded | 10% URL | 10% generic
/states/fl/cash-pop/latenight,session,fl,Florida,Cash Pop,73,6,71.07,71.07,HIGH:0 | MEDIUM:6 | LOW:0,Tier 2,56.5,YES,READY,none_detected,20% exact | 40% partial | 20% branded | 10% URL | 10% generic
/states/fl/cash-pop/matinee,session,fl,Florida,Cash Pop,73,6,71.07,71.07,HIGH:0 | MEDIUM:6 | LOW:0,Tier 2,56.5,YES,READY,none_detected,20% exact | 40% partial | 20% branded | 10% URL | 10% generic
/states/fl/cash-pop/morning,session,fl,Florida,Cash Pop,73,6,71.07,71.07,HIGH:0 | MEDIUM:6 | LOW:0,Tier 2,56.5,YES,READY,none_detected,20% exact | 40% partial | 20% branded | 10% URL | 10% generic
/states/fl/fantasy-5/evening,session,fl,Florida,Fantasy 5,73,6,71.07,71.07,HIGH:0 | MEDIUM:6 | LOW:0,Tier 2,56.5,YES,READY,none_detected,20% exact | 40% partial | 20% branded | 10% URL | 10% generic
/states/fl/fantasy-5/midday,session,fl,Florida,Fantasy 5,73,6,71.07,71.07,HIGH:0 | MEDIUM:6 | LOW:0,Tier 2,56.5,YES,READY,none_detected,20% exact | 40% partial | 20% branded | 10% URL | 10% generic
/states/fl/lotto/stats,stats,fl,Florida,Lotto,73,4,71.07,71.07,HIGH:0 | MEDIUM:4 | LOW:0,Tier 2,56.5,YES,READY,none_detected,20% exact | 40% partial | 20% branded | 10% URL | 10% generic
/states/fl/pick-2/evening,session,fl,Florida,Pick 2,73,6,71.07,71.07,HIGH:0 | MEDIUM:6 | LOW:0,Tier 2,56.5,YES,READY,none_detected,20% exact | 40% partial | 20% branded | 10% URL | 10% generic
/states/fl/pick-2/midday,session,fl,Florida,Pick 2,73,6,71.07,71.07,HIGH:0 | MEDIUM:6 | LOW:0,Tier 2,56.5,YES,READY,none_detected,20% exact | 40% partial | 20% branded | 10% URL | 10% generic
/states/fl/pick-4/stats,stats,fl,Florida,Pick 4,73,4,71.07,71.07,HIGH:0 | MEDIUM:4 | LOW:0,Tier 2,56.5,YES,READY,none_detected,20% exact | 40% partial | 20% branded | 10% URL | 10% generic
/states/fl/pick-5/evening,session,fl,Florida,Pick 5,73,6,71.07,71.07,HIGH:0 | MEDIUM:6 | LOW:0,Tier 2,56.5,YES,READY,none_detected,20% exact | 40% partial | 20% branded | 10% URL | 10% generic
/states/fl/pick-5/midday,session,fl,Florida,Pick 5,73,6,71.07,71.07,HIGH:0 | MEDIUM:6 | LOW:0,Tier 2,56.5,YES,READY,none_detected,20% exact | 40% partial | 20% branded | 10% URL | 10% generic
/states/il/lotto/historical,historical,il,Illinois,Lotto,73,4,71.07,71.07,HIGH:0 | MEDIUM:4 | LOW:0,Tier 2,56.5,YES,READY,none_detected,20% exact | 40% partial | 20% branded | 10% URL | 10% generic
/states/il/lucky-day-lotto/historical,historical,il,Illinois,Lucky Day Lotto,73,4,71.07,71.07,HIGH:0 | MEDIUM:4 | LOW:0,Tier 2,56.5,YES,READY,none_detected,20% exact | 40% partial | 20% branded | 10% URL | 10% generic
/states/il/pick-4/historical,historical,il,Illinois,Pick 4,73,4,71.07,71.07,HIGH:0 | MEDIUM:4 | LOW:0,Tier 2,56.5,YES,READY,none_detected,20% exact | 40% partial | 20% branded | 10% URL | 10% generic
/states/in/mega-millions/stats,stats,in,Indiana,Mega Millions,73,4,71.07,71.07,HIGH:0 | MEDIUM:4 | LOW:0,Tier 2,56.5,YES,READY,none_detected,20% exact | 40% partial | 20% branded | 10% URL | 10% generic
/states/in/powerball-double-play/stats,stats,in,Indiana,Powerball Double Play,73,4,71.07,71.07,HIGH:0 | MEDIUM:4 | LOW:0,Tier 2,56.5,YES,READY,none_detected,20% exact | 40% partial | 20% branded | 10% URL | 10% generic
/states/in/powerball/stats,stats,in,Indiana,Powerball,73,4,71.07,71.07,HIGH:0 | MEDIUM:4 | LOW:0,Tier 2,56.5,YES,READY,none_detected,20% exact | 40% partial | 20% branded | 10% URL | 10% generic
/states/md/pick-3/historical,historical,md,Maryland,Pick 3,73,4,71.07,71.07,HIGH:0 | MEDIUM:4 | LOW:0,Tier 2,56.5,YES,READY,none_detected,20% exact | 40% partial | 20% branded | 10% URL | 10% generic
/states/mi/lotto-47/historical,historical,mi,Michigan,Lotto 47,73,4,71.07,71.07,HIGH:0 | MEDIUM:4 | LOW:0,Tier 2,56.5,YES,READY,none_detected,20% exact | 40% partial | 20% branded | 10% URL | 10% generic
/states/mi/poker-lotto/historical,historical,mi,Michigan,Poker Lotto,73,4,71.07,71.07,HIGH:0 | MEDIUM:4 | LOW:0,Tier 2,56.5,YES,READY,none_detected,20% exact | 40% partial | 20% branded | 10% URL | 10% generic
/states/mo/mega-millions/stats,stats,mo,Missouri,Mega Millions,73,4,71.07,71.07,HIGH:0 | MEDIUM:4 | LOW:0,Tier 2,56.5,YES,READY,none_detected,20% exact | 40% partial | 20% branded | 10% URL | 10% generic
/states/mo/pick-4/evening,session,mo,Missouri,Pick 4,73,6,71.07,71.07,HIGH:0 | MEDIUM:6 | LOW:0,Tier 2,56.5,YES,READY,none_detected,20% exact | 40% partial | 20% branded | 10% URL | 10% generic
/states/mo/pick-4/midday,session,mo,Missouri,Pick 4,73,6,71.07,71.07,HIGH:0 | MEDIUM:6 | LOW:0,Tier 2,56.5,YES,READY,none_detected,20% exact | 40% partial | 20% branded | 10% URL | 10% generic
/states/mo/powerball-double-play/stats,stats,mo,Missouri,Powerball Double Play,73,4,71.07,71.07,HIGH:0 | MEDIUM:4 | LOW:0,Tier 2,56.5,YES,READY,none_detected,20% exact | 40% partial | 20% branded | 10% URL | 10% generic
/states/mo/powerball/stats,stats,mo,Missouri,Powerball,73,4,71.07,71.07,HIGH:0 | MEDIUM:4 | LOW:0,Tier 2,56.5,YES,READY,none_detected,20% exact | 40% partial | 20% branded | 10% URL | 10% generic
/states/nc/cash-5/historical,historical,nc,North Carolina,Cash 5,73,4,71.07,71.07,HIGH:0 | MEDIUM:4 | LOW:0,Tier 2,56.5,YES,READY,none_detected,20% exact | 40% partial | 20% branded | 10% URL | 10% generic
/states/nc/pick-4/historical,historical,nc,North Carolina,Pick 4,73,4,71.07,71.07,HIGH:0 | MEDIUM:4 | LOW:0,Tier 2,56.5,YES,READY,none_detected,20% exact | 40% partial | 20% branded | 10% URL | 10% generic
/states/nj/pick-3/stats,stats,nj,New Jersey,Pick 3,73,4,71.07,71.07,HIGH:0 | MEDIUM:4 | LOW:0,Tier 2,56.5,YES,READY,none_detected,20% exact | 40% partial | 20% branded | 10% URL | 10% generic
/states/ny/lotto/stats,stats,ny,New York,Lotto,73,4,71.07,71.07,HIGH:0 | MEDIUM:4 | LOW:0,Tier 2,56.5,YES,READY,none_detected,20% exact | 40% partial | 20% branded | 10% URL | 10% generic
/states/ny/numbers/evening,session,ny,New York,Numbers,73,6,71.07,71.07,HIGH:0 | MEDIUM:6 | LOW:0,Tier 2,56.5,YES,READY,none_detected,20% exact | 40% partial | 20% branded | 10% URL | 10% generic
/states/ny/numbers/midday,session,ny,New York,Numbers,73,6,71.07,71.07,HIGH:0 | MEDIUM:6 | LOW:0,Tier 2,56.5,YES,READY,none_detected,20% exact | 40% partial | 20% branded | 10% URL | 10% generic
/states/ny/take-5/evening,session,ny,New York,Take 5,73,6,71.07,71.07,HIGH:0 | MEDIUM:6 | LOW:0,Tier 2,56.5,YES,READY,none_detected,20% exact | 40% partial | 20% branded | 10% URL | 10% generic
/states/ny/take-5/midday,session,ny,New York,Take 5,73,6,71.07,71.07,HIGH:0 | MEDIUM:6 | LOW:0,Tier 2,56.5,YES,READY,none_detected,20% exact | 40% partial | 20% branded | 10% URL | 10% generic
/states/ny/win-4/evening,session,ny,New York,Win 4,73,6,71.07,71.07,HIGH:0 | MEDIUM:6 | LOW:0,Tier 2,56.5,YES,READY,none_detected,20% exact | 40% partial | 20% branded | 10% URL | 10% generic
/states/ny/win-4/midday,session,ny,New York,Win 4,73,6,71.07,71.07,HIGH:0 | MEDIUM:6 | LOW:0,Tier 2,56.5,YES,READY,none_detected,20% exact | 40% partial | 20% branded | 10% URL | 10% generic
/states/oh/classic-lotto/historical,historical,oh,Ohio,Classic Lotto,73,4,71.07,71.07,HIGH:0 | MEDIUM:4 | LOW:0,Tier 2,56.5,YES,READY,none_detected,20% exact | 40% partial | 20% branded | 10% URL | 10% generic
/states/oh/pick-4/historical,historical,oh,Ohio,Pick 4,73,4,71.07,71.07,HIGH:0 | MEDIUM:4 | LOW:0,Tier 2,56.5,YES,READY,none_detected,20% exact | 40% partial | 20% branded | 10% URL | 10% generic
/states/oh/rolling-cash-5/historical,historical,oh,Ohio,Rolling Cash 5,73,4,71.07,71.07,HIGH:0 | MEDIUM:4 | LOW:0,Tier 2,56.5,YES,READY,none_detected,20% exact | 40% partial | 20% branded | 10% URL | 10% generic
/states/pa/pick-3/stats,stats,pa,Pennsylvania,Pick 3,73,4,71.07,71.07,HIGH:0 | MEDIUM:4 | LOW:0,Tier 2,56.5,YES,READY,none_detected,20% exact | 40% partial | 20% branded | 10% URL | 10% generic
/states/tn/mega-millions/stats,stats,tn,Tennessee,Mega Millions,73,4,71.07,71.07,HIGH:0 | MEDIUM:4 | LOW:0,Tier 2,56.5,YES,READY,none_detected,20% exact | 40% partial | 20% branded | 10% URL | 10% generic
/states/tn/powerball-double-play/stats,stats,tn,Tennessee,Powerball Double Play,73,4,71.07,71.07,HIGH:0 | MEDIUM:4 | LOW:0,Tier 2,56.5,YES,READY,none_detected,20% exact | 40% partial | 20% branded | 10% URL | 10% generic
/states/tn/powerball/stats,stats,tn,Tennessee,Powerball,73,4,71.07,71.07,HIGH:0 | MEDIUM:4 | LOW:0,Tier 2,56.5,YES,READY,none_detected,20% exact | 40% partial | 20% branded | 10% URL | 10% generic
/states/va/pick-3/historical,historical,va,Virginia,Pick 3,73,4,71.07,71.07,HIGH:0 | MEDIUM:4 | LOW:0,Tier 2,56.5,YES,READY,none_detected,20% exact | 40% partial | 20% branded | 10% URL | 10% generic
/states/wa/pick-3/historical,historical,wa,Washington,Pick 3,73,4,71.07,71.07,HIGH:0 | MEDIUM:4 | LOW:0,Tier 2,56.5,YES,READY,none_detected,20% exact | 40% partial | 20% branded | 10% URL | 10% generic
/states/ar/mega-millions/historical,historical,ar,Arkansas,Mega Millions,72,4,70.67,70.67,HIGH:0 | MEDIUM:4 | LOW:0,Tier 2,55.8,YES,READY,none_detected,20% exact | 40% partial | 20% branded | 10% URL | 10% generic
/states/ar/powerball/historical,historical,ar,Arkansas,Powerball,72,4,70.67,70.67,HIGH:0 | MEDIUM:4 | LOW:0,Tier 2,55.8,YES,READY,none_detected,20% exact | 40% partial | 20% branded | 10% URL | 10% generic
/states/ca/daily-3/historical,historical,ca,California,Daily 3,72,4,70.67,70.67,HIGH:0 | MEDIUM:4 | LOW:0,Tier 2,55.8,YES,READY,none_detected,20% exact | 40% partial | 20% branded | 10% URL | 10% generic
/states/ca/daily-4/historical,historical,ca,California,Daily 4,72,4,70.67,70.67,HIGH:0 | MEDIUM:4 | LOW:0,Tier 2,55.8,YES,READY,none_detected,20% exact | 40% partial | 20% branded | 10% URL | 10% generic
/states/ca/daily-derby/historical,historical,ca,California,Daily Derby,72,4,70.67,70.67,HIGH:0 | MEDIUM:4 | LOW:0,Tier 2,55.8,YES,READY,none_detected,20% exact | 40% partial | 20% branded | 10% URL | 10% generic
/states/ca/fantasy-5/historical,historical,ca,California,Fantasy 5,72,4,70.67,70.67,HIGH:0 | MEDIUM:4 | LOW:0,Tier 2,55.8,YES,READY,none_detected,20% exact | 40% partial | 20% branded | 10% URL | 10% generic
/states/co/mega-millions/historical,historical,co,Colorado,Mega Millions,72,4,70.67,70.67,HIGH:0 | MEDIUM:4 | LOW:0,Tier 2,55.8,YES,READY,none_detected,20% exact | 40% partial | 20% branded | 10% URL | 10% generic
/states/co/powerball-double-play/historical,historical,co,Colorado,Powerball Double Play,72,4,70.67,70.67,HIGH:0 | MEDIUM:4 | LOW:0,Tier 2,55.8,YES,READY,title_length(MEDIUM),20% exact | 40% partial | 20% branded | 10% URL | 10% generic
/states/co/powerball/historical,historical,co,Colorado,Powerball,72,4,70.67,70.67,HIGH:0 | MEDIUM:4 | LOW:0,Tier 2,55.8,YES,READY,none_detected,20% exact | 40% partial | 20% branded | 10% URL | 10% generic
/states/ct/mega-millions/historical,historical,ct,Connecticut,Mega Millions,72,4,70.67,70.67,HIGH:0 | MEDIUM:4 | LOW:0,Tier 2,55.8,YES,READY,none_detected,20% exact | 40% partial | 20% branded | 10% URL | 10% generic
/states/ct/powerball-double-play/historical,historical,ct,Connecticut,Powerball Double Play,72,4,70.67,70.67,HIGH:0 | MEDIUM:4 | LOW:0,Tier 2,55.8,YES,READY,title_length(MEDIUM),20% exact | 40% partial | 20% branded | 10% URL | 10% generic
/states/ct/powerball/historical,historical,ct,Connecticut,Powerball,72,4,70.67,70.67,HIGH:0 | MEDIUM:4 | LOW:0,Tier 2,55.8,YES,READY,none_detected,20% exact | 40% partial | 20% branded | 10% URL | 10% generic
/states/dc/mega-millions/historical,historical,dc,"Washington, D.C.",Mega Millions,72,4,70.67,70.67,HIGH:0 | MEDIUM:4 | LOW:0,Tier 2,55.8,YES,READY,none_detected,20% exact | 40% partial | 20% branded | 10% URL | 10% generic
/states/dc/powerball-double-play/historical,historical,dc,"Washington, D.C.",Powerball Double Play,72,4,70.67,70.67,HIGH:0 | MEDIUM:4 | LOW:0,Tier 2,55.8,YES,READY,none_detected,20% exact | 40% partial | 20% branded | 10% URL | 10% generic
/states/dc/powerball/historical,historical,dc,"Washington, D.C.",Powerball,72,4,70.67,70.67,HIGH:0 | MEDIUM:4 | LOW:0,Tier 2,55.8,YES,READY,none_detected,20% exact | 40% partial | 20% branded | 10% URL | 10% generic
/states/de/mega-millions/historical,historical,de,Delaware,Mega Millions,72,4,70.67,70.67,HIGH:0 | MEDIUM:4 | LOW:0,Tier 2,55.8,YES,READY,none_detected,20% exact | 40% partial | 20% branded | 10% URL | 10% generic
/states/de/powerball/historical,historical,de,Delaware,Powerball,72,4,70.67,70.67,HIGH:0 | MEDIUM:4 | LOW:0,Tier 2,55.8,YES,READY,none_detected,20% exact | 40% partial | 20% branded | 10% URL | 10% generic
/states/fl/jackpot-triple-play/stats,stats,fl,Florida,Jackpot Triple Play,72,4,70.67,70.67,HIGH:0 | MEDIUM:4 | LOW:0,Tier 2,55.8,YES,READY,none_detected,20% exact | 40% partial | 20% branded | 10% URL | 10% generic
/states/ia/mega-millions/historical,historical,ia,Iowa,Mega Millions,72,4,70.67,70.67,HIGH:0 | MEDIUM:4 | LOW:0,Tier 2,55.8,YES,READY,none_detected,20% exact | 40% partial | 20% branded | 10% URL | 10% generic
/states/ia/powerball-double-play/historical,historical,ia,Iowa,Powerball Double Play,72,4,70.67,70.67,HIGH:0 | MEDIUM:4 | LOW:0,Tier 2,55.8,YES,READY,none_detected,20% exact | 40% partial | 20% branded | 10% URL | 10% generic
/states/ia/powerball/historical,historical,ia,Iowa,Powerball,72,4,70.67,70.67,HIGH:0 | MEDIUM:4 | LOW:0,Tier 2,55.8,YES,READY,none_detected,20% exact | 40% partial | 20% branded | 10% URL | 10% generic
/states/id/mega-millions/historical,historical,id,Idaho,Mega Millions,72,4,70.67,70.67,HIGH:0 | MEDIUM:4 | LOW:0,Tier 2,55.8,YES,READY,none_detected,20% exact | 40% partial | 20% branded | 10% URL | 10% generic
/states/id/powerball-double-play/historical,historical,id,Idaho,Powerball Double Play,72,4,70.67,70.67,HIGH:0 | MEDIUM:4 | LOW:0,Tier 2,55.8,YES,READY,none_detected,20% exact | 40% partial | 20% branded | 10% URL | 10% generic
/states/id/powerball/historical,historical,id,Idaho,Powerball,72,4,70.67,70.67,HIGH:0 | MEDIUM:4 | LOW:0,Tier 2,55.8,YES,READY,none_detected,20% exact | 40% partial | 20% branded | 10% URL | 10% generic
/states/il/pick-3/stats,stats,il,Illinois,Pick 3,72,4,70.67,70.67,HIGH:0 | MEDIUM:4 | LOW:0,Tier 2,55.8,YES,READY,none_detected,20% exact | 40% partial | 20% branded | 10% URL | 10% generic
/states/ks/mega-millions/historical,historical,ks,Kansas,Mega Millions,72,4,70.67,70.67,HIGH:0 | MEDIUM:4 | LOW:0,Tier 2,55.8,YES,READY,none_detected,20% exact | 40% partial | 20% branded | 10% URL | 10% generic
/states/ks/powerball-double-play/historical,historical,ks,Kansas,Powerball Double Play,72,4,70.67,70.67,HIGH:0 | MEDIUM:4 | LOW:0,Tier 2,55.8,YES,READY,none_detected,20% exact | 40% partial | 20% branded | 10% URL | 10% generic
/states/ks/powerball/historical,historical,ks,Kansas,Powerball,72,4,70.67,70.67,HIGH:0 | MEDIUM:4 | LOW:0,Tier 2,55.8,YES,READY,none_detected,20% exact | 40% partial | 20% branded | 10% URL | 10% generic
/states/ky/mega-millions/historical,historical,ky,Kentucky,Mega Millions,72,4,70.67,70.67,HIGH:0 | MEDIUM:4 | LOW:0,Tier 2,55.8,YES,READY,none_detected,20% exact | 40% partial | 20% branded | 10% URL | 10% generic
/states/ky/powerball-double-play/historical,historical,ky,Kentucky,Powerball Double Play,72,4,70.67,70.67,HIGH:0 | MEDIUM:4 | LOW:0,Tier 2,55.8,YES,READY,none_detected,20% exact | 40% partial | 20% branded | 10% URL | 10% generic
/states/ky/powerball/historical,historical,ky,Kentucky,Powerball,72,4,70.67,70.67,HIGH:0 | MEDIUM:4 | LOW:0,Tier 2,55.8,YES,READY,none_detected,20% exact | 40% partial | 20% branded | 10% URL | 10% generic
/states/la/mega-millions/historical,historical,la,Louisiana,Mega Millions,72,4,70.67,70.67,HIGH:0 | MEDIUM:4 | LOW:0,Tier 2,55.8,YES,READY,none_detected,20% exact | 40% partial | 20% branded | 10% URL | 10% generic
/states/la/powerball/historical,historical,la,Louisiana,Powerball,72,4,70.67,70.67,HIGH:0 | MEDIUM:4 | LOW:0,Tier 2,55.8,YES,READY,none_detected,20% exact | 40% partial | 20% branded | 10% URL | 10% generic
/states/md/pick-4/historical,historical,md,Maryland,Pick 4,72,4,70.67,70.67,HIGH:0 | MEDIUM:4 | LOW:0,Tier 2,55.8,YES,READY,none_detected,20% exact | 40% partial | 20% branded | 10% URL | 10% generic
/states/me/mega-millions/historical,historical,me,Maine,Mega Millions,72,4,70.67,70.67,HIGH:0 | MEDIUM:4 | LOW:0,Tier 2,55.8,YES,READY,none_detected,20% exact | 40% partial | 20% branded | 10% URL | 10% generic
/states/me/powerball-double-play/historical,historical,me,Maine,Powerball Double Play,72,4,70.67,70.67,HIGH:0 | MEDIUM:4 | LOW:0,Tier 2,55.8,YES,READY,none_detected,20% exact | 40% partial | 20% branded | 10% URL | 10% generic
/states/me/powerball/historical,historical,me,Maine,Powerball,72,4,70.67,70.67,HIGH:0 | MEDIUM:4 | LOW:0,Tier 2,55.8,YES,READY,none_detected,20% exact | 40% partial | 20% branded | 10% URL | 10% generic
/states/mi/keno/historical,historical,mi,Michigan,Keno,72,4,70.67,70.67,HIGH:0 | MEDIUM:4 | LOW:0,Tier 2,55.8,YES,READY,none_detected,20% exact | 40% partial | 20% branded | 10% URL | 10% generic
/states/mn/mega-millions/historical,historical,mn,Minnesota,Mega Millions,72,4,70.67,70.67,HIGH:0 | MEDIUM:4 | LOW:0,Tier 2,55.8,YES,READY,none_detected,20% exact | 40% partial | 20% branded | 10% URL | 10% generic
/states/mn/powerball/historical,historical,mn,Minnesota,Powerball,72,4,70.67,70.67,HIGH:0 | MEDIUM:4 | LOW:0,Tier 2,55.8,YES,READY,none_detected,20% exact | 40% partial | 20% branded | 10% URL | 10% generic
/states/mo/pick-3/historical,historical,mo,Missouri,Pick 3,72,4,70.67,70.67,HIGH:0 | MEDIUM:4 | LOW:0,Tier 2,55.8,YES,READY,none_detected,20% exact | 40% partial | 20% branded | 10% URL | 10% generic
/states/ms/mega-millions/historical,historical,ms,Mississippi,Mega Millions,72,4,70.67,70.67,HIGH:0 | MEDIUM:4 | LOW:0,Tier 2,55.8,YES,READY,none_detected,20% exact | 40% partial | 20% branded | 10% URL | 10% generic
/states/ms/powerball-double-play/historical,historical,ms,Mississippi,Powerball Double Play,72,4,70.67,70.67,HIGH:0 | MEDIUM:4 | LOW:0,Tier 2,55.8,YES,READY,none_detected,20% exact | 40% partial | 20% branded | 10% URL | 10% generic
/states/ms/powerball/historical,historical,ms,Mississippi,Powerball,72,4,70.67,70.67,HIGH:0 | MEDIUM:4 | LOW:0,Tier 2,55.8,YES,READY,none_detected,20% exact | 40% partial | 20% branded | 10% URL | 10% generic
/states/mt/mega-millions/historical,historical,mt,Montana,Mega Millions,72,4,70.67,70.67,HIGH:0 | MEDIUM:4 | LOW:0,Tier 2,55.8,YES,READY,none_detected,20% exact | 40% partial | 20% branded | 10% URL | 10% generic
/states/mt/powerball-double-play/historical,historical,mt,Montana,Powerball Double Play,72,4,70.67,70.67,HIGH:0 | MEDIUM:4 | LOW:0,Tier 2,55.8,YES,READY,none_detected,20% exact | 40% partial | 20% branded | 10% URL | 10% generic
/states/mt/powerball/historical,historical,mt,Montana,Powerball,72,4,70.67,70.67,HIGH:0 | MEDIUM:4 | LOW:0,Tier 2,55.8,YES,READY,none_detected,20% exact | 40% partial | 20% branded | 10% URL | 10% generic
/states/nc/pick-3/stats,stats,nc,North Carolina,Pick 3,72,4,70.67,70.67,HIGH:0 | MEDIUM:4 | LOW:0,Tier 2,55.8,YES,READY,none_detected,20% exact | 40% partial | 20% branded | 10% URL | 10% generic
/states/nd/mega-millions/historical,historical,nd,North Dakota,Mega Millions,72,4,70.67,70.67,HIGH:0 | MEDIUM:4 | LOW:0,Tier 2,55.8,YES,READY,none_detected,20% exact | 40% partial | 20% branded | 10% URL | 10% generic
/states/nd/powerball/historical,historical,nd,North Dakota,Powerball,72,4,70.67,70.67,HIGH:0 | MEDIUM:4 | LOW:0,Tier 2,55.8,YES,READY,none_detected,20% exact | 40% partial | 20% branded | 10% URL | 10% generic
/states/ne/mega-millions/historical,historical,ne,Nebraska,Mega Millions,72,4,70.67,70.67,HIGH:0 | MEDIUM:4 | LOW:0,Tier 2,55.8,YES,READY,none_detected,20% exact | 40% partial | 20% branded | 10% URL | 10% generic
/states/ne/powerball-double-play/historical,historical,ne,Nebraska,Powerball Double Play,72,4,70.67,70.67,HIGH:0 | MEDIUM:4 | LOW:0,Tier 2,55.8,YES,READY,none_detected,20% exact | 40% partial | 20% branded | 10% URL | 10% generic
/states/ne/powerball/historical,historical,ne,Nebraska,Powerball,72,4,70.67,70.67,HIGH:0 | MEDIUM:4 | LOW:0,Tier 2,55.8,YES,READY,none_detected,20% exact | 40% partial | 20% branded | 10% URL | 10% generic
/states/nh/mega-millions/historical,historical,nh,New Hampshire,Mega Millions,72,4,70.67,70.67,HIGH:0 | MEDIUM:4 | LOW:0,Tier 2,55.8,YES,READY,none_detected,20% exact | 40% partial | 20% branded | 10% URL | 10% generic
/states/nh/powerball/historical,historical,nh,New Hampshire,Powerball,72,4,70.67,70.67,HIGH:0 | MEDIUM:4 | LOW:0,Tier 2,55.8,YES,READY,none_detected,20% exact | 40% partial | 20% branded | 10% URL | 10% generic
/states/nj/jersey-cash-5/stats,stats,nj,New Jersey,Jersey Cash 5,72,4,70.67,70.67,HIGH:0 | MEDIUM:4 | LOW:0,Tier 2,55.8,YES,READY,none_detected,20% exact | 40% partial | 20% branded | 10% URL | 10% generic
/states/nj/pick-4/stats,stats,nj,New Jersey,Pick 4,72,4,70.67,70.67,HIGH:0 | MEDIUM:4 | LOW:0,Tier 2,55.8,YES,READY,none_detected,20% exact | 40% partial | 20% branded | 10% URL | 10% generic
/states/nm/mega-millions/historical,historical,nm,New Mexico,Mega Millions,72,4,70.67,70.67,HIGH:0 | MEDIUM:4 | LOW:0,Tier 2,55.8,YES,READY,none_detected,20% exact | 40% partial | 20% branded | 10% URL | 10% generic
/states/nm/powerball-double-play/historical,historical,nm,New Mexico,Powerball Double Play,72,4,70.67,70.67,HIGH:0 | MEDIUM:4 | LOW:0,Tier 2,55.8,YES,READY,none_detected,20% exact | 40% partial | 20% branded | 10% URL | 10% generic
/states/nm/powerball/historical,historical,nm,New Mexico,Powerball,72,4,70.67,70.67,HIGH:0 | MEDIUM:4 | LOW:0,Tier 2,55.8,YES,READY,none_detected,20% exact | 40% partial | 20% branded | 10% URL | 10% generic
/states/oh/pick-3/stats,stats,oh,Ohio,Pick 3,72,4,70.67,70.67,HIGH:0 | MEDIUM:4 | LOW:0,Tier 2,55.8,YES,READY,none_detected,20% exact | 40% partial | 20% branded | 10% URL | 10% generic
/states/ok/mega-millions/historical,historical,ok,Oklahoma,Mega Millions,72,4,70.67,70.67,HIGH:0 | MEDIUM:4 | LOW:0,Tier 2,55.8,YES,READY,none_detected,20% exact | 40% partial | 20% branded | 10% URL | 10% generic
/states/ok/powerball-double-play/historical,historical,ok,Oklahoma,Powerball Double Play,72,4,70.67,70.67,HIGH:0 | MEDIUM:4 | LOW:0,Tier 2,55.8,YES,READY,none_detected,20% exact | 40% partial | 20% branded | 10% URL | 10% generic
/states/ok/powerball/historical,historical,ok,Oklahoma,Powerball,72,4,70.67,70.67,HIGH:0 | MEDIUM:4 | LOW:0,Tier 2,55.8,YES,READY,none_detected,20% exact | 40% partial | 20% branded | 10% URL | 10% generic
/states/or/mega-millions/historical,historical,or,Oregon,Mega Millions,72,4,70.67,70.67,HIGH:0 | MEDIUM:4 | LOW:0,Tier 2,55.8,YES,READY,none_detected,20% exact | 40% partial | 20% branded | 10% URL | 10% generic
/states/or/powerball/historical,historical,or,Oregon,Powerball,72,4,70.67,70.67,HIGH:0 | MEDIUM:4 | LOW:0,Tier 2,55.8,YES,READY,none_detected,20% exact | 40% partial | 20% branded | 10% URL | 10% generic
/states/pa/cash-5/stats,stats,pa,Pennsylvania,Cash 5,72,4,70.67,70.67,HIGH:0 | MEDIUM:4 | LOW:0,Tier 2,55.8,YES,READY,none_detected,20% exact | 40% partial | 20% branded | 10% URL | 10% generic
/states/pa/cash-pop/lunchbreak,session,pa,Pennsylvania,Cash Pop,72,6,70.67,70.67,HIGH:0 | MEDIUM:6 | LOW:0,Tier 2,55.8,YES,READY,none_detected,20% exact | 40% partial | 20% branded | 10% URL | 10% generic
/states/pa/cash-pop/morningbuzz,session,pa,Pennsylvania,Cash Pop,72,6,70.67,70.67,HIGH:0 | MEDIUM:6 | LOW:0,Tier 2,55.8,YES,READY,none_detected,20% exact | 40% partial | 20% branded | 10% URL | 10% generic
/states/pa/cash-pop/nightowl,session,pa,Pennsylvania,Cash Pop,72,6,70.67,70.67,HIGH:0 | MEDIUM:6 | LOW:0,Tier 2,55.8,YES,READY,none_detected,20% exact | 40% partial | 20% branded | 10% URL | 10% generic
/states/pa/cash-pop/primetime,session,pa,Pennsylvania,Cash Pop,72,6,70.67,70.67,HIGH:0 | MEDIUM:6 | LOW:0,Tier 2,55.8,YES,READY,none_detected,20% exact | 40% partial | 20% branded | 10% URL | 10% generic
/states/pa/pick-2/day,session,pa,Pennsylvania,Pick 2,72,6,70.67,70.67,HIGH:0 | MEDIUM:6 | LOW:0,Tier 2,55.8,YES,READY,none_detected,20% exact | 40% partial | 20% branded | 10% URL | 10% generic
/states/pa/pick-2/evening,session,pa,Pennsylvania,Pick 2,72,6,70.67,70.67,HIGH:0 | MEDIUM:6 | LOW:0,Tier 2,55.8,YES,READY,none_detected,20% exact | 40% partial | 20% branded | 10% URL | 10% generic
/states/pa/pick-4/stats,stats,pa,Pennsylvania,Pick 4,72,4,70.67,70.67,HIGH:0 | MEDIUM:4 | LOW:0,Tier 2,55.8,YES,READY,none_detected,20% exact | 40% partial | 20% branded | 10% URL | 10% generic
/states/pa/pick-5/day,session,pa,Pennsylvania,Pick 5,72,6,70.67,70.67,HIGH:0 | MEDIUM:6 | LOW:0,Tier 2,55.8,YES,READY,none_detected,20% exact | 40% partial | 20% branded | 10% URL | 10% generic
/states/pa/pick-5/evening,session,pa,Pennsylvania,Pick 5,72,6,70.67,70.67,HIGH:0 | MEDIUM:6 | LOW:0,Tier 2,55.8,YES,READY,none_detected,20% exact | 40% partial | 20% branded | 10% URL | 10% generic
/states/pr/pega-2/dia,session,pr,Puerto Rico,Pega 2,72,6,70.67,70.67,HIGH:0 | MEDIUM:6 | LOW:0,Tier 2,55.8,YES,READY,none_detected,20% exact | 40% partial | 20% branded | 10% URL | 10% generic
/states/pr/pega-2/noche,session,pr,Puerto Rico,Pega 2,72,6,70.67,70.67,HIGH:0 | MEDIUM:6 | LOW:0,Tier 2,55.8,YES,READY,none_detected,20% exact | 40% partial | 20% branded | 10% URL | 10% generic
/states/pr/pega-3/dia,session,pr,Puerto Rico,Pega 3,72,6,70.67,70.67,HIGH:0 | MEDIUM:6 | LOW:0,Tier 2,55.8,YES,READY,none_detected,20% exact | 40% partial | 20% branded | 10% URL | 10% generic
/states/pr/pega-3/noche,session,pr,Puerto Rico,Pega 3,72,6,70.67,70.67,HIGH:0 | MEDIUM:6 | LOW:0,Tier 2,55.8,YES,READY,none_detected,20% exact | 40% partial | 20% branded | 10% URL | 10% generic
/states/pr/pega-4/dia,session,pr,Puerto Rico,Pega 4,72,6,70.67,70.67,HIGH:0 | MEDIUM:6 | LOW:0,Tier 2,55.8,YES,READY,none_detected,20% exact | 40% partial | 20% branded | 10% URL | 10% generic
/states/pr/pega-4/noche,session,pr,Puerto Rico,Pega 4,72,6,70.67,70.67,HIGH:0 | MEDIUM:6 | LOW:0,Tier 2,55.8,YES,READY,none_detected,20% exact | 40% partial | 20% branded | 10% URL | 10% generic
/states/ri/mega-millions/historical,historical,ri,Rhode Island,Mega Millions,72,4,70.67,70.67,HIGH:0 | MEDIUM:4 | LOW:0,Tier 2,55.8,YES,READY,none_detected,20% exact | 40% partial | 20% branded | 10% URL | 10% generic
/states/ri/powerball/historical,historical,ri,Rhode Island,Powerball,72,4,70.67,70.67,HIGH:0 | MEDIUM:4 | LOW:0,Tier 2,55.8,YES,READY,none_detected,20% exact | 40% partial | 20% branded | 10% URL | 10% generic
/states/sc/mega-millions/historical,historical,sc,South Carolina,Mega Millions,72,4,70.67,70.67,HIGH:0 | MEDIUM:4 | LOW:0,Tier 2,55.8,YES,READY,none_detected,20% exact | 40% partial | 20% branded | 10% URL | 10% generic
/states/sc/powerball-double-play/historical,historical,sc,South Carolina,Powerball Double Play,72,4,70.67,70.67,HIGH:0 | MEDIUM:4 | LOW:0,Tier 2,55.8,YES,READY,none_detected,20% exact | 40% partial | 20% branded | 10% URL | 10% generic
/states/sc/powerball/historical,historical,sc,South Carolina,Powerball,72,4,70.67,70.67,HIGH:0 | MEDIUM:4 | LOW:0,Tier 2,55.8,YES,READY,none_detected,20% exact | 40% partial | 20% branded | 10% URL | 10% generic
/states/sd/mega-millions/historical,historical,sd,South Dakota,Mega Millions,72,4,70.67,70.67,HIGH:0 | MEDIUM:4 | LOW:0,Tier 2,55.8,YES,READY,none_detected,20% exact | 40% partial | 20% branded | 10% URL | 10% generic
/states/sd/powerball-double-play/historical,historical,sd,South Dakota,Powerball Double Play,72,4,70.67,70.67,HIGH:0 | MEDIUM:4 | LOW:0,Tier 2,55.8,YES,READY,none_detected,20% exact | 40% partial | 20% branded | 10% URL | 10% generic
/states/sd/powerball/historical,historical,sd,South Dakota,Powerball,72,4,70.67,70.67,HIGH:0 | MEDIUM:4 | LOW:0,Tier 2,55.8,YES,READY,none_detected,20% exact | 40% partial | 20% branded | 10% URL | 10% generic
/states/tx/all-or-nothing/historical,historical,tx,Texas,All OR Nothing,72,4,70.67,70.67,HIGH:0 | MEDIUM:4 | LOW:0,Tier 2,55.8,YES,READY,none_detected,20% exact | 40% partial | 20% branded | 10% URL | 10% generic
/states/tx/daily-4/historical,historical,tx,Texas,Daily 4,72,4,70.67,70.67,HIGH:0 | MEDIUM:4 | LOW:0,Tier 2,55.8,YES,READY,none_detected,20% exact | 40% partial | 20% branded | 10% URL | 10% generic
/states/tx/texas-two-step/historical,historical,tx,Texas,Texas Two Step,72,4,70.67,70.67,HIGH:0 | MEDIUM:4 | LOW:0,Tier 2,55.8,YES,READY,none_detected,20% exact | 40% partial | 20% branded | 10% URL | 10% generic
/states/va/cash-5/historical,historical,va,Virginia,Cash 5,72,4,70.67,70.67,HIGH:0 | MEDIUM:4 | LOW:0,Tier 2,55.8,YES,READY,none_detected,20% exact | 40% partial | 20% branded | 10% URL | 10% generic
/states/va/pick-4/historical,historical,va,Virginia,Pick 4,72,4,70.67,70.67,HIGH:0 | MEDIUM:4 | LOW:0,Tier 2,55.8,YES,READY,none_detected,20% exact | 40% partial | 20% branded | 10% URL | 10% generic
/states/vt/mega-millions/historical,historical,vt,Vermont,Mega Millions,72,4,70.67,70.67,HIGH:0 | MEDIUM:4 | LOW:0,Tier 2,55.8,YES,READY,none_detected,20% exact | 40% partial | 20% branded | 10% URL | 10% generic
/states/vt/powerball/historical,historical,vt,Vermont,Powerball,72,4,70.67,70.67,HIGH:0 | MEDIUM:4 | LOW:0,Tier 2,55.8,YES,READY,none_detected,20% exact | 40% partial | 20% branded | 10% URL | 10% generic
/states/wa/lotto/historical,historical,wa,Washington,Lotto,72,4,70.67,70.67,HIGH:0 | MEDIUM:4 | LOW:0,Tier 2,55.8,YES,READY,none_detected,20% exact | 40% partial | 20% branded | 10% URL | 10% generic
/states/wi/mega-millions/historical,historical,wi,Wisconsin,Mega Millions,72,4,70.67,70.67,HIGH:0 | MEDIUM:4 | LOW:0,Tier 2,55.8,YES,READY,none_detected,20% exact | 40% partial | 20% branded | 10% URL | 10% generic
/states/wi/powerball/historical,historical,wi,Wisconsin,Powerball,72,4,70.67,70.67,HIGH:0 | MEDIUM:4 | LOW:0,Tier 2,55.8,YES,READY,none_detected,20% exact | 40% partial | 20% branded | 10% URL | 10% generic
/states/wv/mega-millions/historical,historical,wv,West Virginia,Mega Millions,72,4,70.67,70.67,HIGH:0 | MEDIUM:4 | LOW:0,Tier 2,55.8,YES,READY,none_detected,20% exact | 40% partial | 20% branded | 10% URL | 10% generic
/states/wv/powerball/historical,historical,wv,West Virginia,Powerball,72,4,70.67,70.67,HIGH:0 | MEDIUM:4 | LOW:0,Tier 2,55.8,YES,READY,none_detected,20% exact | 40% partial | 20% branded | 10% URL | 10% generic
/states/wy/mega-millions/historical,historical,wy,Wyoming,Mega Millions,72,4,70.67,70.67,HIGH:0 | MEDIUM:4 | LOW:0,Tier 2,55.8,YES,READY,none_detected,20% exact | 40% partial | 20% branded | 10% URL | 10% generic
/states/wy/powerball/historical,historical,wy,Wyoming,Powerball,72,4,70.67,70.67,HIGH:0 | MEDIUM:4 | LOW:0,Tier 2,55.8,YES,READY,none_detected,20% exact | 40% partial | 20% branded | 10% URL | 10% generic
/states/az/pick-3/stats,stats,az,Arizona,Pick 3,71,4,70.27,70.27,HIGH:0 | MEDIUM:4 | LOW:0,Tier 2,55.1,YES,READY,none_detected,20% exact | 40% partial | 20% branded | 10% URL | 10% generic
/states/co/pick-3/evening,session,co,Colorado,Pick 3,71,6,70.27,70.27,HIGH:0 | MEDIUM:6 | LOW:0,Tier 2,55.1,YES,READY,title_length(MEDIUM),20% exact | 40% partial | 20% branded | 10% URL | 10% generic
/states/co/pick-3/midday,session,co,Colorado,Pick 3,71,6,70.27,70.27,HIGH:0 | MEDIUM:6 | LOW:0,Tier 2,55.1,YES,READY,title_length(MEDIUM),20% exact | 40% partial | 20% branded | 10% URL | 10% generic
/states/fl/cash-pop/historical,historical,fl,Florida,Cash Pop,71,4,70.27,70.27,HIGH:0 | MEDIUM:4 | LOW:0,Tier 2,55.1,YES,READY,none_detected,20% exact | 40% partial | 20% branded | 10% URL | 10% generic
/states/fl/fantasy-5/historical,historical,fl,Florida,Fantasy 5,71,4,70.27,70.27,HIGH:0 | MEDIUM:4 | LOW:0,Tier 2,55.1,YES,READY,none_detected,20% exact | 40% partial | 20% branded | 10% URL | 10% generic
/states/fl/pick-2/historical,historical,fl,Florida,Pick 2,71,4,70.27,70.27,HIGH:0 | MEDIUM:4 | LOW:0,Tier 2,55.1,YES,READY,none_detected,20% exact | 40% partial | 20% branded | 10% URL | 10% generic
/states/fl/pick-5/historical,historical,fl,Florida,Pick 5,71,4,70.27,70.27,HIGH:0 | MEDIUM:4 | LOW:0,Tier 2,55.1,YES,READY,none_detected,20% exact | 40% partial | 20% branded | 10% URL | 10% generic
/states/ga/cash-3/evening,session,ga,Georgia,Cash 3,71,6,70.27,70.27,HIGH:0 | MEDIUM:6 | LOW:0,Tier 2,55.1,YES,READY,none_detected,20% exact | 40% partial | 20% branded | 10% URL | 10% generic
/states/ga/cash-3/midday,session,ga,Georgia,Cash 3,71,6,70.27,70.27,HIGH:0 | MEDIUM:6 | LOW:0,Tier 2,55.1,YES,READY,none_detected,20% exact | 40% partial | 20% branded | 10% URL | 10% generic
/states/ga/cash-3/night,session,ga,Georgia,Cash 3,71,6,70.27,70.27,HIGH:0 | MEDIUM:6 | LOW:0,Tier 2,55.1,YES,READY,none_detected,20% exact | 40% partial | 20% branded | 10% URL | 10% generic
/states/ga/cash-4/evening,session,ga,Georgia,Cash 4,71,6,70.27,70.27,HIGH:0 | MEDIUM:6 | LOW:0,Tier 2,55.1,YES,READY,none_detected,20% exact | 40% partial | 20% branded | 10% URL | 10% generic
/states/ga/cash-4/midday,session,ga,Georgia,Cash 4,71,6,70.27,70.27,HIGH:0 | MEDIUM:6 | LOW:0,Tier 2,55.1,YES,READY,none_detected,20% exact | 40% partial | 20% branded | 10% URL | 10% generic
/states/ga/cash-4/night,session,ga,Georgia,Cash 4,71,6,70.27,70.27,HIGH:0 | MEDIUM:6 | LOW:0,Tier 2,55.1,YES,READY,none_detected,20% exact | 40% partial | 20% branded | 10% URL | 10% generic
/states/ga/cash-pop/drivetime,session,ga,Georgia,Cash Pop,71,6,70.27,70.27,HIGH:0 | MEDIUM:6 | LOW:0,Tier 2,55.1,YES,READY,none_detected,20% exact | 40% partial | 20% branded | 10% URL | 10% generic
/states/ga/cash-pop/earlybird,session,ga,Georgia,Cash Pop,71,6,70.27,70.27,HIGH:0 | MEDIUM:6 | LOW:0,Tier 2,55.1,YES,READY,none_detected,20% exact | 40% partial | 20% branded | 10% URL | 10% generic
/states/ga/cash-pop/matinee,session,ga,Georgia,Cash Pop,71,6,70.27,70.27,HIGH:0 | MEDIUM:6 | LOW:0,Tier 2,55.1,YES,READY,none_detected,20% exact | 40% partial | 20% branded | 10% URL | 10% generic
/states/ga/cash-pop/nightowl,session,ga,Georgia,Cash Pop,71,6,70.27,70.27,HIGH:0 | MEDIUM:6 | LOW:0,Tier 2,55.1,YES,READY,none_detected,20% exact | 40% partial | 20% branded | 10% URL | 10% generic
/states/ga/cash-pop/primetime,session,ga,Georgia,Cash Pop,71,6,70.27,70.27,HIGH:0 | MEDIUM:6 | LOW:0,Tier 2,55.1,YES,READY,none_detected,20% exact | 40% partial | 20% branded | 10% URL | 10% generic
/states/ga/georgia-five/evening,session,ga,Georgia,Georgia Five,71,6,70.27,70.27,HIGH:0 | MEDIUM:6 | LOW:0,Tier 2,55.1,YES,READY,none_detected,20% exact | 40% partial | 20% branded | 10% URL | 10% generic
/states/ga/georgia-five/midday,session,ga,Georgia,Georgia Five,71,6,70.27,70.27,HIGH:0 | MEDIUM:6 | LOW:0,Tier 2,55.1,YES,READY,none_detected,20% exact | 40% partial | 20% branded | 10% URL | 10% generic
/states/ia/pick-3/evening,session,ia,Iowa,Pick 3,71,6,70.27,70.27,HIGH:0 | MEDIUM:6 | LOW:0,Tier 2,55.1,YES,READY,none_detected,20% exact | 40% partial | 20% branded | 10% URL | 10% generic
/states/ia/pick-3/midday,session,ia,Iowa,Pick 3,71,6,70.27,70.27,HIGH:0 | MEDIUM:6 | LOW:0,Tier 2,55.1,YES,READY,none_detected,20% exact | 40% partial | 20% branded | 10% URL | 10% generic
/states/id/pick-3/day,session,id,Idaho,Pick 3,71,6,70.27,70.27,HIGH:0 | MEDIUM:6 | LOW:0,Tier 2,55.1,YES,READY,none_detected,20% exact | 40% partial | 20% branded | 10% URL | 10% generic
/states/id/pick-3/night,session,id,Idaho,Pick 3,71,6,70.27,70.27,HIGH:0 | MEDIUM:6 | LOW:0,Tier 2,55.1,YES,READY,none_detected,20% exact | 40% partial | 20% branded | 10% URL | 10% generic
/states/il/lotto/stats,stats,il,Illinois,Lotto,71,4,70.27,70.27,HIGH:0 | MEDIUM:4 | LOW:0,Tier 2,55.1,YES,READY,none_detected,20% exact | 40% partial | 20% branded | 10% URL | 10% generic
/states/il/lucky-day-lotto/stats,stats,il,Illinois,Lucky Day Lotto,71,4,70.27,70.27,HIGH:0 | MEDIUM:4 | LOW:0,Tier 2,55.1,YES,READY,none_detected,20% exact | 40% partial | 20% branded | 10% URL | 10% generic
/states/il/pick-4/stats,stats,il,Illinois,Pick 4,71,4,70.27,70.27,HIGH:0 | MEDIUM:4 | LOW:0,Tier 2,55.1,YES,READY,none_detected,20% exact | 40% partial | 20% branded | 10% URL | 10% generic
/states/in/cash-5/historical,historical,in,Indiana,Cash 5,71,4,70.27,70.27,HIGH:0 | MEDIUM:4 | LOW:0,Tier 2,55.1,YES,READY,none_detected,20% exact | 40% partial | 20% branded | 10% URL | 10% generic
/states/in/hoosier-lotto-plus/historical,historical,in,Indiana,Hoosier Lotto Plus,71,4,70.27,70.27,HIGH:0 | MEDIUM:4 | LOW:0,Tier 2,55.1,YES,READY,none_detected,20% exact | 40% partial | 20% branded | 10% URL | 10% generic
/states/in/hoosier-lotto/historical,historical,in,Indiana,Hoosier Lotto,71,4,70.27,70.27,HIGH:0 | MEDIUM:4 | LOW:0,Tier 2,55.1,YES,READY,none_detected,20% exact | 40% partial | 20% branded | 10% URL | 10% generic
/states/ks/pick-3/evening,session,ks,Kansas,Pick 3,71,6,70.27,70.27,HIGH:0 | MEDIUM:6 | LOW:0,Tier 2,55.1,YES,READY,none_detected,20% exact | 40% partial | 20% branded | 10% URL | 10% generic
/states/ks/pick-3/midday,session,ks,Kansas,Pick 3,71,6,70.27,70.27,HIGH:0 | MEDIUM:6 | LOW:0,Tier 2,55.1,YES,READY,none_detected,20% exact | 40% partial | 20% branded | 10% URL | 10% generic
/states/ky/pick-3/evening,session,ky,Kentucky,Pick 3,71,6,70.27,70.27,HIGH:0 | MEDIUM:6 | LOW:0,Tier 2,55.1,YES,READY,none_detected,20% exact | 40% partial | 20% branded | 10% URL | 10% generic
/states/ky/pick-3/midday,session,ky,Kentucky,Pick 3,71,6,70.27,70.27,HIGH:0 | MEDIUM:6 | LOW:0,Tier 2,55.1,YES,READY,none_detected,20% exact | 40% partial | 20% branded | 10% URL | 10% generic
/states/md/pick-3/stats,stats,md,Maryland,Pick 3,71,4,70.27,70.27,HIGH:0 | MEDIUM:4 | LOW:0,Tier 2,55.1,YES,READY,none_detected,20% exact | 40% partial | 20% branded | 10% URL | 10% generic
/states/me/pick-3/day,session,me,Maine,Pick 3,71,6,70.27,70.27,HIGH:0 | MEDIUM:6 | LOW:0,Tier 2,55.1,YES,READY,none_detected,20% exact | 40% partial | 20% branded | 10% URL | 10% generic
/states/me/pick-3/evening,session,me,Maine,Pick 3,71,6,70.27,70.27,HIGH:0 | MEDIUM:6 | LOW:0,Tier 2,55.1,YES,READY,none_detected,20% exact | 40% partial | 20% branded | 10% URL | 10% generic
/states/mi/daily-3/evening,session,mi,Michigan,Daily 3,71,6,70.27,70.27,HIGH:0 | MEDIUM:6 | LOW:0,Tier 2,55.1,YES,READY,none_detected,20% exact | 40% partial | 20% branded | 10% URL | 10% generic
/states/mi/daily-3/midday,session,mi,Michigan,Daily 3,71,6,70.27,70.27,HIGH:0 | MEDIUM:6 | LOW:0,Tier 2,55.1,YES,READY,none_detected,20% exact | 40% partial | 20% branded | 10% URL | 10% generic
/states/mi/daily-4/evening,session,mi,Michigan,Daily 4,71,6,70.27,70.27,HIGH:0 | MEDIUM:6 | LOW:0,Tier 2,55.1,YES,READY,none_detected,20% exact | 40% partial | 20% branded | 10% URL | 10% generic
/states/mi/daily-4/midday,session,mi,Michigan,Daily 4,71,6,70.27,70.27,HIGH:0 | MEDIUM:6 | LOW:0,Tier 2,55.1,YES,READY,none_detected,20% exact | 40% partial | 20% branded | 10% URL | 10% generic
/states/mi/lotto-47/stats,stats,mi,Michigan,Lotto 47,71,4,70.27,70.27,HIGH:0 | MEDIUM:4 | LOW:0,Tier 2,55.1,YES,READY,none_detected,20% exact | 40% partial | 20% branded | 10% URL | 10% generic
/states/mi/poker-lotto/stats,stats,mi,Michigan,Poker Lotto,71,4,70.27,70.27,HIGH:0 | MEDIUM:4 | LOW:0,Tier 2,55.1,YES,READY,none_detected,20% exact | 40% partial | 20% branded | 10% URL | 10% generic
/states/mo/pick-4/historical,historical,mo,Missouri,Pick 4,71,4,70.27,70.27,HIGH:0 | MEDIUM:4 | LOW:0,Tier 2,55.1,YES,READY,none_detected,20% exact | 40% partial | 20% branded | 10% URL | 10% generic
/states/nc/cash-5/stats,stats,nc,North Carolina,Cash 5,71,4,70.27,70.27,HIGH:0 | MEDIUM:4 | LOW:0,Tier 2,55.1,YES,READY,none_detected,20% exact | 40% partial | 20% branded | 10% URL | 10% generic
/states/nc/pick-4/stats,stats,nc,North Carolina,Pick 4,71,4,70.27,70.27,HIGH:0 | MEDIUM:4 | LOW:0,Tier 2,55.1,YES,READY,none_detected,20% exact | 40% partial | 20% branded | 10% URL | 10% generic
/states/nh/pick-3/day,session,nh,New Hampshire,Pick 3,71,6,70.27,70.27,HIGH:0 | MEDIUM:6 | LOW:0,Tier 2,55.1,YES,READY,none_detected,20% exact | 40% partial | 20% branded | 10% URL | 10% generic
/states/nh/pick-3/evening,session,nh,New Hampshire,Pick 3,71,6,70.27,70.27,HIGH:0 | MEDIUM:6 | LOW:0,Tier 2,55.1,YES,READY,none_detected,20% exact | 40% partial | 20% branded | 10% URL | 10% generic
/states/nm/pick-3/day,session,nm,New Mexico,Pick 3,71,6,70.27,70.27,HIGH:0 | MEDIUM:6 | LOW:0,Tier 2,55.1,YES,READY,none_detected,20% exact | 40% partial | 20% branded | 10% URL | 10% generic
/states/nm/pick-3/evening,session,nm,New Mexico,Pick 3,71,6,70.27,70.27,HIGH:0 | MEDIUM:6 | LOW:0,Tier 2,55.1,YES,READY,none_detected,20% exact | 40% partial | 20% branded | 10% URL | 10% generic
/states/ny/millionaire-for-life/historical,historical,ny,New York,Millionaire For Life,71,4,70.27,70.27,HIGH:0 | MEDIUM:4 | LOW:0,Tier 2,55.1,YES,READY,none_detected,20% exact | 40% partial | 20% branded | 10% URL | 10% generic
/states/ny/numbers/historical,historical,ny,New York,Numbers,71,4,70.27,70.27,HIGH:0 | MEDIUM:4 | LOW:0,Tier 2,55.1,YES,READY,none_detected,20% exact | 40% partial | 20% branded | 10% URL | 10% generic
/states/ny/pick-10/historical,historical,ny,New York,Pick 10,71,4,70.27,70.27,HIGH:0 | MEDIUM:4 | LOW:0,Tier 2,55.1,YES,READY,none_detected,20% exact | 40% partial | 20% branded | 10% URL | 10% generic
/states/ny/take-5/historical,historical,ny,New York,Take 5,71,4,70.27,70.27,HIGH:0 | MEDIUM:4 | LOW:0,Tier 2,55.1,YES,READY,none_detected,20% exact | 40% partial | 20% branded | 10% URL | 10% generic
/states/ny/win-4/historical,historical,ny,New York,Win 4,71,4,70.27,70.27,HIGH:0 | MEDIUM:4 | LOW:0,Tier 2,55.1,YES,READY,none_detected,20% exact | 40% partial | 20% branded | 10% URL | 10% generic
/states/oh/classic-lotto/stats,stats,oh,Ohio,Classic Lotto,71,4,70.27,70.27,HIGH:0 | MEDIUM:4 | LOW:0,Tier 2,55.1,YES,READY,none_detected,20% exact | 40% partial | 20% branded | 10% URL | 10% generic
/states/oh/pick-4/stats,stats,oh,Ohio,Pick 4,71,4,70.27,70.27,HIGH:0 | MEDIUM:4 | LOW:0,Tier 2,55.1,YES,READY,none_detected,20% exact | 40% partial | 20% branded | 10% URL | 10% generic
/states/oh/pick-5/evening,session,oh,Ohio,Pick 5,71,6,70.27,70.27,HIGH:0 | MEDIUM:6 | LOW:0,Tier 2,55.1,YES,READY,none_detected,20% exact | 40% partial | 20% branded | 10% URL | 10% generic
/states/oh/pick-5/midday,session,oh,Ohio,Pick 5,71,6,70.27,70.27,HIGH:0 | MEDIUM:6 | LOW:0,Tier 2,55.1,YES,READY,none_detected,20% exact | 40% partial | 20% branded | 10% URL | 10% generic
/states/oh/rolling-cash-5/stats,stats,oh,Ohio,Rolling Cash 5,71,4,70.27,70.27,HIGH:0 | MEDIUM:4 | LOW:0,Tier 2,55.1,YES,READY,none_detected,20% exact | 40% partial | 20% branded | 10% URL | 10% generic
/states/sc/pick-3/evening,session,sc,South Carolina,Pick 3,71,6,70.27,70.27,HIGH:0 | MEDIUM:6 | LOW:0,Tier 2,55.1,YES,READY,none_detected,20% exact | 40% partial | 20% branded | 10% URL | 10% generic
/states/sc/pick-3/midday,session,sc,South Carolina,Pick 3,71,6,70.27,70.27,HIGH:0 | MEDIUM:6 | LOW:0,Tier 2,55.1,YES,READY,none_detected,20% exact | 40% partial | 20% branded | 10% URL | 10% generic
/states/tn/lotto-america/historical,historical,tn,Tennessee,Lotto America,71,4,70.27,70.27,HIGH:0 | MEDIUM:4 | LOW:0,Tier 2,55.1,YES,READY,none_detected,20% exact | 40% partial | 20% branded | 10% URL | 10% generic
/states/va/pick-3/stats,stats,va,Virginia,Pick 3,71,4,70.27,70.27,HIGH:0 | MEDIUM:4 | LOW:0,Tier 2,55.1,YES,READY,none_detected,20% exact | 40% partial | 20% branded | 10% URL | 10% generic
/states/vt/pick-3/day,session,vt,Vermont,Pick 3,71,6,70.27,70.27,HIGH:0 | MEDIUM:6 | LOW:0,Tier 2,55.1,YES,READY,none_detected,20% exact | 40% partial | 20% branded | 10% URL | 10% generic
/states/vt/pick-3/evening,session,vt,Vermont,Pick 3,71,6,70.27,70.27,HIGH:0 | MEDIUM:6 | LOW:0,Tier 2,55.1,YES,READY,none_detected,20% exact | 40% partial | 20% branded | 10% URL | 10% generic
/states/wa/daily-keno/historical,historical,wa,Washington,Daily Keno,71,4,70.27,70.27,HIGH:0 | MEDIUM:4 | LOW:0,Tier 2,55.1,YES,READY,none_detected,20% exact | 40% partial | 20% branded | 10% URL | 10% generic
/states/wa/pick-3/stats,stats,wa,Washington,Pick 3,71,4,70.27,70.27,HIGH:0 | MEDIUM:4 | LOW:0,Tier 2,55.1,YES,READY,none_detected,20% exact | 40% partial | 20% branded | 10% URL | 10% generic
/states/wi/pick-3/evening,session,wi,Wisconsin,Pick 3,71,6,70.27,70.27,HIGH:0 | MEDIUM:6 | LOW:0,Tier 2,55.1,YES,READY,none_detected,20% exact | 40% partial | 20% branded | 10% URL | 10% generic
/states/wi/pick-3/midday,session,wi,Wisconsin,Pick 3,71,6,70.27,70.27,HIGH:0 | MEDIUM:6 | LOW:0,Tier 2,55.1,YES,READY,none_detected,20% exact | 40% partial | 20% branded | 10% URL | 10% generic
/states/ar/cash-3,game_family,ar,Arkansas,Cash 3,76,6,70.19,70.19,HIGH:0 | MEDIUM:6 | LOW:0,Tier 2,64.6,NO,READY,none_detected,20% exact | 40% partial | 20% branded | 10% URL | 10% generic
/states/ar/cash-4,game_family,ar,Arkansas,Cash 4,76,6,70.19,70.19,HIGH:0 | MEDIUM:6 | LOW:0,Tier 2,64.6,NO,READY,none_detected,20% exact | 40% partial | 20% branded | 10% URL | 10% generic
/states/ar/millionaire-for-life,game_family,ar,Arkansas,Millionaire For Life,76,6,70.19,70.19,HIGH:0 | MEDIUM:6 | LOW:0,Tier 2,64.6,NO,READY,title_length(MEDIUM),20% exact | 40% partial | 20% branded | 10% URL | 10% generic
/states/co/millionaire-for-life,game_family,co,Colorado,Millionaire For Life,76,6,70.19,70.19,HIGH:0 | MEDIUM:6 | LOW:0,Tier 2,64.6,NO,READY,title_length(MEDIUM),20% exact | 40% partial | 20% branded | 10% URL | 10% generic
/states/ct/millionaire-for-life,game_family,ct,Connecticut,Millionaire For Life,76,6,70.19,70.19,HIGH:0 | MEDIUM:6 | LOW:0,Tier 2,64.6,NO,READY,title_length(MEDIUM),20% exact | 40% partial | 20% branded | 10% URL | 10% generic
/states/ct/play-3,game_family,ct,Connecticut,Play 3,76,6,70.19,70.19,HIGH:0 | MEDIUM:6 | LOW:0,Tier 2,64.6,NO,READY,none_detected,20% exact | 40% partial | 20% branded | 10% URL | 10% generic
/states/ct/play-4,game_family,ct,Connecticut,Play 4,76,6,70.19,70.19,HIGH:0 | MEDIUM:6 | LOW:0,Tier 2,64.6,NO,READY,none_detected,20% exact | 40% partial | 20% branded | 10% URL | 10% generic
/states/dc/dc-3,game_family,dc,"Washington, D.C.",DC 3,76,6,70.19,70.19,HIGH:0 | MEDIUM:6 | LOW:0,Tier 2,64.6,NO,READY,none_detected,20% exact | 40% partial | 20% branded | 10% URL | 10% generic
/states/dc/dc-4,game_family,dc,"Washington, D.C.",DC 4,76,6,70.19,70.19,HIGH:0 | MEDIUM:6 | LOW:0,Tier 2,64.6,NO,READY,none_detected,20% exact | 40% partial | 20% branded | 10% URL | 10% generic
/states/dc/dc-5,game_family,dc,"Washington, D.C.",DC 5,76,6,70.19,70.19,HIGH:0 | MEDIUM:6 | LOW:0,Tier 2,64.6,NO,READY,none_detected,20% exact | 40% partial | 20% branded | 10% URL | 10% generic
/states/dc/millionaire-for-life,game_family,dc,"Washington, D.C.",Millionaire For Life,76,6,70.19,70.19,HIGH:0 | MEDIUM:6 | LOW:0,Tier 2,64.6,NO,READY,none_detected,20% exact | 40% partial | 20% branded | 10% URL | 10% generic
/states/de/play-3,game_family,de,Delaware,Play 3,76,6,70.19,70.19,HIGH:0 | MEDIUM:6 | LOW:0,Tier 2,64.6,NO,READY,none_detected,20% exact | 40% partial | 20% branded | 10% URL | 10% generic
/states/de/play-4,game_family,de,Delaware,Play 4,76,6,70.19,70.19,HIGH:0 | MEDIUM:6 | LOW:0,Tier 2,64.6,NO,READY,none_detected,20% exact | 40% partial | 20% branded | 10% URL | 10% generic
/states/de/play-5,game_family,de,Delaware,Play 5,76,6,70.19,70.19,HIGH:0 | MEDIUM:6 | LOW:0,Tier 2,64.6,NO,READY,none_detected,20% exact | 40% partial | 20% branded | 10% URL | 10% generic
/states/ia/millionaire-for-life,game_family,ia,Iowa,Millionaire For Life,76,6,70.19,70.19,HIGH:0 | MEDIUM:6 | LOW:0,Tier 2,64.6,NO,READY,none_detected,20% exact | 40% partial | 20% branded | 10% URL | 10% generic
/states/id/idaho-cash,game_family,id,Idaho,Idaho Cash,76,6,70.19,70.19,HIGH:0 | MEDIUM:6 | LOW:0,Tier 2,64.6,NO,READY,none_detected,20% exact | 40% partial | 20% branded | 10% URL | 10% generic
/states/id/millionaire-for-life,game_family,id,Idaho,Millionaire For Life,76,6,70.19,70.19,HIGH:0 | MEDIUM:6 | LOW:0,Tier 2,64.6,NO,READY,none_detected,20% exact | 40% partial | 20% branded | 10% URL | 10% generic
/states/ks/2by2,game_family,ks,Kansas,2by2,76,6,70.19,70.19,HIGH:0 | MEDIUM:6 | LOW:0,Tier 2,64.6,NO,READY,none_detected,20% exact | 40% partial | 20% branded | 10% URL | 10% generic
/states/ks/millionaire-for-life,game_family,ks,Kansas,Millionaire For Life,76,6,70.19,70.19,HIGH:0 | MEDIUM:6 | LOW:0,Tier 2,64.6,NO,READY,none_detected,20% exact | 40% partial | 20% branded | 10% URL | 10% generic
/states/ks/super-kansas-cash,game_family,ks,Kansas,Super Kansas Cash,76,6,70.19,70.19,HIGH:0 | MEDIUM:6 | LOW:0,Tier 2,64.6,NO,READY,none_detected,20% exact | 40% partial | 20% branded | 10% URL | 10% generic
/states/ky/cash-ball-225,game_family,ky,Kentucky,Cash Ball 225,76,6,70.19,70.19,HIGH:0 | MEDIUM:6 | LOW:0,Tier 2,64.6,NO,READY,none_detected,20% exact | 40% partial | 20% branded | 10% URL | 10% generic
/states/ky/millionaire-for-life,game_family,ky,Kentucky,Millionaire For Life,76,6,70.19,70.19,HIGH:0 | MEDIUM:6 | LOW:0,Tier 2,64.6,NO,READY,none_detected,20% exact | 40% partial | 20% branded | 10% URL | 10% generic
/states/la/easy-5,game_family,la,Louisiana,Easy 5,76,6,70.19,70.19,HIGH:0 | MEDIUM:6 | LOW:0,Tier 2,64.6,NO,READY,none_detected,20% exact | 40% partial | 20% branded | 10% URL | 10% generic
/states/la/pick-5,game_family,la,Louisiana,Pick 5,76,6,70.19,70.19,HIGH:0 | MEDIUM:6 | LOW:0,Tier 2,64.6,NO,READY,none_detected,20% exact | 40% partial | 20% branded | 10% URL | 10% generic
/states/me/cash-pop,game_family,me,Maine,Cash Pop,76,6,70.19,70.19,HIGH:0 | MEDIUM:6 | LOW:0,Tier 2,64.6,NO,READY,none_detected,20% exact | 40% partial | 20% branded | 10% URL | 10% generic
/states/me/gimme-5,game_family,me,Maine,Gimme 5,76,6,70.19,70.19,HIGH:0 | MEDIUM:6 | LOW:0,Tier 2,64.6,NO,READY,none_detected,20% exact | 40% partial | 20% branded | 10% URL | 10% generic
/states/me/megabucks,game_family,me,Maine,Megabucks,76,6,70.19,70.19,HIGH:0 | MEDIUM:6 | LOW:0,Tier 2,64.6,NO,READY,none_detected,20% exact | 40% partial | 20% branded | 10% URL | 10% generic
/states/me/millionaire-for-life,game_family,me,Maine,Millionaire For Life,76,6,70.19,70.19,HIGH:0 | MEDIUM:6 | LOW:0,Tier 2,64.6,NO,READY,none_detected,20% exact | 40% partial | 20% branded | 10% URL | 10% generic
/states/mn/gopher-5,game_family,mn,Minnesota,Gopher 5,76,6,70.19,70.19,HIGH:0 | MEDIUM:6 | LOW:0,Tier 2,64.6,NO,READY,none_detected,20% exact | 40% partial | 20% branded | 10% URL | 10% generic
/states/mn/north-5,game_family,mn,Minnesota,North 5,76,6,70.19,70.19,HIGH:0 | MEDIUM:6 | LOW:0,Tier 2,64.6,NO,READY,none_detected,20% exact | 40% partial | 20% branded | 10% URL | 10% generic
/states/ms/cash-3,game_family,ms,Mississippi,Cash 3,76,6,70.19,70.19,HIGH:0 | MEDIUM:6 | LOW:0,Tier 2,64.6,NO,READY,none_detected,20% exact | 40% partial | 20% branded | 10% URL | 10% generic
/states/ms/cash-4,game_family,ms,Mississippi,Cash 4,76,6,70.19,70.19,HIGH:0 | MEDIUM:6 | LOW:0,Tier 2,64.6,NO,READY,none_detected,20% exact | 40% partial | 20% branded | 10% URL | 10% generic
/states/ms/cash-pop,game_family,ms,Mississippi,Cash Pop,76,6,70.19,70.19,HIGH:0 | MEDIUM:6 | LOW:0,Tier 2,64.6,NO,READY,none_detected,20% exact | 40% partial | 20% branded | 10% URL | 10% generic
/states/ms/millionaire-for-life,game_family,ms,Mississippi,Millionaire For Life,76,6,70.19,70.19,HIGH:0 | MEDIUM:6 | LOW:0,Tier 2,64.6,NO,READY,none_detected,20% exact | 40% partial | 20% branded | 10% URL | 10% generic
/states/ms/mississippi-match-5,game_family,ms,Mississippi,Mississippi Match 5,76,6,70.19,70.19,HIGH:0 | MEDIUM:6 | LOW:0,Tier 2,64.6,NO,READY,none_detected,20% exact | 40% partial | 20% branded | 10% URL | 10% generic
/states/mt/big-sky-bonus,game_family,mt,Montana,Big Sky Bonus,76,6,70.19,70.19,HIGH:0 | MEDIUM:6 | LOW:0,Tier 2,64.6,NO,READY,none_detected,20% exact | 40% partial | 20% branded | 10% URL | 10% generic
/states/mt/millionaire-for-life,game_family,mt,Montana,Millionaire For Life,76,6,70.19,70.19,HIGH:0 | MEDIUM:6 | LOW:0,Tier 2,64.6,NO,READY,none_detected,20% exact | 40% partial | 20% branded | 10% URL | 10% generic
/states/mt/montana-cash,game_family,mt,Montana,Montana Cash,76,6,70.19,70.19,HIGH:0 | MEDIUM:6 | LOW:0,Tier 2,64.6,NO,READY,none_detected,20% exact | 40% partial | 20% branded | 10% URL | 10% generic
/states/nd/2by2,game_family,nd,North Dakota,2by2,76,6,70.19,70.19,HIGH:0 | MEDIUM:6 | LOW:0,Tier 2,64.6,NO,READY,none_detected,20% exact | 40% partial | 20% branded | 10% URL | 10% generic
/states/nd/millionaire-for-life,game_family,nd,North Dakota,Millionaire For Life,76,6,70.19,70.19,HIGH:0 | MEDIUM:6 | LOW:0,Tier 2,64.6,NO,READY,none_detected,20% exact | 40% partial | 20% branded | 10% URL | 10% generic
/states/ne/2by2,game_family,ne,Nebraska,2by2,76,6,70.19,70.19,HIGH:0 | MEDIUM:6 | LOW:0,Tier 2,64.6,NO,READY,none_detected,20% exact | 40% partial | 20% branded | 10% URL | 10% generic
/states/ne/millionaire-for-life,game_family,ne,Nebraska,Millionaire For Life,76,6,70.19,70.19,HIGH:0 | MEDIUM:6 | LOW:0,Tier 2,64.6,NO,READY,none_detected,20% exact | 40% partial | 20% branded | 10% URL | 10% generic
/states/ne/myday,game_family,ne,Nebraska,Myday,76,6,70.19,70.19,HIGH:0 | MEDIUM:6 | LOW:0,Tier 2,64.6,NO,READY,none_detected,20% exact | 40% partial | 20% branded | 10% URL | 10% generic
/states/ne/pick-5,game_family,ne,Nebraska,Pick 5,76,6,70.19,70.19,HIGH:0 | MEDIUM:6 | LOW:0,Tier 2,64.6,NO,READY,none_detected,20% exact | 40% partial | 20% branded | 10% URL | 10% generic
/states/nh/gimme-5,game_family,nh,New Hampshire,Gimme 5,76,6,70.19,70.19,HIGH:0 | MEDIUM:6 | LOW:0,Tier 2,64.6,NO,READY,none_detected,20% exact | 40% partial | 20% branded | 10% URL | 10% generic
/states/nh/megabucks,game_family,nh,New Hampshire,Megabucks,76,6,70.19,70.19,HIGH:0 | MEDIUM:6 | LOW:0,Tier 2,64.6,NO,READY,none_detected,20% exact | 40% partial | 20% branded | 10% URL | 10% generic
/states/nh/millionaire-for-life,game_family,nh,New Hampshire,Millionaire For Life,76,6,70.19,70.19,HIGH:0 | MEDIUM:6 | LOW:0,Tier 2,64.6,NO,READY,none_detected,20% exact | 40% partial | 20% branded | 10% URL | 10% generic
/states/nm/road-runner-cash,game_family,nm,New Mexico,Road Runner Cash,76,6,70.19,70.19,HIGH:0 | MEDIUM:6 | LOW:0,Tier 2,64.6,NO,READY,none_detected,20% exact | 40% partial | 20% branded | 10% URL | 10% generic
/states/ok/millionaire-for-life,game_family,ok,Oklahoma,Millionaire For Life,76,6,70.19,70.19,HIGH:0 | MEDIUM:6 | LOW:0,Tier 2,64.6,NO,READY,none_detected,20% exact | 40% partial | 20% branded | 10% URL | 10% generic
/states/or/megabucks,game_family,or,Oregon,Megabucks,76,6,70.19,70.19,HIGH:0 | MEDIUM:6 | LOW:0,Tier 2,64.6,NO,READY,none_detected,20% exact | 40% partial | 20% branded | 10% URL | 10% generic
/states/or/win-for-life,game_family,or,Oregon,Win For Life,76,6,70.19,70.19,HIGH:0 | MEDIUM:6 | LOW:0,Tier 2,64.6,NO,READY,none_detected,20% exact | 40% partial | 20% branded | 10% URL | 10% generic
/states/ri/millionaire-for-life,game_family,ri,Rhode Island,Millionaire For Life,76,6,70.19,70.19,HIGH:0 | MEDIUM:6 | LOW:0,Tier 2,64.6,NO,READY,none_detected,20% exact | 40% partial | 20% branded | 10% URL | 10% generic
/states/ri/numbers-game,game_family,ri,Rhode Island,Numbers Game,76,6,70.19,70.19,HIGH:0 | MEDIUM:6 | LOW:0,Tier 2,64.6,NO,READY,none_detected,20% exact | 40% partial | 20% branded | 10% URL | 10% generic
/states/ri/wild-money,game_family,ri,Rhode Island,Wild Money,76,6,70.19,70.19,HIGH:0 | MEDIUM:6 | LOW:0,Tier 2,64.6,NO,READY,none_detected,20% exact | 40% partial | 20% branded | 10% URL | 10% generic
/states/sc/cash-pop,game_family,sc,South Carolina,Cash Pop,76,6,70.19,70.19,HIGH:0 | MEDIUM:6 | LOW:0,Tier 2,64.6,NO,READY,none_detected,20% exact | 40% partial | 20% branded | 10% URL | 10% generic
/states/sd/dakota-cash,game_family,sd,South Dakota,Dakota Cash,76,6,70.19,70.19,HIGH:0 | MEDIUM:6 | LOW:0,Tier 2,64.6,NO,READY,none_detected,20% exact | 40% partial | 20% branded | 10% URL | 10% generic
/states/sd/millionaire-for-life,game_family,sd,South Dakota,Millionaire For Life,76,6,70.19,70.19,HIGH:0 | MEDIUM:6 | LOW:0,Tier 2,64.6,NO,READY,none_detected,20% exact | 40% partial | 20% branded | 10% URL | 10% generic
/states/vt/gimme-5,game_family,vt,Vermont,Gimme 5,76,6,70.19,70.19,HIGH:0 | MEDIUM:6 | LOW:0,Tier 2,64.6,NO,READY,none_detected,20% exact | 40% partial | 20% branded | 10% URL | 10% generic
/states/vt/megabucks,game_family,vt,Vermont,Megabucks,76,6,70.19,70.19,HIGH:0 | MEDIUM:6 | LOW:0,Tier 2,64.6,NO,READY,none_detected,20% exact | 40% partial | 20% branded | 10% URL | 10% generic
/states/vt/millionaire-for-life,game_family,vt,Vermont,Millionaire For Life,76,6,70.19,70.19,HIGH:0 | MEDIUM:6 | LOW:0,Tier 2,64.6,NO,READY,none_detected,20% exact | 40% partial | 20% branded | 10% URL | 10% generic
/states/wi/all-or-nothing,game_family,wi,Wisconsin,All OR Nothing,76,6,70.19,70.19,HIGH:0 | MEDIUM:6 | LOW:0,Tier 2,64.6,NO,READY,none_detected,20% exact | 40% partial | 20% branded | 10% URL | 10% generic
/states/wi/badger-5,game_family,wi,Wisconsin,Badger 5,76,6,70.19,70.19,HIGH:0 | MEDIUM:6 | LOW:0,Tier 2,64.6,NO,READY,none_detected,20% exact | 40% partial | 20% branded | 10% URL | 10% generic
/states/wi/megabucks,game_family,wi,Wisconsin,Megabucks,76,6,70.19,70.19,HIGH:0 | MEDIUM:6 | LOW:0,Tier 2,64.6,NO,READY,none_detected,20% exact | 40% partial | 20% branded | 10% URL | 10% generic
/states/wi/super-cash,game_family,wi,Wisconsin,Super Cash,76,6,70.19,70.19,HIGH:0 | MEDIUM:6 | LOW:0,Tier 2,64.6,NO,READY,none_detected,20% exact | 40% partial | 20% branded | 10% URL | 10% generic
/states/wv/cash-25,game_family,wv,West Virginia,Cash 25,76,6,70.19,70.19,HIGH:0 | MEDIUM:6 | LOW:0,Tier 2,64.6,NO,READY,none_detected,20% exact | 40% partial | 20% branded | 10% URL | 10% generic
/states/wv/daily-3,game_family,wv,West Virginia,Daily 3,76,6,70.19,70.19,HIGH:0 | MEDIUM:6 | LOW:0,Tier 2,64.6,NO,READY,none_detected,20% exact | 40% partial | 20% branded | 10% URL | 10% generic
/states/wv/daily-4,game_family,wv,West Virginia,Daily 4,76,6,70.19,70.19,HIGH:0 | MEDIUM:6 | LOW:0,Tier 2,64.6,NO,READY,none_detected,20% exact | 40% partial | 20% branded | 10% URL | 10% generic
/states/wv/millionaire-for-life,game_family,wv,West Virginia,Millionaire For Life,76,6,70.19,70.19,HIGH:0 | MEDIUM:6 | LOW:0,Tier 2,64.6,NO,READY,none_detected,20% exact | 40% partial | 20% branded | 10% URL | 10% generic
/states/wy/2by2,game_family,wy,Wyoming,2by2,76,6,70.19,70.19,HIGH:0 | MEDIUM:6 | LOW:0,Tier 2,64.6,NO,READY,none_detected,20% exact | 40% partial | 20% branded | 10% URL | 10% generic
/states/wy/cowboy-draw,game_family,wy,Wyoming,Cowboy Draw,76,6,70.19,70.19,HIGH:0 | MEDIUM:6 | LOW:0,Tier 2,64.6,NO,READY,none_detected,20% exact | 40% partial | 20% branded | 10% URL | 10% generic
/states/wy/millionaire-for-life,game_family,wy,Wyoming,Millionaire For Life,76,6,70.19,70.19,HIGH:0 | MEDIUM:6 | LOW:0,Tier 2,64.6,NO,READY,none_detected,20% exact | 40% partial | 20% branded | 10% URL | 10% generic
/states/id,state,id,Idaho,,82,6,70.08,72.62,HIGH:0 | MEDIUM:6 | LOW:0,Tier 2,68.8,NO,READY,none_detected,20% exact | 40% partial | 20% branded | 10% URL | 10% generic
/states/ar/mega-millions/stats,stats,ar,Arkansas,Mega Millions,70,4,69.86,69.86,HIGH:0 | MEDIUM:4 | LOW:0,Tier 2,54.4,YES,READY,title_length(MEDIUM),20% exact | 40% partial | 20% branded | 10% URL | 10% generic
/states/ar/powerball/stats,stats,ar,Arkansas,Powerball,70,4,69.86,69.86,HIGH:0 | MEDIUM:4 | LOW:0,Tier 2,54.4,YES,READY,none_detected,20% exact | 40% partial | 20% branded | 10% URL | 10% generic
/states/ca/daily-3/stats,stats,ca,California,Daily 3,70,4,69.86,69.86,HIGH:0 | MEDIUM:4 | LOW:0,Tier 2,54.4,YES,READY,none_detected,20% exact | 40% partial | 20% branded | 10% URL | 10% generic
/states/ca/daily-4/stats,stats,ca,California,Daily 4,70,4,69.86,69.86,HIGH:0 | MEDIUM:4 | LOW:0,Tier 2,54.4,YES,READY,none_detected,20% exact | 40% partial | 20% branded | 10% URL | 10% generic
/states/ca/daily-derby/stats,stats,ca,California,Daily Derby,70,4,69.86,69.86,HIGH:0 | MEDIUM:4 | LOW:0,Tier 2,54.4,YES,READY,title_length(MEDIUM),20% exact | 40% partial | 20% branded | 10% URL | 10% generic
/states/ca/fantasy-5/stats,stats,ca,California,Fantasy 5,70,4,69.86,69.86,HIGH:0 | MEDIUM:4 | LOW:0,Tier 2,54.4,YES,READY,title_length(MEDIUM),20% exact | 40% partial | 20% branded | 10% URL | 10% generic
/states/co/mega-millions/stats,stats,co,Colorado,Mega Millions,70,4,69.86,69.86,HIGH:0 | MEDIUM:4 | LOW:0,Tier 2,54.4,YES,READY,title_length(MEDIUM),20% exact | 40% partial | 20% branded | 10% URL | 10% generic
/states/co/powerball-double-play/stats,stats,co,Colorado,Powerball Double Play,70,4,69.86,69.86,HIGH:0 | MEDIUM:4 | LOW:0,Tier 2,54.4,YES,READY,title_length(MEDIUM),20% exact | 40% partial | 20% branded | 10% URL | 10% generic
/states/co/powerball/stats,stats,co,Colorado,Powerball,70,4,69.86,69.86,HIGH:0 | MEDIUM:4 | LOW:0,Tier 2,54.4,YES,READY,none_detected,20% exact | 40% partial | 20% branded | 10% URL | 10% generic
/states/ct/mega-millions/stats,stats,ct,Connecticut,Mega Millions,70,4,69.86,69.86,HIGH:0 | MEDIUM:4 | LOW:0,Tier 2,54.4,YES,READY,title_length(MEDIUM),20% exact | 40% partial | 20% branded | 10% URL | 10% generic
/states/ct/powerball-double-play/stats,stats,ct,Connecticut,Powerball Double Play,70,4,69.86,69.86,HIGH:0 | MEDIUM:4 | LOW:0,Tier 2,54.4,YES,READY,title_length(MEDIUM),20% exact | 40% partial | 20% branded | 10% URL | 10% generic
/states/ct/powerball/stats,stats,ct,Connecticut,Powerball,70,4,69.86,69.86,HIGH:0 | MEDIUM:4 | LOW:0,Tier 2,54.4,YES,READY,none_detected,20% exact | 40% partial | 20% branded | 10% URL | 10% generic
/states/dc/mega-millions/stats,stats,dc,"Washington, D.C.",Mega Millions,70,4,69.86,69.86,HIGH:0 | MEDIUM:4 | LOW:0,Tier 2,54.4,YES,READY,none_detected,20% exact | 40% partial | 20% branded | 10% URL | 10% generic
/states/dc/powerball-double-play/stats,stats,dc,"Washington, D.C.",Powerball Double Play,70,4,69.86,69.86,HIGH:0 | MEDIUM:4 | LOW:0,Tier 2,54.4,YES,READY,none_detected,20% exact | 40% partial | 20% branded | 10% URL | 10% generic
/states/dc/powerball/stats,stats,dc,"Washington, D.C.",Powerball,70,4,69.86,69.86,HIGH:0 | MEDIUM:4 | LOW:0,Tier 2,54.4,YES,READY,none_detected,20% exact | 40% partial | 20% branded | 10% URL | 10% generic
/states/de/mega-millions/stats,stats,de,Delaware,Mega Millions,70,4,69.86,69.86,HIGH:0 | MEDIUM:4 | LOW:0,Tier 2,54.4,YES,READY,none_detected,20% exact | 40% partial | 20% branded | 10% URL | 10% generic
/states/de/powerball/stats,stats,de,Delaware,Powerball,70,4,69.86,69.86,HIGH:0 | MEDIUM:4 | LOW:0,Tier 2,54.4,YES,READY,none_detected,20% exact | 40% partial | 20% branded | 10% URL | 10% generic
/states/ia/mega-millions/stats,stats,ia,Iowa,Mega Millions,70,4,69.86,69.86,HIGH:0 | MEDIUM:4 | LOW:0,Tier 2,54.4,YES,READY,none_detected,20% exact | 40% partial | 20% branded | 10% URL | 10% generic
/states/ia/pick-4/evening,session,ia,Iowa,Pick 4,70,6,69.86,69.86,HIGH:0 | MEDIUM:6 | LOW:0,Tier 2,54.4,YES,READY,none_detected,20% exact | 40% partial | 20% branded | 10% URL | 10% generic
/states/ia/pick-4/midday,session,ia,Iowa,Pick 4,70,6,69.86,69.86,HIGH:0 | MEDIUM:6 | LOW:0,Tier 2,54.4,YES,READY,none_detected,20% exact | 40% partial | 20% branded | 10% URL | 10% generic
/states/ia/powerball-double-play/stats,stats,ia,Iowa,Powerball Double Play,70,4,69.86,69.86,HIGH:0 | MEDIUM:4 | LOW:0,Tier 2,54.4,YES,READY,none_detected,20% exact | 40% partial | 20% branded | 10% URL | 10% generic
/states/ia/powerball/stats,stats,ia,Iowa,Powerball,70,4,69.86,69.86,HIGH:0 | MEDIUM:4 | LOW:0,Tier 2,54.4,YES,READY,none_detected,20% exact | 40% partial | 20% branded | 10% URL | 10% generic
/states/id/mega-millions/stats,stats,id,Idaho,Mega Millions,70,4,69.86,69.86,HIGH:0 | MEDIUM:4 | LOW:0,Tier 2,54.4,YES,READY,none_detected,20% exact | 40% partial | 20% branded | 10% URL | 10% generic
/states/id/pick-4/day,session,id,Idaho,Pick 4,70,6,69.86,69.86,HIGH:0 | MEDIUM:6 | LOW:0,Tier 2,54.4,YES,READY,none_detected,20% exact | 40% partial | 20% branded | 10% URL | 10% generic
/states/id/pick-4/night,session,id,Idaho,Pick 4,70,6,69.86,69.86,HIGH:0 | MEDIUM:6 | LOW:0,Tier 2,54.4,YES,READY,none_detected,20% exact | 40% partial | 20% branded | 10% URL | 10% generic
/states/id/powerball-double-play/stats,stats,id,Idaho,Powerball Double Play,70,4,69.86,69.86,HIGH:0 | MEDIUM:4 | LOW:0,Tier 2,54.4,YES,READY,none_detected,20% exact | 40% partial | 20% branded | 10% URL | 10% generic
/states/id/powerball/stats,stats,id,Idaho,Powerball,70,4,69.86,69.86,HIGH:0 | MEDIUM:4 | LOW:0,Tier 2,54.4,YES,READY,none_detected,20% exact | 40% partial | 20% branded | 10% URL | 10% generic
/states/ks/mega-millions/stats,stats,ks,Kansas,Mega Millions,70,4,69.86,69.86,HIGH:0 | MEDIUM:4 | LOW:0,Tier 2,54.4,YES,READY,none_detected,20% exact | 40% partial | 20% branded | 10% URL | 10% generic
/states/ks/powerball-double-play/stats,stats,ks,Kansas,Powerball Double Play,70,4,69.86,69.86,HIGH:0 | MEDIUM:4 | LOW:0,Tier 2,54.4,YES,READY,none_detected,20% exact | 40% partial | 20% branded | 10% URL | 10% generic
/states/ks/powerball/stats,stats,ks,Kansas,Powerball,70,4,69.86,69.86,HIGH:0 | MEDIUM:4 | LOW:0,Tier 2,54.4,YES,READY,none_detected,20% exact | 40% partial | 20% branded | 10% URL | 10% generic
/states/ky/mega-millions/stats,stats,ky,Kentucky,Mega Millions,70,4,69.86,69.86,HIGH:0 | MEDIUM:4 | LOW:0,Tier 2,54.4,YES,READY,none_detected,20% exact | 40% partial | 20% branded | 10% URL | 10% generic
/states/ky/pick-4/evening,session,ky,Kentucky,Pick 4,70,6,69.86,69.86,HIGH:0 | MEDIUM:6 | LOW:0,Tier 2,54.4,YES,READY,none_detected,20% exact | 40% partial | 20% branded | 10% URL | 10% generic
/states/ky/pick-4/midday,session,ky,Kentucky,Pick 4,70,6,69.86,69.86,HIGH:0 | MEDIUM:6 | LOW:0,Tier 2,54.4,YES,READY,none_detected,20% exact | 40% partial | 20% branded | 10% URL | 10% generic
/states/ky/powerball-double-play/stats,stats,ky,Kentucky,Powerball Double Play,70,4,69.86,69.86,HIGH:0 | MEDIUM:4 | LOW:0,Tier 2,54.4,YES,READY,none_detected,20% exact | 40% partial | 20% branded | 10% URL | 10% generic
/states/ky/powerball/stats,stats,ky,Kentucky,Powerball,70,4,69.86,69.86,HIGH:0 | MEDIUM:4 | LOW:0,Tier 2,54.4,YES,READY,none_detected,20% exact | 40% partial | 20% branded | 10% URL | 10% generic
/states/la/mega-millions/stats,stats,la,Louisiana,Mega Millions,70,4,69.86,69.86,HIGH:0 | MEDIUM:4 | LOW:0,Tier 2,54.4,YES,READY,none_detected,20% exact | 40% partial | 20% branded | 10% URL | 10% generic
/states/la/powerball/stats,stats,la,Louisiana,Powerball,70,4,69.86,69.86,HIGH:0 | MEDIUM:4 | LOW:0,Tier 2,54.4,YES,READY,none_detected,20% exact | 40% partial | 20% branded | 10% URL | 10% generic
/states/ma/mass-cash/evening,session,ma,Massachusetts,Mass Cash,70,6,69.86,69.86,HIGH:0 | MEDIUM:6 | LOW:0,Tier 2,54.4,YES,READY,none_detected,20% exact | 40% partial | 20% branded | 10% URL | 10% generic
/states/ma/mass-cash/midday,session,ma,Massachusetts,Mass Cash,70,6,69.86,69.86,HIGH:0 | MEDIUM:6 | LOW:0,Tier 2,54.4,YES,READY,none_detected,20% exact | 40% partial | 20% branded | 10% URL | 10% generic
/states/ma/numbers-game/evening,session,ma,Massachusetts,Numbers Game,70,6,69.86,69.86,HIGH:0 | MEDIUM:6 | LOW:0,Tier 2,54.4,YES,READY,none_detected,20% exact | 40% partial | 20% branded | 10% URL | 10% generic
/states/ma/numbers-game/midday,session,ma,Massachusetts,Numbers Game,70,6,69.86,69.86,HIGH:0 | MEDIUM:6 | LOW:0,Tier 2,54.4,YES,READY,none_detected,20% exact | 40% partial | 20% branded | 10% URL | 10% generic
/states/md/cash-pop/11pm,session,md,Maryland,Cash Pop,70,6,69.86,69.86,HIGH:0 | MEDIUM:6 | LOW:0,Tier 2,54.4,YES,READY,none_detected,20% exact | 40% partial | 20% branded | 10% URL | 10% generic
/states/md/cash-pop/1pm,session,md,Maryland,Cash Pop,70,6,69.86,69.86,HIGH:0 | MEDIUM:6 | LOW:0,Tier 2,54.4,YES,READY,none_detected,20% exact | 40% partial | 20% branded | 10% URL | 10% generic
/states/md/cash-pop/6pm,session,md,Maryland,Cash Pop,70,6,69.86,69.86,HIGH:0 | MEDIUM:6 | LOW:0,Tier 2,54.4,YES,READY,none_detected,20% exact | 40% partial | 20% branded | 10% URL | 10% generic
/states/md/cash-pop/9am,session,md,Maryland,Cash Pop,70,6,69.86,69.86,HIGH:0 | MEDIUM:6 | LOW:0,Tier 2,54.4,YES,READY,none_detected,20% exact | 40% partial | 20% branded | 10% URL | 10% generic
/states/md/pick-4/stats,stats,md,Maryland,Pick 4,70,4,69.86,69.86,HIGH:0 | MEDIUM:4 | LOW:0,Tier 2,54.4,YES,READY,none_detected,20% exact | 40% partial | 20% branded | 10% URL | 10% generic
/states/md/pick-5/evening,session,md,Maryland,Pick 5,70,6,69.86,69.86,HIGH:0 | MEDIUM:6 | LOW:0,Tier 2,54.4,YES,READY,none_detected,20% exact | 40% partial | 20% branded | 10% URL | 10% generic
/states/md/pick-5/midday,session,md,Maryland,Pick 5,70,6,69.86,69.86,HIGH:0 | MEDIUM:6 | LOW:0,Tier 2,54.4,YES,READY,none_detected,20% exact | 40% partial | 20% branded | 10% URL | 10% generic
/states/me/mega-millions/stats,stats,me,Maine,Mega Millions,70,4,69.86,69.86,HIGH:0 | MEDIUM:4 | LOW:0,Tier 2,54.4,YES,READY,none_detected,20% exact | 40% partial | 20% branded | 10% URL | 10% generic
/states/me/pick-4/day,session,me,Maine,Pick 4,70,6,69.86,69.86,HIGH:0 | MEDIUM:6 | LOW:0,Tier 2,54.4,YES,READY,none_detected,20% exact | 40% partial | 20% branded | 10% URL | 10% generic
/states/me/pick-4/evening,session,me,Maine,Pick 4,70,6,69.86,69.86,HIGH:0 | MEDIUM:6 | LOW:0,Tier 2,54.4,YES,READY,none_detected,20% exact | 40% partial | 20% branded | 10% URL | 10% generic
/states/me/powerball-double-play/stats,stats,me,Maine,Powerball Double Play,70,4,69.86,69.86,HIGH:0 | MEDIUM:4 | LOW:0,Tier 2,54.4,YES,READY,none_detected,20% exact | 40% partial | 20% branded | 10% URL | 10% generic
/states/me/powerball/stats,stats,me,Maine,Powerball,70,4,69.86,69.86,HIGH:0 | MEDIUM:4 | LOW:0,Tier 2,54.4,YES,READY,none_detected,20% exact | 40% partial | 20% branded | 10% URL | 10% generic
/states/mi/keno/stats,stats,mi,Michigan,Keno,70,4,69.86,69.86,HIGH:0 | MEDIUM:4 | LOW:0,Tier 2,54.4,YES,READY,none_detected,20% exact | 40% partial | 20% branded | 10% URL | 10% generic
/states/mn/mega-millions/stats,stats,mn,Minnesota,Mega Millions,70,4,69.86,69.86,HIGH:0 | MEDIUM:4 | LOW:0,Tier 2,54.4,YES,READY,none_detected,20% exact | 40% partial | 20% branded | 10% URL | 10% generic
/states/mn/powerball/stats,stats,mn,Minnesota,Powerball,70,4,69.86,69.86,HIGH:0 | MEDIUM:4 | LOW:0,Tier 2,54.4,YES,READY,none_detected,20% exact | 40% partial | 20% branded | 10% URL | 10% generic
/states/mo/pick-3/stats,stats,mo,Missouri,Pick 3,70,4,69.86,69.86,HIGH:0 | MEDIUM:4 | LOW:0,Tier 2,54.4,YES,READY,none_detected,20% exact | 40% partial | 20% branded | 10% URL | 10% generic
/states/ms/mega-millions/stats,stats,ms,Mississippi,Mega Millions,70,4,69.86,69.86,HIGH:0 | MEDIUM:4 | LOW:0,Tier 2,54.4,YES,READY,none_detected,20% exact | 40% partial | 20% branded | 10% URL | 10% generic
/states/ms/powerball-double-play/stats,stats,ms,Mississippi,Powerball Double Play,70,4,69.86,69.86,HIGH:0 | MEDIUM:4 | LOW:0,Tier 2,54.4,YES,READY,none_detected,20% exact | 40% partial | 20% branded | 10% URL | 10% generic
/states/ms/powerball/stats,stats,ms,Mississippi,Powerball,70,4,69.86,69.86,HIGH:0 | MEDIUM:4 | LOW:0,Tier 2,54.4,YES,READY,none_detected,20% exact | 40% partial | 20% branded | 10% URL | 10% generic
/states/mt/mega-millions/stats,stats,mt,Montana,Mega Millions,70,4,69.86,69.86,HIGH:0 | MEDIUM:4 | LOW:0,Tier 2,54.4,YES,READY,none_detected,20% exact | 40% partial | 20% branded | 10% URL | 10% generic
/states/mt/powerball-double-play/stats,stats,mt,Montana,Powerball Double Play,70,4,69.86,69.86,HIGH:0 | MEDIUM:4 | LOW:0,Tier 2,54.4,YES,READY,none_detected,20% exact | 40% partial | 20% branded | 10% URL | 10% generic
/states/mt/powerball/stats,stats,mt,Montana,Powerball,70,4,69.86,69.86,HIGH:0 | MEDIUM:4 | LOW:0,Tier 2,54.4,YES,READY,none_detected,20% exact | 40% partial | 20% branded | 10% URL | 10% generic
/states/nd/mega-millions/stats,stats,nd,North Dakota,Mega Millions,70,4,69.86,69.86,HIGH:0 | MEDIUM:4 | LOW:0,Tier 2,54.4,YES,READY,none_detected,20% exact | 40% partial | 20% branded | 10% URL | 10% generic
/states/nd/powerball/stats,stats,nd,North Dakota,Powerball,70,4,69.86,69.86,HIGH:0 | MEDIUM:4 | LOW:0,Tier 2,54.4,YES,READY,none_detected,20% exact | 40% partial | 20% branded | 10% URL | 10% generic
/states/ne/mega-millions/stats,stats,ne,Nebraska,Mega Millions,70,4,69.86,69.86,HIGH:0 | MEDIUM:4 | LOW:0,Tier 2,54.4,YES,READY,none_detected,20% exact | 40% partial | 20% branded | 10% URL | 10% generic
/states/ne/powerball-double-play/stats,stats,ne,Nebraska,Powerball Double Play,70,4,69.86,69.86,HIGH:0 | MEDIUM:4 | LOW:0,Tier 2,54.4,YES,READY,none_detected,20% exact | 40% partial | 20% branded | 10% URL | 10% generic
/states/ne/powerball/stats,stats,ne,Nebraska,Powerball,70,4,69.86,69.86,HIGH:0 | MEDIUM:4 | LOW:0,Tier 2,54.4,YES,READY,none_detected,20% exact | 40% partial | 20% branded | 10% URL | 10% generic
/states/nh/mega-millions/stats,stats,nh,New Hampshire,Mega Millions,70,4,69.86,69.86,HIGH:0 | MEDIUM:4 | LOW:0,Tier 2,54.4,YES,READY,none_detected,20% exact | 40% partial | 20% branded | 10% URL | 10% generic
/states/nh/pick-4/day,session,nh,New Hampshire,Pick 4,70,6,69.86,69.86,HIGH:0 | MEDIUM:6 | LOW:0,Tier 2,54.4,YES,READY,none_detected,20% exact | 40% partial | 20% branded | 10% URL | 10% generic
/states/nh/pick-4/evening,session,nh,New Hampshire,Pick 4,70,6,69.86,69.86,HIGH:0 | MEDIUM:6 | LOW:0,Tier 2,54.4,YES,READY,none_detected,20% exact | 40% partial | 20% branded | 10% URL | 10% generic
/states/nh/powerball/stats,stats,nh,New Hampshire,Powerball,70,4,69.86,69.86,HIGH:0 | MEDIUM:4 | LOW:0,Tier 2,54.4,YES,READY,none_detected,20% exact | 40% partial | 20% branded | 10% URL | 10% generic
/states/nj/millionaire-for-life/historical,historical,nj,New Jersey,Millionaire For Life,70,4,69.86,69.86,HIGH:0 | MEDIUM:4 | LOW:0,Tier 2,54.4,YES,READY,none_detected,20% exact | 40% partial | 20% branded | 10% URL | 10% generic
/states/nj/pick-6/historical,historical,nj,New Jersey,Pick 6,70,4,69.86,69.86,HIGH:0 | MEDIUM:4 | LOW:0,Tier 2,54.4,YES,READY,none_detected,20% exact | 40% partial | 20% branded | 10% URL | 10% generic
/states/nm/mega-millions/stats,stats,nm,New Mexico,Mega Millions,70,4,69.86,69.86,HIGH:0 | MEDIUM:4 | LOW:0,Tier 2,54.4,YES,READY,none_detected,20% exact | 40% partial | 20% branded | 10% URL | 10% generic
/states/nm/pick-4/day,session,nm,New Mexico,Pick 4,70,6,69.86,69.86,HIGH:0 | MEDIUM:6 | LOW:0,Tier 2,54.4,YES,READY,none_detected,20% exact | 40% partial | 20% branded | 10% URL | 10% generic
/states/nm/pick-4/evening,session,nm,New Mexico,Pick 4,70,6,69.86,69.86,HIGH:0 | MEDIUM:6 | LOW:0,Tier 2,54.4,YES,READY,none_detected,20% exact | 40% partial | 20% branded | 10% URL | 10% generic
/states/nm/powerball-double-play/stats,stats,nm,New Mexico,Powerball Double Play,70,4,69.86,69.86,HIGH:0 | MEDIUM:4 | LOW:0,Tier 2,54.4,YES,READY,none_detected,20% exact | 40% partial | 20% branded | 10% URL | 10% generic
/states/nm/powerball/stats,stats,nm,New Mexico,Powerball,70,4,69.86,69.86,HIGH:0 | MEDIUM:4 | LOW:0,Tier 2,54.4,YES,READY,none_detected,20% exact | 40% partial | 20% branded | 10% URL | 10% generic
/states/ok/mega-millions/stats,stats,ok,Oklahoma,Mega Millions,70,4,69.86,69.86,HIGH:0 | MEDIUM:4 | LOW:0,Tier 2,54.4,YES,READY,none_detected,20% exact | 40% partial | 20% branded | 10% URL | 10% generic
/states/ok/powerball-double-play/stats,stats,ok,Oklahoma,Powerball Double Play,70,4,69.86,69.86,HIGH:0 | MEDIUM:4 | LOW:0,Tier 2,54.4,YES,READY,none_detected,20% exact | 40% partial | 20% branded | 10% URL | 10% generic
/states/ok/powerball/stats,stats,ok,Oklahoma,Powerball,70,4,69.86,69.86,HIGH:0 | MEDIUM:4 | LOW:0,Tier 2,54.4,YES,READY,none_detected,20% exact | 40% partial | 20% branded | 10% URL | 10% generic
/states/or/mega-millions/stats,stats,or,Oregon,Mega Millions,70,4,69.86,69.86,HIGH:0 | MEDIUM:4 | LOW:0,Tier 2,54.4,YES,READY,none_detected,20% exact | 40% partial | 20% branded | 10% URL | 10% generic
/states/or/pick-4/10pm,session,or,Oregon,Pick 4,70,6,69.86,69.86,HIGH:0 | MEDIUM:6 | LOW:0,Tier 2,54.4,YES,READY,none_detected,20% exact | 40% partial | 20% branded | 10% URL | 10% generic
/states/or/pick-4/1pm,session,or,Oregon,Pick 4,70,6,69.86,69.86,HIGH:0 | MEDIUM:6 | LOW:0,Tier 2,54.4,YES,READY,none_detected,20% exact | 40% partial | 20% branded | 10% URL | 10% generic
/states/or/pick-4/4pm,session,or,Oregon,Pick 4,70,6,69.86,69.86,HIGH:0 | MEDIUM:6 | LOW:0,Tier 2,54.4,YES,READY,none_detected,20% exact | 40% partial | 20% branded | 10% URL | 10% generic
/states/or/pick-4/7pm,session,or,Oregon,Pick 4,70,6,69.86,69.86,HIGH:0 | MEDIUM:6 | LOW:0,Tier 2,54.4,YES,READY,none_detected,20% exact | 40% partial | 20% branded | 10% URL | 10% generic
/states/or/powerball/stats,stats,or,Oregon,Powerball,70,4,69.86,69.86,HIGH:0 | MEDIUM:4 | LOW:0,Tier 2,54.4,YES,READY,none_detected,20% exact | 40% partial | 20% branded | 10% URL | 10% generic
/states/pa/cash-pop/historical,historical,pa,Pennsylvania,Cash Pop,70,4,69.86,69.86,HIGH:0 | MEDIUM:4 | LOW:0,Tier 2,54.4,YES,READY,none_detected,20% exact | 40% partial | 20% branded | 10% URL | 10% generic
/states/pa/match-6/historical,historical,pa,Pennsylvania,Match 6,70,4,69.86,69.86,HIGH:0 | MEDIUM:4 | LOW:0,Tier 2,54.4,YES,READY,none_detected,20% exact | 40% partial | 20% branded | 10% URL | 10% generic
/states/pa/millionaire-for-life/historical,historical,pa,Pennsylvania,Millionaire For Life,70,4,69.86,69.86,HIGH:0 | MEDIUM:4 | LOW:0,Tier 2,54.4,YES,READY,none_detected,20% exact | 40% partial | 20% branded | 10% URL | 10% generic
/states/pa/pick-2/historical,historical,pa,Pennsylvania,Pick 2,70,4,69.86,69.86,HIGH:0 | MEDIUM:4 | LOW:0,Tier 2,54.4,YES,READY,none_detected,20% exact | 40% partial | 20% branded | 10% URL | 10% generic
/states/pa/pick-5/historical,historical,pa,Pennsylvania,Pick 5,70,4,69.86,69.86,HIGH:0 | MEDIUM:4 | LOW:0,Tier 2,54.4,YES,READY,none_detected,20% exact | 40% partial | 20% branded | 10% URL | 10% generic
/states/pa/treasure-hunt/historical,historical,pa,Pennsylvania,Treasure Hunt,70,4,69.86,69.86,HIGH:0 | MEDIUM:4 | LOW:0,Tier 2,54.4,YES,READY,none_detected,20% exact | 40% partial | 20% branded | 10% URL | 10% generic
/states/pr/loteria-tradicional/historical,historical,pr,Puerto Rico,Loteria Tradicional,70,4,69.86,69.86,HIGH:0 | MEDIUM:4 | LOW:0,Tier 2,54.4,YES,READY,none_detected,20% exact | 40% partial | 20% branded | 10% URL | 10% generic
/states/pr/loto-cash/historical,historical,pr,Puerto Rico,Loto Cash,70,4,69.86,69.86,HIGH:0 | MEDIUM:4 | LOW:0,Tier 2,54.4,YES,READY,none_detected,20% exact | 40% partial | 20% branded | 10% URL | 10% generic
/states/pr/pega-2/historical,historical,pr,Puerto Rico,Pega 2,70,4,69.86,69.86,HIGH:0 | MEDIUM:4 | LOW:0,Tier 2,54.4,YES,READY,none_detected,20% exact | 40% partial | 20% branded | 10% URL | 10% generic
/states/pr/pega-3/historical,historical,pr,Puerto Rico,Pega 3,70,4,69.86,69.86,HIGH:0 | MEDIUM:4 | LOW:0,Tier 2,54.4,YES,READY,none_detected,20% exact | 40% partial | 20% branded | 10% URL | 10% generic
/states/pr/pega-4/historical,historical,pr,Puerto Rico,Pega 4,70,4,69.86,69.86,HIGH:0 | MEDIUM:4 | LOW:0,Tier 2,54.4,YES,READY,none_detected,20% exact | 40% partial | 20% branded | 10% URL | 10% generic
/states/pr/revancha/historical,historical,pr,Puerto Rico,Revancha,70,4,69.86,69.86,HIGH:0 | MEDIUM:4 | LOW:0,Tier 2,54.4,YES,READY,none_detected,20% exact | 40% partial | 20% branded | 10% URL | 10% generic
/states/ri/mega-millions/stats,stats,ri,Rhode Island,Mega Millions,70,4,69.86,69.86,HIGH:0 | MEDIUM:4 | LOW:0,Tier 2,54.4,YES,READY,none_detected,20% exact | 40% partial | 20% branded | 10% URL | 10% generic
/states/ri/powerball/stats,stats,ri,Rhode Island,Powerball,70,4,69.86,69.86,HIGH:0 | MEDIUM:4 | LOW:0,Tier 2,54.4,YES,READY,none_detected,20% exact | 40% partial | 20% branded | 10% URL | 10% generic
/states/sc/mega-millions/stats,stats,sc,South Carolina,Mega Millions,70,4,69.86,69.86,HIGH:0 | MEDIUM:4 | LOW:0,Tier 2,54.4,YES,READY,none_detected,20% exact | 40% partial | 20% branded | 10% URL | 10% generic
/states/sc/pick-4/evening,session,sc,South Carolina,Pick 4,70,6,69.86,69.86,HIGH:0 | MEDIUM:6 | LOW:0,Tier 2,54.4,YES,READY,none_detected,20% exact | 40% partial | 20% branded | 10% URL | 10% generic
/states/sc/pick-4/midday,session,sc,South Carolina,Pick 4,70,6,69.86,69.86,HIGH:0 | MEDIUM:6 | LOW:0,Tier 2,54.4,YES,READY,none_detected,20% exact | 40% partial | 20% branded | 10% URL | 10% generic
/states/sc/powerball-double-play/stats,stats,sc,South Carolina,Powerball Double Play,70,4,69.86,69.86,HIGH:0 | MEDIUM:4 | LOW:0,Tier 2,54.4,YES,READY,none_detected,20% exact | 40% partial | 20% branded | 10% URL | 10% generic
/states/sc/powerball/stats,stats,sc,South Carolina,Powerball,70,4,69.86,69.86,HIGH:0 | MEDIUM:4 | LOW:0,Tier 2,54.4,YES,READY,none_detected,20% exact | 40% partial | 20% branded | 10% URL | 10% generic
/states/sd/mega-millions/stats,stats,sd,South Dakota,Mega Millions,70,4,69.86,69.86,HIGH:0 | MEDIUM:4 | LOW:0,Tier 2,54.4,YES,READY,none_detected,20% exact | 40% partial | 20% branded | 10% URL | 10% generic
/states/sd/powerball-double-play/stats,stats,sd,South Dakota,Powerball Double Play,70,4,69.86,69.86,HIGH:0 | MEDIUM:4 | LOW:0,Tier 2,54.4,YES,READY,none_detected,20% exact | 40% partial | 20% branded | 10% URL | 10% generic
/states/sd/powerball/stats,stats,sd,South Dakota,Powerball,70,4,69.86,69.86,HIGH:0 | MEDIUM:4 | LOW:0,Tier 2,54.4,YES,READY,none_detected,20% exact | 40% partial | 20% branded | 10% URL | 10% generic
/states/tn/daily-tennessee-jackpot/historical,historical,tn,Tennessee,Daily Tennessee Jackpot,70,4,69.86,69.86,HIGH:0 | MEDIUM:4 | LOW:0,Tier 2,54.4,YES,READY,none_detected,20% exact | 40% partial | 20% branded | 10% URL | 10% generic
/states/tx/all-or-nothing/stats,stats,tx,Texas,All OR Nothing,70,4,69.86,69.86,HIGH:0 | MEDIUM:4 | LOW:0,Tier 2,54.4,YES,READY,none_detected,20% exact | 40% partial | 20% branded | 10% URL | 10% generic
/states/tx/daily-4/stats,stats,tx,Texas,Daily 4,70,4,69.86,69.86,HIGH:0 | MEDIUM:4 | LOW:0,Tier 2,54.4,YES,READY,none_detected,20% exact | 40% partial | 20% branded | 10% URL | 10% generic
/states/tx/texas-two-step/stats,stats,tx,Texas,Texas Two Step,70,4,69.86,69.86,HIGH:0 | MEDIUM:4 | LOW:0,Tier 2,54.4,YES,READY,none_detected,20% exact | 40% partial | 20% branded | 10% URL | 10% generic
/states/va/cash-5/stats,stats,va,Virginia,Cash 5,70,4,69.86,69.86,HIGH:0 | MEDIUM:4 | LOW:0,Tier 2,54.4,YES,READY,none_detected,20% exact | 40% partial | 20% branded | 10% URL | 10% generic
/states/va/cash-pop/coffeebreak,session,va,Virginia,Cash Pop,70,6,69.86,69.86,HIGH:0 | MEDIUM:6 | LOW:0,Tier 2,54.4,YES,READY,none_detected,20% exact | 40% partial | 20% branded | 10% URL | 10% generic
/states/va/cash-pop/lunchbreak,session,va,Virginia,Cash Pop,70,6,69.86,69.86,HIGH:0 | MEDIUM:6 | LOW:0,Tier 2,54.4,YES,READY,none_detected,20% exact | 40% partial | 20% branded | 10% URL | 10% generic
/states/va/cash-pop/primetime,session,va,Virginia,Cash Pop,70,6,69.86,69.86,HIGH:0 | MEDIUM:6 | LOW:0,Tier 2,54.4,YES,READY,none_detected,20% exact | 40% partial | 20% branded | 10% URL | 10% generic
/states/va/cash-pop/rushhour,session,va,Virginia,Cash Pop,70,6,69.86,69.86,HIGH:0 | MEDIUM:6 | LOW:0,Tier 2,54.4,YES,READY,none_detected,20% exact | 40% partial | 20% branded | 10% URL | 10% generic
/states/va/pick-4/stats,stats,va,Virginia,Pick 4,70,4,69.86,69.86,HIGH:0 | MEDIUM:4 | LOW:0,Tier 2,54.4,YES,READY,none_detected,20% exact | 40% partial | 20% branded | 10% URL | 10% generic
/states/va/pick-5/day,session,va,Virginia,Pick 5,70,6,69.86,69.86,HIGH:0 | MEDIUM:6 | LOW:0,Tier 2,54.4,YES,READY,none_detected,20% exact | 40% partial | 20% branded | 10% URL | 10% generic
/states/va/pick-5/night,session,va,Virginia,Pick 5,70,6,69.86,69.86,HIGH:0 | MEDIUM:6 | LOW:0,Tier 2,54.4,YES,READY,none_detected,20% exact | 40% partial | 20% branded | 10% URL | 10% generic
/states/vt/mega-millions/stats,stats,vt,Vermont,Mega Millions,70,4,69.86,69.86,HIGH:0 | MEDIUM:4 | LOW:0,Tier 2,54.4,YES,READY,none_detected,20% exact | 40% partial | 20% branded | 10% URL | 10% generic
/states/vt/pick-4/day,session,vt,Vermont,Pick 4,70,6,69.86,69.86,HIGH:0 | MEDIUM:6 | LOW:0,Tier 2,54.4,YES,READY,none_detected,20% exact | 40% partial | 20% branded | 10% URL | 10% generic
/states/vt/pick-4/evening,session,vt,Vermont,Pick 4,70,6,69.86,69.86,HIGH:0 | MEDIUM:6 | LOW:0,Tier 2,54.4,YES,READY,none_detected,20% exact | 40% partial | 20% branded | 10% URL | 10% generic
/states/vt/powerball/stats,stats,vt,Vermont,Powerball,70,4,69.86,69.86,HIGH:0 | MEDIUM:4 | LOW:0,Tier 2,54.4,YES,READY,none_detected,20% exact | 40% partial | 20% branded | 10% URL | 10% generic
/states/wa/lotto/stats,stats,wa,Washington,Lotto,70,4,69.86,69.86,HIGH:0 | MEDIUM:4 | LOW:0,Tier 2,54.4,YES,READY,none_detected,20% exact | 40% partial | 20% branded | 10% URL | 10% generic
/states/wi/mega-millions/stats,stats,wi,Wisconsin,Mega Millions,70,4,69.86,69.86,HIGH:0 | MEDIUM:4 | LOW:0,Tier 2,54.4,YES,READY,none_detected,20% exact | 40% partial | 20% branded | 10% URL | 10% generic
/states/wi/pick-4/evening,session,wi,Wisconsin,Pick 4,70,6,69.86,69.86,HIGH:0 | MEDIUM:6 | LOW:0,Tier 2,54.4,YES,READY,none_detected,20% exact | 40% partial | 20% branded | 10% URL | 10% generic
/states/wi/pick-4/midday,session,wi,Wisconsin,Pick 4,70,6,69.86,69.86,HIGH:0 | MEDIUM:6 | LOW:0,Tier 2,54.4,YES,READY,none_detected,20% exact | 40% partial | 20% branded | 10% URL | 10% generic
/states/wi/powerball/stats,stats,wi,Wisconsin,Powerball,70,4,69.86,69.86,HIGH:0 | MEDIUM:4 | LOW:0,Tier 2,54.4,YES,READY,none_detected,20% exact | 40% partial | 20% branded | 10% URL | 10% generic
/states/wv/mega-millions/stats,stats,wv,West Virginia,Mega Millions,70,4,69.86,69.86,HIGH:0 | MEDIUM:4 | LOW:0,Tier 2,54.4,YES,READY,none_detected,20% exact | 40% partial | 20% branded | 10% URL | 10% generic
/states/wv/powerball/stats,stats,wv,West Virginia,Powerball,70,4,69.86,69.86,HIGH:0 | MEDIUM:4 | LOW:0,Tier 2,54.4,YES,READY,none_detected,20% exact | 40% partial | 20% branded | 10% URL | 10% generic
/states/wy/mega-millions/stats,stats,wy,Wyoming,Mega Millions,70,4,69.86,69.86,HIGH:0 | MEDIUM:4 | LOW:0,Tier 2,54.4,YES,READY,none_detected,20% exact | 40% partial | 20% branded | 10% URL | 10% generic
/states/wy/powerball/stats,stats,wy,Wyoming,Powerball,70,4,69.86,69.86,HIGH:0 | MEDIUM:4 | LOW:0,Tier 2,54.4,YES,READY,none_detected,20% exact | 40% partial | 20% branded | 10% URL | 10% generic
/states/co/pick-3/historical,historical,co,Colorado,Pick 3,69,4,69.45,69.45,HIGH:0 | MEDIUM:4 | LOW:0,Tier 2,53.7,YES,READY,none_detected,20% exact | 40% partial | 20% branded | 10% URL | 10% generic
/states/fl/cash-pop/stats,stats,fl,Florida,Cash Pop,69,4,69.45,69.45,HIGH:0 | MEDIUM:4 | LOW:0,Tier 2,53.7,YES,READY,none_detected,20% exact | 40% partial | 20% branded | 10% URL | 10% generic
/states/fl/fantasy-5/stats,stats,fl,Florida,Fantasy 5,69,4,69.45,69.45,HIGH:0 | MEDIUM:4 | LOW:0,Tier 2,53.7,YES,READY,none_detected,20% exact | 40% partial | 20% branded | 10% URL | 10% generic
/states/fl/pick-2/stats,stats,fl,Florida,Pick 2,69,4,69.45,69.45,HIGH:0 | MEDIUM:4 | LOW:0,Tier 2,53.7,YES,READY,none_detected,20% exact | 40% partial | 20% branded | 10% URL | 10% generic
/states/fl/pick-5/stats,stats,fl,Florida,Pick 5,69,4,69.45,69.45,HIGH:0 | MEDIUM:4 | LOW:0,Tier 2,53.7,YES,READY,none_detected,20% exact | 40% partial | 20% branded | 10% URL | 10% generic
/states/ga/cash-3/historical,historical,ga,Georgia,Cash 3,69,4,69.45,69.45,HIGH:0 | MEDIUM:4 | LOW:0,Tier 2,53.7,YES,READY,none_detected,20% exact | 40% partial | 20% branded | 10% URL | 10% generic
/states/ga/cash-4/historical,historical,ga,Georgia,Cash 4,69,4,69.45,69.45,HIGH:0 | MEDIUM:4 | LOW:0,Tier 2,53.7,YES,READY,none_detected,20% exact | 40% partial | 20% branded | 10% URL | 10% generic
/states/ga/cash-pop/historical,historical,ga,Georgia,Cash Pop,69,4,69.45,69.45,HIGH:0 | MEDIUM:4 | LOW:0,Tier 2,53.7,YES,READY,none_detected,20% exact | 40% partial | 20% branded | 10% URL | 10% generic
/states/ga/fantasy-5/historical,historical,ga,Georgia,Fantasy 5,69,4,69.45,69.45,HIGH:0 | MEDIUM:4 | LOW:0,Tier 2,53.7,YES,READY,none_detected,20% exact | 40% partial | 20% branded | 10% URL | 10% generic
/states/ga/georgia-five/historical,historical,ga,Georgia,Georgia Five,69,4,69.45,69.45,HIGH:0 | MEDIUM:4 | LOW:0,Tier 2,53.7,YES,READY,none_detected,20% exact | 40% partial | 20% branded | 10% URL | 10% generic
/states/ga/millionaire-for-life/historical,historical,ga,Georgia,Millionaire For Life,69,4,69.45,69.45,HIGH:0 | MEDIUM:4 | LOW:0,Tier 2,53.7,YES,READY,none_detected,20% exact | 40% partial | 20% branded | 10% URL | 10% generic
/states/ia/pick-3/historical,historical,ia,Iowa,Pick 3,69,4,69.45,69.45,HIGH:0 | MEDIUM:4 | LOW:0,Tier 2,53.7,YES,READY,none_detected,20% exact | 40% partial | 20% branded | 10% URL | 10% generic
/states/id/pick-3/historical,historical,id,Idaho,Pick 3,69,4,69.45,69.45,HIGH:0 | MEDIUM:4 | LOW:0,Tier 2,53.7,YES,READY,none_detected,20% exact | 40% partial | 20% branded | 10% URL | 10% generic
/states/in/cash-5/stats,stats,in,Indiana,Cash 5,69,4,69.45,69.45,HIGH:0 | MEDIUM:4 | LOW:0,Tier 2,53.7,YES,READY,none_detected,20% exact | 40% partial | 20% branded | 10% URL | 10% generic
/states/in/cash-pop/afternoon,session,in,Indiana,Cash Pop,69,6,69.45,69.45,HIGH:0 | MEDIUM:6 | LOW:0,Tier 2,53.7,YES,READY,none_detected,20% exact | 40% partial | 20% branded | 10% URL | 10% generic
/states/in/cash-pop/evening,session,in,Indiana,Cash Pop,69,6,69.45,69.45,HIGH:0 | MEDIUM:6 | LOW:0,Tier 2,53.7,YES,READY,none_detected,20% exact | 40% partial | 20% branded | 10% URL | 10% generic
/states/in/cash-pop/latenight,session,in,Indiana,Cash Pop,69,6,69.45,69.45,HIGH:0 | MEDIUM:6 | LOW:0,Tier 2,53.7,YES,READY,none_detected,20% exact | 40% partial | 20% branded | 10% URL | 10% generic
/states/in/cash-pop/matinee,session,in,Indiana,Cash Pop,69,6,69.45,69.45,HIGH:0 | MEDIUM:6 | LOW:0,Tier 2,53.7,YES,READY,none_detected,20% exact | 40% partial | 20% branded | 10% URL | 10% generic
/states/in/cash-pop/morning,session,in,Indiana,Cash Pop,69,6,69.45,69.45,HIGH:0 | MEDIUM:6 | LOW:0,Tier 2,53.7,YES,READY,none_detected,20% exact | 40% partial | 20% branded | 10% URL | 10% generic
/states/in/daily-3/evening,session,in,Indiana,Daily 3,69,6,69.45,69.45,HIGH:0 | MEDIUM:6 | LOW:0,Tier 2,53.7,YES,READY,none_detected,20% exact | 40% partial | 20% branded | 10% URL | 10% generic
/states/in/daily-3/midday,session,in,Indiana,Daily 3,69,6,69.45,69.45,HIGH:0 | MEDIUM:6 | LOW:0,Tier 2,53.7,YES,READY,none_detected,20% exact | 40% partial | 20% branded | 10% URL | 10% generic
/states/in/daily-4/evening,session,in,Indiana,Daily 4,69,6,69.45,69.45,HIGH:0 | MEDIUM:6 | LOW:0,Tier 2,53.7,YES,READY,none_detected,20% exact | 40% partial | 20% branded | 10% URL | 10% generic
/states/in/daily-4/midday,session,in,Indiana,Daily 4,69,6,69.45,69.45,HIGH:0 | MEDIUM:6 | LOW:0,Tier 2,53.7,YES,READY,none_detected,20% exact | 40% partial | 20% branded | 10% URL | 10% generic
/states/in/hoosier-lotto-plus/stats,stats,in,Indiana,Hoosier Lotto Plus,69,4,69.45,69.45,HIGH:0 | MEDIUM:4 | LOW:0,Tier 2,53.7,YES,READY,none_detected,20% exact | 40% partial | 20% branded | 10% URL | 10% generic
/states/in/hoosier-lotto/stats,stats,in,Indiana,Hoosier Lotto,69,4,69.45,69.45,HIGH:0 | MEDIUM:4 | LOW:0,Tier 2,53.7,YES,READY,none_detected,20% exact | 40% partial | 20% branded | 10% URL | 10% generic
/states/in/quick-draw/evening,session,in,Indiana,Quick Draw,69,6,69.45,69.45,HIGH:0 | MEDIUM:6 | LOW:0,Tier 2,53.7,YES,READY,none_detected,20% exact | 40% partial | 20% branded | 10% URL | 10% generic
/states/in/quick-draw/midday,session,in,Indiana,Quick Draw,69,6,69.45,69.45,HIGH:0 | MEDIUM:6 | LOW:0,Tier 2,53.7,YES,READY,none_detected,20% exact | 40% partial | 20% branded | 10% URL | 10% generic
/states/ks/pick-3/historical,historical,ks,Kansas,Pick 3,69,4,69.45,69.45,HIGH:0 | MEDIUM:4 | LOW:0,Tier 2,53.7,YES,READY,none_detected,20% exact | 40% partial | 20% branded | 10% URL | 10% generic
/states/ky/pick-3/historical,historical,ky,Kentucky,Pick 3,69,4,69.45,69.45,HIGH:0 | MEDIUM:4 | LOW:0,Tier 2,53.7,YES,READY,none_detected,20% exact | 40% partial | 20% branded | 10% URL | 10% generic
/states/la/pick-3/historical,historical,la,Louisiana,Pick 3,69,4,69.45,69.45,HIGH:0 | MEDIUM:4 | LOW:0,Tier 2,53.7,YES,READY,none_detected,20% exact | 40% partial | 20% branded | 10% URL | 10% generic
/states/me/pick-3/historical,historical,me,Maine,Pick 3,69,4,69.45,69.45,HIGH:0 | MEDIUM:4 | LOW:0,Tier 2,53.7,YES,READY,none_detected,20% exact | 40% partial | 20% branded | 10% URL | 10% generic
/states/mi/daily-3/historical,historical,mi,Michigan,Daily 3,69,4,69.45,69.45,HIGH:0 | MEDIUM:4 | LOW:0,Tier 2,53.7,YES,READY,none_detected,20% exact | 40% partial | 20% branded | 10% URL | 10% generic
/states/mi/daily-4/historical,historical,mi,Michigan,Daily 4,69,4,69.45,69.45,HIGH:0 | MEDIUM:4 | LOW:0,Tier 2,53.7,YES,READY,none_detected,20% exact | 40% partial | 20% branded | 10% URL | 10% generic
/states/mi/fantasy-5/historical,historical,mi,Michigan,Fantasy 5,69,4,69.45,69.45,HIGH:0 | MEDIUM:4 | LOW:0,Tier 2,53.7,YES,READY,none_detected,20% exact | 40% partial | 20% branded | 10% URL | 10% generic
/states/mi/millionaire-for-life/historical,historical,mi,Michigan,Millionaire For Life,69,4,69.45,69.45,HIGH:0 | MEDIUM:4 | LOW:0,Tier 2,53.7,YES,READY,none_detected,20% exact | 40% partial | 20% branded | 10% URL | 10% generic
/states/mn/pick-3/historical,historical,mn,Minnesota,Pick 3,69,4,69.45,69.45,HIGH:0 | MEDIUM:4 | LOW:0,Tier 2,53.7,YES,READY,none_detected,20% exact | 40% partial | 20% branded | 10% URL | 10% generic
/states/mo/cash-pop/earlybird,session,mo,Missouri,Cash Pop,69,6,69.45,69.45,HIGH:0 | MEDIUM:6 | LOW:0,Tier 2,53.7,YES,READY,none_detected,20% exact | 40% partial | 20% branded | 10% URL | 10% generic
/states/mo/cash-pop/matinee,session,mo,Missouri,Cash Pop,69,6,69.45,69.45,HIGH:0 | MEDIUM:6 | LOW:0,Tier 2,53.7,YES,READY,none_detected,20% exact | 40% partial | 20% branded | 10% URL | 10% generic
/states/mo/cash-pop/nightowl,session,mo,Missouri,Cash Pop,69,6,69.45,69.45,HIGH:0 | MEDIUM:6 | LOW:0,Tier 2,53.7,YES,READY,none_detected,20% exact | 40% partial | 20% branded | 10% URL | 10% generic
/states/mo/cash-pop/primetime,session,mo,Missouri,Cash Pop,69,6,69.45,69.45,HIGH:0 | MEDIUM:6 | LOW:0,Tier 2,53.7,YES,READY,none_detected,20% exact | 40% partial | 20% branded | 10% URL | 10% generic
/states/mo/pick-4/stats,stats,mo,Missouri,Pick 4,69,4,69.45,69.45,HIGH:0 | MEDIUM:4 | LOW:0,Tier 2,53.7,YES,READY,none_detected,20% exact | 40% partial | 20% branded | 10% URL | 10% generic
/states/nc/cash-pop-clock-out-cash/historical,historical,nc,North Carolina,Cash Pop Clock Out Cash,69,4,69.45,69.45,HIGH:0 | MEDIUM:4 | LOW:0,Tier 2,53.7,YES,READY,none_detected,20% exact | 40% partial | 20% branded | 10% URL | 10% generic
/states/nc/cash-pop-lunch-rush/historical,historical,nc,North Carolina,Cash Pop Lunch Rush,69,4,69.45,69.45,HIGH:0 | MEDIUM:4 | LOW:0,Tier 2,53.7,YES,READY,none_detected,20% exact | 40% partial | 20% branded | 10% URL | 10% generic
/states/nc/cash-pop-midnight-money/historical,historical,nc,North Carolina,Cash Pop Midnight Money,69,4,69.45,69.45,HIGH:0 | MEDIUM:4 | LOW:0,Tier 2,53.7,YES,READY,none_detected,20% exact | 40% partial | 20% branded | 10% URL | 10% generic
/states/nc/cash-pop-primetime-pop/historical,historical,nc,North Carolina,Cash Pop Primetime Pop,69,4,69.45,69.45,HIGH:0 | MEDIUM:4 | LOW:0,Tier 2,53.7,YES,READY,none_detected,20% exact | 40% partial | 20% branded | 10% URL | 10% generic
/states/nc/cash-pop/historical,historical,nc,North Carolina,Cash Pop,69,4,69.45,69.45,HIGH:0 | MEDIUM:4 | LOW:0,Tier 2,53.7,YES,READY,none_detected,20% exact | 40% partial | 20% branded | 10% URL | 10% generic
/states/nc/millionaire-for-life/historical,historical,nc,North Carolina,Millionaire For Life,69,4,69.45,69.45,HIGH:0 | MEDIUM:4 | LOW:0,Tier 2,53.7,YES,READY,none_detected,20% exact | 40% partial | 20% branded | 10% URL | 10% generic
/states/ne/pick-3/historical,historical,ne,Nebraska,Pick 3,69,4,69.45,69.45,HIGH:0 | MEDIUM:4 | LOW:0,Tier 2,53.7,YES,READY,none_detected,20% exact | 40% partial | 20% branded | 10% URL | 10% generic
/states/nh/pick-3/historical,historical,nh,New Hampshire,Pick 3,69,4,69.45,69.45,HIGH:0 | MEDIUM:4 | LOW:0,Tier 2,53.7,YES,READY,none_detected,20% exact | 40% partial | 20% branded | 10% URL | 10% generic
/states/nm/pick-3/historical,historical,nm,New Mexico,Pick 3,69,4,69.45,69.45,HIGH:0 | MEDIUM:4 | LOW:0,Tier 2,53.7,YES,READY,none_detected,20% exact | 40% partial | 20% branded | 10% URL | 10% generic
/states/ny/millionaire-for-life/stats,stats,ny,New York,Millionaire For Life,69,4,69.45,69.45,HIGH:0 | MEDIUM:4 | LOW:0,Tier 2,53.7,YES,READY,none_detected,20% exact | 40% partial | 20% branded | 10% URL | 10% generic
/states/ny/numbers/stats,stats,ny,New York,Numbers,69,4,69.45,69.45,HIGH:0 | MEDIUM:4 | LOW:0,Tier 2,53.7,YES,READY,none_detected,20% exact | 40% partial | 20% branded | 10% URL | 10% generic
/states/ny/pick-10/stats,stats,ny,New York,Pick 10,69,4,69.45,69.45,HIGH:0 | MEDIUM:4 | LOW:0,Tier 2,53.7,YES,READY,none_detected,20% exact | 40% partial | 20% branded | 10% URL | 10% generic
/states/ny/take-5/stats,stats,ny,New York,Take 5,69,4,69.45,69.45,HIGH:0 | MEDIUM:4 | LOW:0,Tier 2,53.7,YES,READY,none_detected,20% exact | 40% partial | 20% branded | 10% URL | 10% generic
/states/ny/win-4/stats,stats,ny,New York,Win 4,69,4,69.45,69.45,HIGH:0 | MEDIUM:4 | LOW:0,Tier 2,53.7,YES,READY,none_detected,20% exact | 40% partial | 20% branded | 10% URL | 10% generic
/states/oh/kicker/historical,historical,oh,Ohio,Kicker,69,4,69.45,69.45,HIGH:0 | MEDIUM:4 | LOW:0,Tier 2,53.7,YES,READY,none_detected,20% exact | 40% partial | 20% branded | 10% URL | 10% generic
/states/oh/millionaire-for-life/historical,historical,oh,Ohio,Millionaire For Life,69,4,69.45,69.45,HIGH:0 | MEDIUM:4 | LOW:0,Tier 2,53.7,YES,READY,none_detected,20% exact | 40% partial | 20% branded | 10% URL | 10% generic
/states/oh/pick-5/historical,historical,oh,Ohio,Pick 5,69,4,69.45,69.45,HIGH:0 | MEDIUM:4 | LOW:0,Tier 2,53.7,YES,READY,none_detected,20% exact | 40% partial | 20% branded | 10% URL | 10% generic
/states/ok/pick-3/historical,historical,ok,Oklahoma,Pick 3,69,4,69.45,69.45,HIGH:0 | MEDIUM:4 | LOW:0,Tier 2,53.7,YES,READY,none_detected,20% exact | 40% partial | 20% branded | 10% URL | 10% generic
/states/sc/pick-3/historical,historical,sc,South Carolina,Pick 3,69,4,69.45,69.45,HIGH:0 | MEDIUM:4 | LOW:0,Tier 2,53.7,YES,READY,none_detected,20% exact | 40% partial | 20% branded | 10% URL | 10% generic
/states/tn/cash-3/evening,session,tn,Tennessee,Cash 3,69,6,69.45,69.45,HIGH:0 | MEDIUM:6 | LOW:0,Tier 2,53.7,YES,READY,none_detected,20% exact | 40% partial | 20% branded | 10% URL | 10% generic
/states/tn/cash-3/midday,session,tn,Tennessee,Cash 3,69,6,69.45,69.45,HIGH:0 | MEDIUM:6 | LOW:0,Tier 2,53.7,YES,READY,none_detected,20% exact | 40% partial | 20% branded | 10% URL | 10% generic
/states/tn/cash-3/morning,session,tn,Tennessee,Cash 3,69,6,69.45,69.45,HIGH:0 | MEDIUM:6 | LOW:0,Tier 2,53.7,YES,READY,none_detected,20% exact | 40% partial | 20% branded | 10% URL | 10% generic
/states/tn/cash-4/evening,session,tn,Tennessee,Cash 4,69,6,69.45,69.45,HIGH:0 | MEDIUM:6 | LOW:0,Tier 2,53.7,YES,READY,none_detected,20% exact | 40% partial | 20% branded | 10% URL | 10% generic
/states/tn/cash-4/midday,session,tn,Tennessee,Cash 4,69,6,69.45,69.45,HIGH:0 | MEDIUM:6 | LOW:0,Tier 2,53.7,YES,READY,none_detected,20% exact | 40% partial | 20% branded | 10% URL | 10% generic
/states/tn/cash-4/morning,session,tn,Tennessee,Cash 4,69,6,69.45,69.45,HIGH:0 | MEDIUM:6 | LOW:0,Tier 2,53.7,YES,READY,none_detected,20% exact | 40% partial | 20% branded | 10% URL | 10% generic
/states/tn/lotto-america/stats,stats,tn,Tennessee,Lotto America,69,4,69.45,69.45,HIGH:0 | MEDIUM:4 | LOW:0,Tier 2,53.7,YES,READY,none_detected,20% exact | 40% partial | 20% branded | 10% URL | 10% generic
/states/vt/pick-3/historical,historical,vt,Vermont,Pick 3,69,4,69.45,69.45,HIGH:0 | MEDIUM:4 | LOW:0,Tier 2,53.7,YES,READY,none_detected,20% exact | 40% partial | 20% branded | 10% URL | 10% generic
/states/wa/daily-keno/stats,stats,wa,Washington,Daily Keno,69,4,69.45,69.45,HIGH:0 | MEDIUM:4 | LOW:0,Tier 2,53.7,YES,READY,none_detected,20% exact | 40% partial | 20% branded | 10% URL | 10% generic
/states/wi/pick-3/historical,historical,wi,Wisconsin,Pick 3,69,4,69.45,69.45,HIGH:0 | MEDIUM:4 | LOW:0,Tier 2,53.7,YES,READY,none_detected,20% exact | 40% partial | 20% branded | 10% URL | 10% generic
/states/ar/lotto/historical,historical,ar,Arkansas,Lotto,68,4,69.05,69.05,HIGH:0 | MEDIUM:4 | LOW:0,Tier 2,53,YES,READY,none_detected,20% exact | 40% partial | 20% branded | 10% URL | 10% generic
/states/az/fantasy-5/historical,historical,az,Arizona,Fantasy 5,68,4,69.05,69.05,HIGH:0 | MEDIUM:4 | LOW:0,Tier 2,53,YES,READY,none_detected,20% exact | 40% partial | 20% branded | 10% URL | 10% generic
/states/az/the-pick/historical,historical,az,Arizona,The Pick,68,4,69.05,69.05,HIGH:0 | MEDIUM:4 | LOW:0,Tier 2,53,YES,READY,none_detected,20% exact | 40% partial | 20% branded | 10% URL | 10% generic
/states/az/triple-twist/historical,historical,az,Arizona,Triple Twist,68,4,69.05,69.05,HIGH:0 | MEDIUM:4 | LOW:0,Tier 2,53,YES,READY,none_detected,20% exact | 40% partial | 20% branded | 10% URL | 10% generic
/states/co/cash-5/historical,historical,co,Colorado,Cash 5,68,4,69.05,69.05,HIGH:0 | MEDIUM:4 | LOW:0,Tier 2,53,YES,READY,none_detected,20% exact | 40% partial | 20% branded | 10% URL | 10% generic
/states/co/colorado-lotto/historical,historical,co,Colorado,Colorado Lotto,68,4,69.05,69.05,HIGH:0 | MEDIUM:4 | LOW:0,Tier 2,53,YES,READY,none_detected,20% exact | 40% partial | 20% branded | 10% URL | 10% generic
/states/ct/cash-5/historical,historical,ct,Connecticut,Cash 5,68,4,69.05,69.05,HIGH:0 | MEDIUM:4 | LOW:0,Tier 2,53,YES,READY,none_detected,20% exact | 40% partial | 20% branded | 10% URL | 10% generic
/states/ct/lotto/historical,historical,ct,Connecticut,Lotto,68,4,69.05,69.05,HIGH:0 | MEDIUM:4 | LOW:0,Tier 2,53,YES,READY,none_detected,20% exact | 40% partial | 20% branded | 10% URL | 10% generic
/states/dc/lotto-america/historical,historical,dc,"Washington, D.C.",Lotto America,68,4,69.05,69.05,HIGH:0 | MEDIUM:4 | LOW:0,Tier 2,53,YES,READY,none_detected,20% exact | 40% partial | 20% branded | 10% URL | 10% generic
/states/de/lotto-america/historical,historical,de,Delaware,Lotto America,68,4,69.05,69.05,HIGH:0 | MEDIUM:4 | LOW:0,Tier 2,53,YES,READY,none_detected,20% exact | 40% partial | 20% branded | 10% URL | 10% generic
/states/de/multi-win-lotto/historical,historical,de,Delaware,Multi Win Lotto,68,4,69.05,69.05,HIGH:0 | MEDIUM:4 | LOW:0,Tier 2,53,YES,READY,none_detected,20% exact | 40% partial | 20% branded | 10% URL | 10% generic
/states/ia/lotto-america/historical,historical,ia,Iowa,Lotto America,68,4,69.05,69.05,HIGH:0 | MEDIUM:4 | LOW:0,Tier 2,53,YES,READY,none_detected,20% exact | 40% partial | 20% branded | 10% URL | 10% generic
/states/ia/pick-4/historical,historical,ia,Iowa,Pick 4,68,4,69.05,69.05,HIGH:0 | MEDIUM:4 | LOW:0,Tier 2,53,YES,READY,none_detected,20% exact | 40% partial | 20% branded | 10% URL | 10% generic
/states/id/lotto-america/historical,historical,id,Idaho,Lotto America,68,4,69.05,69.05,HIGH:0 | MEDIUM:4 | LOW:0,Tier 2,53,YES,READY,none_detected,20% exact | 40% partial | 20% branded | 10% URL | 10% generic
/states/id/pick-4/historical,historical,id,Idaho,Pick 4,68,4,69.05,69.05,HIGH:0 | MEDIUM:4 | LOW:0,Tier 2,53,YES,READY,none_detected,20% exact | 40% partial | 20% branded | 10% URL | 10% generic
/states/ks/lotto-america/historical,historical,ks,Kansas,Lotto America,68,4,69.05,69.05,HIGH:0 | MEDIUM:4 | LOW:0,Tier 2,53,YES,READY,none_detected,20% exact | 40% partial | 20% branded | 10% URL | 10% generic
/states/ky/pick-4/historical,historical,ky,Kentucky,Pick 4,68,4,69.05,69.05,HIGH:0 | MEDIUM:4 | LOW:0,Tier 2,53,YES,READY,none_detected,20% exact | 40% partial | 20% branded | 10% URL | 10% generic
/states/la/lotto/historical,historical,la,Louisiana,Lotto,68,4,69.05,69.05,HIGH:0 | MEDIUM:4 | LOW:0,Tier 2,53,YES,READY,none_detected,20% exact | 40% partial | 20% branded | 10% URL | 10% generic
/states/la/pick-4/historical,historical,la,Louisiana,Pick 4,68,4,69.05,69.05,HIGH:0 | MEDIUM:4 | LOW:0,Tier 2,53,YES,READY,none_detected,20% exact | 40% partial | 20% branded | 10% URL | 10% generic
/states/ma/mass-cash/historical,historical,ma,Massachusetts,Mass Cash,68,4,69.05,69.05,HIGH:0 | MEDIUM:4 | LOW:0,Tier 2,53,YES,READY,none_detected,20% exact | 40% partial | 20% branded | 10% URL | 10% generic
/states/ma/megabucks/historical,historical,ma,Massachusetts,Megabucks,68,4,69.05,69.05,HIGH:0 | MEDIUM:4 | LOW:0,Tier 2,53,YES,READY,none_detected,20% exact | 40% partial | 20% branded | 10% URL | 10% generic
/states/ma/millionaire-for-life/historical,historical,ma,Massachusetts,Millionaire For Life,68,4,69.05,69.05,HIGH:0 | MEDIUM:4 | LOW:0,Tier 2,53,YES,READY,none_detected,20% exact | 40% partial | 20% branded | 10% URL | 10% generic
/states/ma/numbers-game/historical,historical,ma,Massachusetts,Numbers Game,68,4,69.05,69.05,HIGH:0 | MEDIUM:4 | LOW:0,Tier 2,53,YES,READY,none_detected,20% exact | 40% partial | 20% branded | 10% URL | 10% generic
/states/md/bonus-match-5/historical,historical,md,Maryland,Bonus Match 5,68,4,69.05,69.05,HIGH:0 | MEDIUM:4 | LOW:0,Tier 2,53,YES,READY,none_detected,20% exact | 40% partial | 20% branded | 10% URL | 10% generic
/states/md/cash-pop/historical,historical,md,Maryland,Cash Pop,68,4,69.05,69.05,HIGH:0 | MEDIUM:4 | LOW:0,Tier 2,53,YES,READY,none_detected,20% exact | 40% partial | 20% branded | 10% URL | 10% generic
/states/md/multimatch/historical,historical,md,Maryland,Multimatch,68,4,69.05,69.05,HIGH:0 | MEDIUM:4 | LOW:0,Tier 2,53,YES,READY,none_detected,20% exact | 40% partial | 20% branded | 10% URL | 10% generic
/states/md/pick-5/historical,historical,md,Maryland,Pick 5,68,4,69.05,69.05,HIGH:0 | MEDIUM:4 | LOW:0,Tier 2,53,YES,READY,none_detected,20% exact | 40% partial | 20% branded | 10% URL | 10% generic
/states/me/lotto-america/historical,historical,me,Maine,Lotto America,68,4,69.05,69.05,HIGH:0 | MEDIUM:4 | LOW:0,Tier 2,53,YES,READY,none_detected,20% exact | 40% partial | 20% branded | 10% URL | 10% generic
/states/me/pick-4/historical,historical,me,Maine,Pick 4,68,4,69.05,69.05,HIGH:0 | MEDIUM:4 | LOW:0,Tier 2,53,YES,READY,none_detected,20% exact | 40% partial | 20% branded | 10% URL | 10% generic
/states/mn/lotto-america/historical,historical,mn,Minnesota,Lotto America,68,4,69.05,69.05,HIGH:0 | MEDIUM:4 | LOW:0,Tier 2,53,YES,READY,none_detected,20% exact | 40% partial | 20% branded | 10% URL | 10% generic
/states/ms/lotto-america/historical,historical,ms,Mississippi,Lotto America,68,4,69.05,69.05,HIGH:0 | MEDIUM:4 | LOW:0,Tier 2,53,YES,READY,none_detected,20% exact | 40% partial | 20% branded | 10% URL | 10% generic
/states/mt/lotto-america/historical,historical,mt,Montana,Lotto America,68,4,69.05,69.05,HIGH:0 | MEDIUM:4 | LOW:0,Tier 2,53,YES,READY,none_detected,20% exact | 40% partial | 20% branded | 10% URL | 10% generic
/states/nd/lotto-america/historical,historical,nd,North Dakota,Lotto America,68,4,69.05,69.05,HIGH:0 | MEDIUM:4 | LOW:0,Tier 2,53,YES,READY,none_detected,20% exact | 40% partial | 20% branded | 10% URL | 10% generic
/states/ne/lotto-america/historical,historical,ne,Nebraska,Lotto America,68,4,69.05,69.05,HIGH:0 | MEDIUM:4 | LOW:0,Tier 2,53,YES,READY,none_detected,20% exact | 40% partial | 20% branded | 10% URL | 10% generic
/states/ne/pick-4/historical,historical,ne,Nebraska,Pick 4,68,4,69.05,69.05,HIGH:0 | MEDIUM:4 | LOW:0,Tier 2,53,YES,READY,none_detected,20% exact | 40% partial | 20% branded | 10% URL | 10% generic
/states/nh/pick-4/historical,historical,nh,New Hampshire,Pick 4,68,4,69.05,69.05,HIGH:0 | MEDIUM:4 | LOW:0,Tier 2,53,YES,READY,none_detected,20% exact | 40% partial | 20% branded | 10% URL | 10% generic
/states/nj/millionaire-for-life/stats,stats,nj,New Jersey,Millionaire For Life,68,4,69.05,69.05,HIGH:0 | MEDIUM:4 | LOW:0,Tier 2,53,YES,READY,none_detected,20% exact | 40% partial | 20% branded | 10% URL | 10% generic
/states/nj/pick-6/stats,stats,nj,New Jersey,Pick 6,68,4,69.05,69.05,HIGH:0 | MEDIUM:4 | LOW:0,Tier 2,53,YES,READY,none_detected,20% exact | 40% partial | 20% branded | 10% URL | 10% generic
/states/nm/lotto-america/historical,historical,nm,New Mexico,Lotto America,68,4,69.05,69.05,HIGH:0 | MEDIUM:4 | LOW:0,Tier 2,53,YES,READY,none_detected,20% exact | 40% partial | 20% branded | 10% URL | 10% generic
/states/nm/pick-4/historical,historical,nm,New Mexico,Pick 4,68,4,69.05,69.05,HIGH:0 | MEDIUM:4 | LOW:0,Tier 2,53,YES,READY,none_detected,20% exact | 40% partial | 20% branded | 10% URL | 10% generic
/states/ok/cash-5/historical,historical,ok,Oklahoma,Cash 5,68,4,69.05,69.05,HIGH:0 | MEDIUM:4 | LOW:0,Tier 2,53,YES,READY,none_detected,20% exact | 40% partial | 20% branded | 10% URL | 10% generic
/states/ok/lotto-america/historical,historical,ok,Oklahoma,Lotto America,68,4,69.05,69.05,HIGH:0 | MEDIUM:4 | LOW:0,Tier 2,53,YES,READY,none_detected,20% exact | 40% partial | 20% branded | 10% URL | 10% generic
/states/or/pick-4/historical,historical,or,Oregon,Pick 4,68,4,69.05,69.05,HIGH:0 | MEDIUM:4 | LOW:0,Tier 2,53,YES,READY,none_detected,20% exact | 40% partial | 20% branded | 10% URL | 10% generic
/states/pa/cash-pop/stats,stats,pa,Pennsylvania,Cash Pop,68,4,69.05,69.05,HIGH:0 | MEDIUM:4 | LOW:0,Tier 2,53,YES,READY,none_detected,20% exact | 40% partial | 20% branded | 10% URL | 10% generic
/states/pa/match-6/stats,stats,pa,Pennsylvania,Match 6,68,4,69.05,69.05,HIGH:0 | MEDIUM:4 | LOW:0,Tier 2,53,YES,READY,none_detected,20% exact | 40% partial | 20% branded | 10% URL | 10% generic
/states/pa/millionaire-for-life/stats,stats,pa,Pennsylvania,Millionaire For Life,68,4,69.05,69.05,HIGH:0 | MEDIUM:4 | LOW:0,Tier 2,53,YES,READY,none_detected,20% exact | 40% partial | 20% branded | 10% URL | 10% generic
/states/pa/pick-2/stats,stats,pa,Pennsylvania,Pick 2,68,4,69.05,69.05,HIGH:0 | MEDIUM:4 | LOW:0,Tier 2,53,YES,READY,none_detected,20% exact | 40% partial | 20% branded | 10% URL | 10% generic
/states/pa/pick-5/stats,stats,pa,Pennsylvania,Pick 5,68,4,69.05,69.05,HIGH:0 | MEDIUM:4 | LOW:0,Tier 2,53,YES,READY,none_detected,20% exact | 40% partial | 20% branded | 10% URL | 10% generic
/states/pa/treasure-hunt/stats,stats,pa,Pennsylvania,Treasure Hunt,68,4,69.05,69.05,HIGH:0 | MEDIUM:4 | LOW:0,Tier 2,53,YES,READY,none_detected,20% exact | 40% partial | 20% branded | 10% URL | 10% generic
/states/pr/loteria-tradicional/stats,stats,pr,Puerto Rico,Loteria Tradicional,68,4,69.05,69.05,HIGH:0 | MEDIUM:4 | LOW:0,Tier 2,53,YES,READY,none_detected,20% exact | 40% partial | 20% branded | 10% URL | 10% generic
/states/pr/loto-cash/stats,stats,pr,Puerto Rico,Loto Cash,68,4,69.05,69.05,HIGH:0 | MEDIUM:4 | LOW:0,Tier 2,53,YES,READY,none_detected,20% exact | 40% partial | 20% branded | 10% URL | 10% generic
/states/pr/pega-2/stats,stats,pr,Puerto Rico,Pega 2,68,4,69.05,69.05,HIGH:0 | MEDIUM:4 | LOW:0,Tier 2,53,YES,READY,none_detected,20% exact | 40% partial | 20% branded | 10% URL | 10% generic
/states/pr/pega-3/stats,stats,pr,Puerto Rico,Pega 3,68,4,69.05,69.05,HIGH:0 | MEDIUM:4 | LOW:0,Tier 2,53,YES,READY,none_detected,20% exact | 40% partial | 20% branded | 10% URL | 10% generic
/states/pr/pega-4/stats,stats,pr,Puerto Rico,Pega 4,68,4,69.05,69.05,HIGH:0 | MEDIUM:4 | LOW:0,Tier 2,53,YES,READY,none_detected,20% exact | 40% partial | 20% branded | 10% URL | 10% generic
/states/pr/revancha/stats,stats,pr,Puerto Rico,Revancha,68,4,69.05,69.05,HIGH:0 | MEDIUM:4 | LOW:0,Tier 2,53,YES,READY,none_detected,20% exact | 40% partial | 20% branded | 10% URL | 10% generic
/states/sc/palmetto-cash-5/historical,historical,sc,South Carolina,Palmetto Cash 5,68,4,69.05,69.05,HIGH:0 | MEDIUM:4 | LOW:0,Tier 2,53,YES,READY,none_detected,20% exact | 40% partial | 20% branded | 10% URL | 10% generic
/states/sc/pick-4/historical,historical,sc,South Carolina,Pick 4,68,4,69.05,69.05,HIGH:0 | MEDIUM:4 | LOW:0,Tier 2,53,YES,READY,none_detected,20% exact | 40% partial | 20% branded | 10% URL | 10% generic
/states/sd/lotto-america/historical,historical,sd,South Dakota,Lotto America,68,4,69.05,69.05,HIGH:0 | MEDIUM:4 | LOW:0,Tier 2,53,YES,READY,none_detected,20% exact | 40% partial | 20% branded | 10% URL | 10% generic
/states/tn/daily-tennessee-jackpot/stats,stats,tn,Tennessee,Daily Tennessee Jackpot,68,4,69.05,69.05,HIGH:0 | MEDIUM:4 | LOW:0,Tier 2,53,YES,READY,none_detected,20% exact | 40% partial | 20% branded | 10% URL | 10% generic
/states/va/bank-a-million/historical,historical,va,Virginia,Bank A Million,68,4,69.05,69.05,HIGH:0 | MEDIUM:4 | LOW:0,Tier 2,53,YES,READY,none_detected,20% exact | 40% partial | 20% branded | 10% URL | 10% generic
/states/va/cash-pop-after-hours/historical,historical,va,Virginia,Cash Pop After Hours,68,4,69.05,69.05,HIGH:0 | MEDIUM:4 | LOW:0,Tier 2,53,YES,READY,none_detected,20% exact | 40% partial | 20% branded | 10% URL | 10% generic
/states/va/cash-pop/historical,historical,va,Virginia,Cash Pop,68,4,69.05,69.05,HIGH:0 | MEDIUM:4 | LOW:0,Tier 2,53,YES,READY,none_detected,20% exact | 40% partial | 20% branded | 10% URL | 10% generic
/states/va/millionaire-for-life/historical,historical,va,Virginia,Millionaire For Life,68,4,69.05,69.05,HIGH:0 | MEDIUM:4 | LOW:0,Tier 2,53,YES,READY,none_detected,20% exact | 40% partial | 20% branded | 10% URL | 10% generic
/states/va/pick-5/historical,historical,va,Virginia,Pick 5,68,4,69.05,69.05,HIGH:0 | MEDIUM:4 | LOW:0,Tier 2,53,YES,READY,none_detected,20% exact | 40% partial | 20% branded | 10% URL | 10% generic
/states/vt/pick-4/historical,historical,vt,Vermont,Pick 4,68,4,69.05,69.05,HIGH:0 | MEDIUM:4 | LOW:0,Tier 2,53,YES,READY,none_detected,20% exact | 40% partial | 20% branded | 10% URL | 10% generic
/states/wa/cash-pop/historical,historical,wa,Washington,Cash Pop,68,4,69.05,69.05,HIGH:0 | MEDIUM:4 | LOW:0,Tier 2,53,YES,READY,none_detected,20% exact | 40% partial | 20% branded | 10% URL | 10% generic
/states/wa/hit-5/historical,historical,wa,Washington,Hit 5,68,4,69.05,69.05,HIGH:0 | MEDIUM:4 | LOW:0,Tier 2,53,YES,READY,none_detected,20% exact | 40% partial | 20% branded | 10% URL | 10% generic
/states/wa/match-4/historical,historical,wa,Washington,Match 4,68,4,69.05,69.05,HIGH:0 | MEDIUM:4 | LOW:0,Tier 2,53,YES,READY,none_detected,20% exact | 40% partial | 20% branded | 10% URL | 10% generic
/states/wi/pick-4/historical,historical,wi,Wisconsin,Pick 4,68,4,69.05,69.05,HIGH:0 | MEDIUM:4 | LOW:0,Tier 2,53,YES,READY,none_detected,20% exact | 40% partial | 20% branded | 10% URL | 10% generic
/states/wv/lotto-america/historical,historical,wv,West Virginia,Lotto America,68,4,69.05,69.05,HIGH:0 | MEDIUM:4 | LOW:0,Tier 2,53,YES,READY,none_detected,20% exact | 40% partial | 20% branded | 10% URL | 10% generic
/states/ar/natural-state-jackpot/historical,historical,ar,Arkansas,Natural State Jackpot,67,4,68.64,68.64,HIGH:0 | MEDIUM:4 | LOW:0,Tier 2,52.3,YES,READY,title_length(MEDIUM),20% exact | 40% partial | 20% branded | 10% URL | 10% generic
/states/co/pick-3/stats,stats,co,Colorado,Pick 3,67,4,68.64,68.64,HIGH:0 | MEDIUM:4 | LOW:0,Tier 2,52.3,YES,READY,none_detected,20% exact | 40% partial | 20% branded | 10% URL | 10% generic
/states/ga/cash-3/stats,stats,ga,Georgia,Cash 3,67,4,68.64,68.64,HIGH:0 | MEDIUM:4 | LOW:0,Tier 2,52.3,YES,READY,none_detected,20% exact | 40% partial | 20% branded | 10% URL | 10% generic
/states/ga/cash-4/stats,stats,ga,Georgia,Cash 4,67,4,68.64,68.64,HIGH:0 | MEDIUM:4 | LOW:0,Tier 2,52.3,YES,READY,none_detected,20% exact | 40% partial | 20% branded | 10% URL | 10% generic
/states/ga/cash-pop/stats,stats,ga,Georgia,Cash Pop,67,4,68.64,68.64,HIGH:0 | MEDIUM:4 | LOW:0,Tier 2,52.3,YES,READY,none_detected,20% exact | 40% partial | 20% branded | 10% URL | 10% generic
/states/ga/fantasy-5/stats,stats,ga,Georgia,Fantasy 5,67,4,68.64,68.64,HIGH:0 | MEDIUM:4 | LOW:0,Tier 2,52.3,YES,READY,none_detected,20% exact | 40% partial | 20% branded | 10% URL | 10% generic
/states/ga/georgia-five/stats,stats,ga,Georgia,Georgia Five,67,4,68.64,68.64,HIGH:0 | MEDIUM:4 | LOW:0,Tier 2,52.3,YES,READY,none_detected,20% exact | 40% partial | 20% branded | 10% URL | 10% generic
/states/ga/millionaire-for-life/stats,stats,ga,Georgia,Millionaire For Life,67,4,68.64,68.64,HIGH:0 | MEDIUM:4 | LOW:0,Tier 2,52.3,YES,READY,none_detected,20% exact | 40% partial | 20% branded | 10% URL | 10% generic
/states/ia/pick-3/stats,stats,ia,Iowa,Pick 3,67,4,68.64,68.64,HIGH:0 | MEDIUM:4 | LOW:0,Tier 2,52.3,YES,READY,none_detected,20% exact | 40% partial | 20% branded | 10% URL | 10% generic
/states/id/pick-3/stats,stats,id,Idaho,Pick 3,67,4,68.64,68.64,HIGH:0 | MEDIUM:4 | LOW:0,Tier 2,52.3,YES,READY,none_detected,20% exact | 40% partial | 20% branded | 10% URL | 10% generic
/states/in/cash-pop/historical,historical,in,Indiana,Cash Pop,67,4,68.64,68.64,HIGH:0 | MEDIUM:4 | LOW:0,Tier 2,52.3,YES,READY,none_detected,20% exact | 40% partial | 20% branded | 10% URL | 10% generic
/states/in/daily-3/historical,historical,in,Indiana,Daily 3,67,4,68.64,68.64,HIGH:0 | MEDIUM:4 | LOW:0,Tier 2,52.3,YES,READY,none_detected,20% exact | 40% partial | 20% branded | 10% URL | 10% generic
/states/in/daily-4/historical,historical,in,Indiana,Daily 4,67,4,68.64,68.64,HIGH:0 | MEDIUM:4 | LOW:0,Tier 2,52.3,YES,READY,none_detected,20% exact | 40% partial | 20% branded | 10% URL | 10% generic
/states/in/millionaire-for-life/historical,historical,in,Indiana,Millionaire For Life,67,4,68.64,68.64,HIGH:0 | MEDIUM:4 | LOW:0,Tier 2,52.3,YES,READY,none_detected,20% exact | 40% partial | 20% branded | 10% URL | 10% generic
/states/in/quick-draw/historical,historical,in,Indiana,Quick Draw,67,4,68.64,68.64,HIGH:0 | MEDIUM:4 | LOW:0,Tier 2,52.3,YES,READY,none_detected,20% exact | 40% partial | 20% branded | 10% URL | 10% generic
/states/ks/pick-3/stats,stats,ks,Kansas,Pick 3,67,4,68.64,68.64,HIGH:0 | MEDIUM:4 | LOW:0,Tier 2,52.3,YES,READY,none_detected,20% exact | 40% partial | 20% branded | 10% URL | 10% generic
/states/ky/pick-3/stats,stats,ky,Kentucky,Pick 3,67,4,68.64,68.64,HIGH:0 | MEDIUM:4 | LOW:0,Tier 2,52.3,YES,READY,none_detected,20% exact | 40% partial | 20% branded | 10% URL | 10% generic
/states/la/pick-3/stats,stats,la,Louisiana,Pick 3,67,4,68.64,68.64,HIGH:0 | MEDIUM:4 | LOW:0,Tier 2,52.3,YES,READY,none_detected,20% exact | 40% partial | 20% branded | 10% URL | 10% generic
/states/me/pick-3/stats,stats,me,Maine,Pick 3,67,4,68.64,68.64,HIGH:0 | MEDIUM:4 | LOW:0,Tier 2,52.3,YES,READY,none_detected,20% exact | 40% partial | 20% branded | 10% URL | 10% generic
/states/mi/daily-3/stats,stats,mi,Michigan,Daily 3,67,4,68.64,68.64,HIGH:0 | MEDIUM:4 | LOW:0,Tier 2,52.3,YES,READY,none_detected,20% exact | 40% partial | 20% branded | 10% URL | 10% generic
/states/mi/daily-4/stats,stats,mi,Michigan,Daily 4,67,4,68.64,68.64,HIGH:0 | MEDIUM:4 | LOW:0,Tier 2,52.3,YES,READY,none_detected,20% exact | 40% partial | 20% branded | 10% URL | 10% generic
/states/mi/fantasy-5/stats,stats,mi,Michigan,Fantasy 5,67,4,68.64,68.64,HIGH:0 | MEDIUM:4 | LOW:0,Tier 2,52.3,YES,READY,none_detected,20% exact | 40% partial | 20% branded | 10% URL | 10% generic
/states/mi/millionaire-for-life/stats,stats,mi,Michigan,Millionaire For Life,67,4,68.64,68.64,HIGH:0 | MEDIUM:4 | LOW:0,Tier 2,52.3,YES,READY,none_detected,20% exact | 40% partial | 20% branded | 10% URL | 10% generic
/states/mn/pick-3/stats,stats,mn,Minnesota,Pick 3,67,4,68.64,68.64,HIGH:0 | MEDIUM:4 | LOW:0,Tier 2,52.3,YES,READY,none_detected,20% exact | 40% partial | 20% branded | 10% URL | 10% generic
/states/mo/cash-pop-late/historical,historical,mo,Missouri,Cash Pop Late,67,4,68.64,68.64,HIGH:0 | MEDIUM:4 | LOW:0,Tier 2,52.3,YES,READY,none_detected,20% exact | 40% partial | 20% branded | 10% URL | 10% generic
/states/mo/cash-pop/historical,historical,mo,Missouri,Cash Pop,67,4,68.64,68.64,HIGH:0 | MEDIUM:4 | LOW:0,Tier 2,52.3,YES,READY,none_detected,20% exact | 40% partial | 20% branded | 10% URL | 10% generic
/states/mo/mo-millions/historical,historical,mo,Missouri,MO Millions,67,4,68.64,68.64,HIGH:0 | MEDIUM:4 | LOW:0,Tier 2,52.3,YES,READY,none_detected,20% exact | 40% partial | 20% branded | 10% URL | 10% generic
/states/mo/show-me-cash/historical,historical,mo,Missouri,Show ME Cash,67,4,68.64,68.64,HIGH:0 | MEDIUM:4 | LOW:0,Tier 2,52.3,YES,READY,none_detected,20% exact | 40% partial | 20% branded | 10% URL | 10% generic
/states/nc/cash-pop-clock-out-cash/stats,stats,nc,North Carolina,Cash Pop Clock Out Cash,67,4,68.64,68.64,HIGH:0 | MEDIUM:4 | LOW:0,Tier 2,52.3,YES,READY,none_detected,20% exact | 40% partial | 20% branded | 10% URL | 10% generic
/states/nc/cash-pop-lunch-rush/stats,stats,nc,North Carolina,Cash Pop Lunch Rush,67,4,68.64,68.64,HIGH:0 | MEDIUM:4 | LOW:0,Tier 2,52.3,YES,READY,none_detected,20% exact | 40% partial | 20% branded | 10% URL | 10% generic
/states/nc/cash-pop-midnight-money/stats,stats,nc,North Carolina,Cash Pop Midnight Money,67,4,68.64,68.64,HIGH:0 | MEDIUM:4 | LOW:0,Tier 2,52.3,YES,READY,none_detected,20% exact | 40% partial | 20% branded | 10% URL | 10% generic
/states/nc/cash-pop-primetime-pop/stats,stats,nc,North Carolina,Cash Pop Primetime Pop,67,4,68.64,68.64,HIGH:0 | MEDIUM:4 | LOW:0,Tier 2,52.3,YES,READY,none_detected,20% exact | 40% partial | 20% branded | 10% URL | 10% generic
/states/nc/cash-pop/stats,stats,nc,North Carolina,Cash Pop,67,4,68.64,68.64,HIGH:0 | MEDIUM:4 | LOW:0,Tier 2,52.3,YES,READY,none_detected,20% exact | 40% partial | 20% branded | 10% URL | 10% generic
/states/nc/millionaire-for-life/stats,stats,nc,North Carolina,Millionaire For Life,67,4,68.64,68.64,HIGH:0 | MEDIUM:4 | LOW:0,Tier 2,52.3,YES,READY,none_detected,20% exact | 40% partial | 20% branded | 10% URL | 10% generic
/states/ne/pick-3/stats,stats,ne,Nebraska,Pick 3,67,4,68.64,68.64,HIGH:0 | MEDIUM:4 | LOW:0,Tier 2,52.3,YES,READY,none_detected,20% exact | 40% partial | 20% branded | 10% URL | 10% generic
/states/nh/pick-3/stats,stats,nh,New Hampshire,Pick 3,67,4,68.64,68.64,HIGH:0 | MEDIUM:4 | LOW:0,Tier 2,52.3,YES,READY,none_detected,20% exact | 40% partial | 20% branded | 10% URL | 10% generic
/states/nm/pick-3/stats,stats,nm,New Mexico,Pick 3,67,4,68.64,68.64,HIGH:0 | MEDIUM:4 | LOW:0,Tier 2,52.3,YES,READY,none_detected,20% exact | 40% partial | 20% branded | 10% URL | 10% generic
/states/oh/kicker/stats,stats,oh,Ohio,Kicker,67,4,68.64,68.64,HIGH:0 | MEDIUM:4 | LOW:0,Tier 2,52.3,YES,READY,none_detected,20% exact | 40% partial | 20% branded | 10% URL | 10% generic
/states/oh/millionaire-for-life/stats,stats,oh,Ohio,Millionaire For Life,67,4,68.64,68.64,HIGH:0 | MEDIUM:4 | LOW:0,Tier 2,52.3,YES,READY,none_detected,20% exact | 40% partial | 20% branded | 10% URL | 10% generic
/states/oh/pick-5/stats,stats,oh,Ohio,Pick 5,67,4,68.64,68.64,HIGH:0 | MEDIUM:4 | LOW:0,Tier 2,52.3,YES,READY,none_detected,20% exact | 40% partial | 20% branded | 10% URL | 10% generic
/states/ok/pick-3/stats,stats,ok,Oklahoma,Pick 3,67,4,68.64,68.64,HIGH:0 | MEDIUM:4 | LOW:0,Tier 2,52.3,YES,READY,none_detected,20% exact | 40% partial | 20% branded | 10% URL | 10% generic
/states/sc/pick-3/stats,stats,sc,South Carolina,Pick 3,67,4,68.64,68.64,HIGH:0 | MEDIUM:4 | LOW:0,Tier 2,52.3,YES,READY,none_detected,20% exact | 40% partial | 20% branded | 10% URL | 10% generic
/states/tn/cash-3/historical,historical,tn,Tennessee,Cash 3,67,4,68.64,68.64,HIGH:0 | MEDIUM:4 | LOW:0,Tier 2,52.3,YES,READY,none_detected,20% exact | 40% partial | 20% branded | 10% URL | 10% generic
/states/tn/cash-4/historical,historical,tn,Tennessee,Cash 4,67,4,68.64,68.64,HIGH:0 | MEDIUM:4 | LOW:0,Tier 2,52.3,YES,READY,none_detected,20% exact | 40% partial | 20% branded | 10% URL | 10% generic
/states/tn/millionaire-for-life/historical,historical,tn,Tennessee,Millionaire For Life,67,4,68.64,68.64,HIGH:0 | MEDIUM:4 | LOW:0,Tier 2,52.3,YES,READY,none_detected,20% exact | 40% partial | 20% branded | 10% URL | 10% generic
/states/tn/tennessee-cash/historical,historical,tn,Tennessee,Tennessee Cash,67,4,68.64,68.64,HIGH:0 | MEDIUM:4 | LOW:0,Tier 2,52.3,YES,READY,none_detected,20% exact | 40% partial | 20% branded | 10% URL | 10% generic
/states/vt/pick-3/stats,stats,vt,Vermont,Pick 3,67,4,68.64,68.64,HIGH:0 | MEDIUM:4 | LOW:0,Tier 2,52.3,YES,READY,none_detected,20% exact | 40% partial | 20% branded | 10% URL | 10% generic
/states/wi/pick-3/stats,stats,wi,Wisconsin,Pick 3,67,4,68.64,68.64,HIGH:0 | MEDIUM:4 | LOW:0,Tier 2,52.3,YES,READY,none_detected,20% exact | 40% partial | 20% branded | 10% URL | 10% generic
/,home,,,,72,5,68.47,72.3,HIGH:0 | MEDIUM:5 | LOW:0,Tier 2,64.8,NO,READY,none_detected,20% exact | 40% partial | 20% branded | 10% URL | 10% generic
/states/ar/cash-3/evening,session,ar,Arkansas,Cash 3,66,6,68.24,68.24,HIGH:0 | MEDIUM:6 | LOW:0,Tier 2,51.6,YES,READY,title_length(MEDIUM),20% exact | 40% partial | 20% branded | 10% URL | 10% generic
/states/ar/cash-3/midday,session,ar,Arkansas,Cash 3,66,6,68.24,68.24,HIGH:0 | MEDIUM:6 | LOW:0,Tier 2,51.6,YES,READY,title_length(MEDIUM),20% exact | 40% partial | 20% branded | 10% URL | 10% generic
/states/ar/cash-4/evening,session,ar,Arkansas,Cash 4,66,6,68.24,68.24,HIGH:0 | MEDIUM:6 | LOW:0,Tier 2,51.6,YES,READY,title_length(MEDIUM),20% exact | 40% partial | 20% branded | 10% URL | 10% generic
/states/ar/cash-4/midday,session,ar,Arkansas,Cash 4,66,6,68.24,68.24,HIGH:0 | MEDIUM:6 | LOW:0,Tier 2,51.6,YES,READY,title_length(MEDIUM),20% exact | 40% partial | 20% branded | 10% URL | 10% generic
/states/ar/lotto/stats,stats,ar,Arkansas,Lotto,66,4,68.24,68.24,HIGH:0 | MEDIUM:4 | LOW:0,Tier 2,51.6,YES,READY,none_detected,20% exact | 40% partial | 20% branded | 10% URL | 10% generic
/states/az/fantasy-5/stats,stats,az,Arizona,Fantasy 5,66,4,68.24,68.24,HIGH:0 | MEDIUM:4 | LOW:0,Tier 2,51.6,YES,READY,none_detected,20% exact | 40% partial | 20% branded | 10% URL | 10% generic
/states/az/the-pick/stats,stats,az,Arizona,The Pick,66,4,68.24,68.24,HIGH:0 | MEDIUM:4 | LOW:0,Tier 2,51.6,YES,READY,none_detected,20% exact | 40% partial | 20% branded | 10% URL | 10% generic
/states/az/triple-twist/stats,stats,az,Arizona,Triple Twist,66,4,68.24,68.24,HIGH:0 | MEDIUM:4 | LOW:0,Tier 2,51.6,YES,READY,title_length(MEDIUM),20% exact | 40% partial | 20% branded | 10% URL | 10% generic
/states/co/cash-5/stats,stats,co,Colorado,Cash 5,66,4,68.24,68.24,HIGH:0 | MEDIUM:4 | LOW:0,Tier 2,51.6,YES,READY,none_detected,20% exact | 40% partial | 20% branded | 10% URL | 10% generic
/states/co/colorado-lotto/stats,stats,co,Colorado,Colorado Lotto,66,4,68.24,68.24,HIGH:0 | MEDIUM:4 | LOW:0,Tier 2,51.6,YES,READY,title_length(MEDIUM),20% exact | 40% partial | 20% branded | 10% URL | 10% generic
/states/ct/cash-5/stats,stats,ct,Connecticut,Cash 5,66,4,68.24,68.24,HIGH:0 | MEDIUM:4 | LOW:0,Tier 2,51.6,YES,READY,none_detected,20% exact | 40% partial | 20% branded | 10% URL | 10% generic
/states/ct/lotto/stats,stats,ct,Connecticut,Lotto,66,4,68.24,68.24,HIGH:0 | MEDIUM:4 | LOW:0,Tier 2,51.6,YES,READY,none_detected,20% exact | 40% partial | 20% branded | 10% URL | 10% generic
/states/ct/play-3/day,session,ct,Connecticut,Play 3,66,6,68.24,68.24,HIGH:0 | MEDIUM:6 | LOW:0,Tier 2,51.6,YES,READY,title_length(MEDIUM),20% exact | 40% partial | 20% branded | 10% URL | 10% generic
/states/ct/play-3/night,session,ct,Connecticut,Play 3,66,6,68.24,68.24,HIGH:0 | MEDIUM:6 | LOW:0,Tier 2,51.6,YES,READY,title_length(MEDIUM),20% exact | 40% partial | 20% branded | 10% URL | 10% generic
/states/ct/play-4/day,session,ct,Connecticut,Play 4,66,6,68.24,68.24,HIGH:0 | MEDIUM:6 | LOW:0,Tier 2,51.6,YES,READY,title_length(MEDIUM),20% exact | 40% partial | 20% branded | 10% URL | 10% generic
/states/ct/play-4/night,session,ct,Connecticut,Play 4,66,6,68.24,68.24,HIGH:0 | MEDIUM:6 | LOW:0,Tier 2,51.6,YES,READY,title_length(MEDIUM),20% exact | 40% partial | 20% branded | 10% URL | 10% generic
/states/dc/dc-3/1-50pm,session,dc,"Washington, D.C.",DC 3,66,6,68.24,68.24,HIGH:0 | MEDIUM:6 | LOW:0,Tier 2,51.6,YES,READY,none_detected,20% exact | 40% partial | 20% branded | 10% URL | 10% generic
/states/dc/dc-3/11-30pm,session,dc,"Washington, D.C.",DC 3,66,6,68.24,68.24,HIGH:0 | MEDIUM:6 | LOW:0,Tier 2,51.6,YES,READY,none_detected,20% exact | 40% partial | 20% branded | 10% URL | 10% generic
/states/dc/dc-3/7-50pm,session,dc,"Washington, D.C.",DC 3,66,6,68.24,68.24,HIGH:0 | MEDIUM:6 | LOW:0,Tier 2,51.6,YES,READY,none_detected,20% exact | 40% partial | 20% branded | 10% URL | 10% generic
/states/dc/dc-4/1-50pm,session,dc,"Washington, D.C.",DC 4,66,6,68.24,68.24,HIGH:0 | MEDIUM:6 | LOW:0,Tier 2,51.6,YES,READY,none_detected,20% exact | 40% partial | 20% branded | 10% URL | 10% generic
/states/dc/dc-4/11-30pm,session,dc,"Washington, D.C.",DC 4,66,6,68.24,68.24,HIGH:0 | MEDIUM:6 | LOW:0,Tier 2,51.6,YES,READY,none_detected,20% exact | 40% partial | 20% branded | 10% URL | 10% generic
/states/dc/dc-4/7-50pm,session,dc,"Washington, D.C.",DC 4,66,6,68.24,68.24,HIGH:0 | MEDIUM:6 | LOW:0,Tier 2,51.6,YES,READY,none_detected,20% exact | 40% partial | 20% branded | 10% URL | 10% generic
/states/dc/dc-5/1-50pm,session,dc,"Washington, D.C.",DC 5,66,6,68.24,68.24,HIGH:0 | MEDIUM:6 | LOW:0,Tier 2,51.6,YES,READY,none_detected,20% exact | 40% partial | 20% branded | 10% URL | 10% generic
/states/dc/dc-5/7-50pm,session,dc,"Washington, D.C.",DC 5,66,6,68.24,68.24,HIGH:0 | MEDIUM:6 | LOW:0,Tier 2,51.6,YES,READY,none_detected,20% exact | 40% partial | 20% branded | 10% URL | 10% generic
/states/dc/lotto-america/stats,stats,dc,"Washington, D.C.",Lotto America,66,4,68.24,68.24,HIGH:0 | MEDIUM:4 | LOW:0,Tier 2,51.6,YES,READY,none_detected,20% exact | 40% partial | 20% branded | 10% URL | 10% generic
/states/de/lotto-america/stats,stats,de,Delaware,Lotto America,66,4,68.24,68.24,HIGH:0 | MEDIUM:4 | LOW:0,Tier 2,51.6,YES,READY,none_detected,20% exact | 40% partial | 20% branded | 10% URL | 10% generic
/states/de/multi-win-lotto/stats,stats,de,Delaware,Multi Win Lotto,66,4,68.24,68.24,HIGH:0 | MEDIUM:4 | LOW:0,Tier 2,51.6,YES,READY,none_detected,20% exact | 40% partial | 20% branded | 10% URL | 10% generic
/states/de/play-3/day,session,de,Delaware,Play 3,66,6,68.24,68.24,HIGH:0 | MEDIUM:6 | LOW:0,Tier 2,51.6,YES,READY,none_detected,20% exact | 40% partial | 20% branded | 10% URL | 10% generic
/states/de/play-3/night,session,de,Delaware,Play 3,66,6,68.24,68.24,HIGH:0 | MEDIUM:6 | LOW:0,Tier 2,51.6,YES,READY,none_detected,20% exact | 40% partial | 20% branded | 10% URL | 10% generic
/states/de/play-4/day,session,de,Delaware,Play 4,66,6,68.24,68.24,HIGH:0 | MEDIUM:6 | LOW:0,Tier 2,51.6,YES,READY,none_detected,20% exact | 40% partial | 20% branded | 10% URL | 10% generic
/states/de/play-4/night,session,de,Delaware,Play 4,66,6,68.24,68.24,HIGH:0 | MEDIUM:6 | LOW:0,Tier 2,51.6,YES,READY,none_detected,20% exact | 40% partial | 20% branded | 10% URL | 10% generic
/states/de/play-5/day,session,de,Delaware,Play 5,66,6,68.24,68.24,HIGH:0 | MEDIUM:6 | LOW:0,Tier 2,51.6,YES,READY,none_detected,20% exact | 40% partial | 20% branded | 10% URL | 10% generic
/states/de/play-5/night,session,de,Delaware,Play 5,66,6,68.24,68.24,HIGH:0 | MEDIUM:6 | LOW:0,Tier 2,51.6,YES,READY,none_detected,20% exact | 40% partial | 20% branded | 10% URL | 10% generic
/states/ia/lotto-america/stats,stats,ia,Iowa,Lotto America,66,4,68.24,68.24,HIGH:0 | MEDIUM:4 | LOW:0,Tier 2,51.6,YES,READY,none_detected,20% exact | 40% partial | 20% branded | 10% URL | 10% generic
/states/ia/pick-4/stats,stats,ia,Iowa,Pick 4,66,4,68.24,68.24,HIGH:0 | MEDIUM:4 | LOW:0,Tier 2,51.6,YES,READY,none_detected,20% exact | 40% partial | 20% branded | 10% URL | 10% generic
/states/id/lotto-america/stats,stats,id,Idaho,Lotto America,66,4,68.24,68.24,HIGH:0 | MEDIUM:4 | LOW:0,Tier 2,51.6,YES,READY,none_detected,20% exact | 40% partial | 20% branded | 10% URL | 10% generic
/states/id/pick-4/stats,stats,id,Idaho,Pick 4,66,4,68.24,68.24,HIGH:0 | MEDIUM:4 | LOW:0,Tier 2,51.6,YES,READY,none_detected,20% exact | 40% partial | 20% branded | 10% URL | 10% generic
/states/ks/lotto-america/stats,stats,ks,Kansas,Lotto America,66,4,68.24,68.24,HIGH:0 | MEDIUM:4 | LOW:0,Tier 2,51.6,YES,READY,none_detected,20% exact | 40% partial | 20% branded | 10% URL | 10% generic
/states/ky/pick-4/stats,stats,ky,Kentucky,Pick 4,66,4,68.24,68.24,HIGH:0 | MEDIUM:4 | LOW:0,Tier 2,51.6,YES,READY,none_detected,20% exact | 40% partial | 20% branded | 10% URL | 10% generic
/states/la/lotto/stats,stats,la,Louisiana,Lotto,66,4,68.24,68.24,HIGH:0 | MEDIUM:4 | LOW:0,Tier 2,51.6,YES,READY,none_detected,20% exact | 40% partial | 20% branded | 10% URL | 10% generic
/states/la/pick-4/stats,stats,la,Louisiana,Pick 4,66,4,68.24,68.24,HIGH:0 | MEDIUM:4 | LOW:0,Tier 2,51.6,YES,READY,none_detected,20% exact | 40% partial | 20% branded | 10% URL | 10% generic
/states/ma/mass-cash/stats,stats,ma,Massachusetts,Mass Cash,66,4,68.24,68.24,HIGH:0 | MEDIUM:4 | LOW:0,Tier 2,51.6,YES,READY,none_detected,20% exact | 40% partial | 20% branded | 10% URL | 10% generic
/states/ma/megabucks/stats,stats,ma,Massachusetts,Megabucks,66,4,68.24,68.24,HIGH:0 | MEDIUM:4 | LOW:0,Tier 2,51.6,YES,READY,none_detected,20% exact | 40% partial | 20% branded | 10% URL | 10% generic
/states/ma/millionaire-for-life/stats,stats,ma,Massachusetts,Millionaire For Life,66,4,68.24,68.24,HIGH:0 | MEDIUM:4 | LOW:0,Tier 2,51.6,YES,READY,none_detected,20% exact | 40% partial | 20% branded | 10% URL | 10% generic
/states/ma/numbers-game/stats,stats,ma,Massachusetts,Numbers Game,66,4,68.24,68.24,HIGH:0 | MEDIUM:4 | LOW:0,Tier 2,51.6,YES,READY,none_detected,20% exact | 40% partial | 20% branded | 10% URL | 10% generic
/states/md/bonus-match-5/stats,stats,md,Maryland,Bonus Match 5,66,4,68.24,68.24,HIGH:0 | MEDIUM:4 | LOW:0,Tier 2,51.6,YES,READY,none_detected,20% exact | 40% partial | 20% branded | 10% URL | 10% generic
/states/md/cash-pop/stats,stats,md,Maryland,Cash Pop,66,4,68.24,68.24,HIGH:0 | MEDIUM:4 | LOW:0,Tier 2,51.6,YES,READY,none_detected,20% exact | 40% partial | 20% branded | 10% URL | 10% generic
/states/md/multimatch/stats,stats,md,Maryland,Multimatch,66,4,68.24,68.24,HIGH:0 | MEDIUM:4 | LOW:0,Tier 2,51.6,YES,READY,none_detected,20% exact | 40% partial | 20% branded | 10% URL | 10% generic
/states/md/pick-5/stats,stats,md,Maryland,Pick 5,66,4,68.24,68.24,HIGH:0 | MEDIUM:4 | LOW:0,Tier 2,51.6,YES,READY,none_detected,20% exact | 40% partial | 20% branded | 10% URL | 10% generic
/states/me/cash-pop/brunch,session,me,Maine,Cash Pop,66,6,68.24,68.24,HIGH:0 | MEDIUM:6 | LOW:0,Tier 2,51.6,YES,READY,none_detected,20% exact | 40% partial | 20% branded | 10% URL | 10% generic
/states/me/cash-pop/earlybird,session,me,Maine,Cash Pop,66,6,68.24,68.24,HIGH:0 | MEDIUM:6 | LOW:0,Tier 2,51.6,YES,READY,none_detected,20% exact | 40% partial | 20% branded | 10% URL | 10% generic
/states/me/cash-pop/matinee,session,me,Maine,Cash Pop,66,6,68.24,68.24,HIGH:0 | MEDIUM:6 | LOW:0,Tier 2,51.6,YES,READY,none_detected,20% exact | 40% partial | 20% branded | 10% URL | 10% generic
/states/me/cash-pop/nightowl,session,me,Maine,Cash Pop,66,6,68.24,68.24,HIGH:0 | MEDIUM:6 | LOW:0,Tier 2,51.6,YES,READY,none_detected,20% exact | 40% partial | 20% branded | 10% URL | 10% generic
/states/me/cash-pop/suppertime,session,me,Maine,Cash Pop,66,6,68.24,68.24,HIGH:0 | MEDIUM:6 | LOW:0,Tier 2,51.6,YES,READY,none_detected,20% exact | 40% partial | 20% branded | 10% URL | 10% generic
/states/me/lotto-america/stats,stats,me,Maine,Lotto America,66,4,68.24,68.24,HIGH:0 | MEDIUM:4 | LOW:0,Tier 2,51.6,YES,READY,none_detected,20% exact | 40% partial | 20% branded | 10% URL | 10% generic
/states/me/pick-4/stats,stats,me,Maine,Pick 4,66,4,68.24,68.24,HIGH:0 | MEDIUM:4 | LOW:0,Tier 2,51.6,YES,READY,none_detected,20% exact | 40% partial | 20% branded | 10% URL | 10% generic
/states/mn/lotto-america/stats,stats,mn,Minnesota,Lotto America,66,4,68.24,68.24,HIGH:0 | MEDIUM:4 | LOW:0,Tier 2,51.6,YES,READY,none_detected,20% exact | 40% partial | 20% branded | 10% URL | 10% generic
/states/ms/cash-3/midday,session,ms,Mississippi,Cash 3,66,6,68.24,68.24,HIGH:0 | MEDIUM:6 | LOW:0,Tier 2,51.6,YES,READY,none_detected,20% exact | 40% partial | 20% branded | 10% URL | 10% generic
/states/ms/cash-4/evening,session,ms,Mississippi,Cash 4,66,6,68.24,68.24,HIGH:0 | MEDIUM:6 | LOW:0,Tier 2,51.6,YES,READY,none_detected,20% exact | 40% partial | 20% branded | 10% URL | 10% generic
/states/ms/cash-4/midday,session,ms,Mississippi,Cash 4,66,6,68.24,68.24,HIGH:0 | MEDIUM:6 | LOW:0,Tier 2,51.6,YES,READY,none_detected,20% exact | 40% partial | 20% branded | 10% URL | 10% generic
/states/ms/cash-pop/evening,session,ms,Mississippi,Cash Pop,66,6,68.24,68.24,HIGH:0 | MEDIUM:6 | LOW:0,Tier 2,51.6,YES,READY,none_detected,20% exact | 40% partial | 20% branded | 10% URL | 10% generic
/states/ms/cash-pop/midday,session,ms,Mississippi,Cash Pop,66,6,68.24,68.24,HIGH:0 | MEDIUM:6 | LOW:0,Tier 2,51.6,YES,READY,none_detected,20% exact | 40% partial | 20% branded | 10% URL | 10% generic
/states/ms/lotto-america/stats,stats,ms,Mississippi,Lotto America,66,4,68.24,68.24,HIGH:0 | MEDIUM:4 | LOW:0,Tier 2,51.6,YES,READY,none_detected,20% exact | 40% partial | 20% branded | 10% URL | 10% generic
/states/mt/lotto-america/stats,stats,mt,Montana,Lotto America,66,4,68.24,68.24,HIGH:0 | MEDIUM:4 | LOW:0,Tier 2,51.6,YES,READY,none_detected,20% exact | 40% partial | 20% branded | 10% URL | 10% generic
/states/nd/lotto-america/stats,stats,nd,North Dakota,Lotto America,66,4,68.24,68.24,HIGH:0 | MEDIUM:4 | LOW:0,Tier 2,51.6,YES,READY,none_detected,20% exact | 40% partial | 20% branded | 10% URL | 10% generic
/states/ne/lotto-america/stats,stats,ne,Nebraska,Lotto America,66,4,68.24,68.24,HIGH:0 | MEDIUM:4 | LOW:0,Tier 2,51.6,YES,READY,none_detected,20% exact | 40% partial | 20% branded | 10% URL | 10% generic
/states/ne/pick-4/stats,stats,ne,Nebraska,Pick 4,66,4,68.24,68.24,HIGH:0 | MEDIUM:4 | LOW:0,Tier 2,51.6,YES,READY,none_detected,20% exact | 40% partial | 20% branded | 10% URL | 10% generic
/states/nh/pick-4/stats,stats,nh,New Hampshire,Pick 4,66,4,68.24,68.24,HIGH:0 | MEDIUM:4 | LOW:0,Tier 2,51.6,YES,READY,none_detected,20% exact | 40% partial | 20% branded | 10% URL | 10% generic
/states/nm/lotto-america/stats,stats,nm,New Mexico,Lotto America,66,4,68.24,68.24,HIGH:0 | MEDIUM:4 | LOW:0,Tier 2,51.6,YES,READY,none_detected,20% exact | 40% partial | 20% branded | 10% URL | 10% generic
/states/nm/pick-4/stats,stats,nm,New Mexico,Pick 4,66,4,68.24,68.24,HIGH:0 | MEDIUM:4 | LOW:0,Tier 2,51.6,YES,READY,none_detected,20% exact | 40% partial | 20% branded | 10% URL | 10% generic
/states/ok/cash-5/stats,stats,ok,Oklahoma,Cash 5,66,4,68.24,68.24,HIGH:0 | MEDIUM:4 | LOW:0,Tier 2,51.6,YES,READY,none_detected,20% exact | 40% partial | 20% branded | 10% URL | 10% generic
/states/ok/lotto-america/stats,stats,ok,Oklahoma,Lotto America,66,4,68.24,68.24,HIGH:0 | MEDIUM:4 | LOW:0,Tier 2,51.6,YES,READY,none_detected,20% exact | 40% partial | 20% branded | 10% URL | 10% generic
/states/or/pick-4/stats,stats,or,Oregon,Pick 4,66,4,68.24,68.24,HIGH:0 | MEDIUM:4 | LOW:0,Tier 2,51.6,YES,READY,none_detected,20% exact | 40% partial | 20% branded | 10% URL | 10% generic
/states/ri/numbers-game/evening,session,ri,Rhode Island,Numbers Game,66,6,68.24,68.24,HIGH:0 | MEDIUM:6 | LOW:0,Tier 2,51.6,YES,READY,none_detected,20% exact | 40% partial | 20% branded | 10% URL | 10% generic
/states/ri/numbers-game/midday,session,ri,Rhode Island,Numbers Game,66,6,68.24,68.24,HIGH:0 | MEDIUM:6 | LOW:0,Tier 2,51.6,YES,READY,none_detected,20% exact | 40% partial | 20% branded | 10% URL | 10% generic
/states/sc/cash-pop/evening,session,sc,South Carolina,Cash Pop,66,6,68.24,68.24,HIGH:0 | MEDIUM:6 | LOW:0,Tier 2,51.6,YES,READY,none_detected,20% exact | 40% partial | 20% branded | 10% URL | 10% generic
/states/sc/cash-pop/midday,session,sc,South Carolina,Cash Pop,66,6,68.24,68.24,HIGH:0 | MEDIUM:6 | LOW:0,Tier 2,51.6,YES,READY,none_detected,20% exact | 40% partial | 20% branded | 10% URL | 10% generic
/states/sc/palmetto-cash-5/stats,stats,sc,South Carolina,Palmetto Cash 5,66,4,68.24,68.24,HIGH:0 | MEDIUM:4 | LOW:0,Tier 2,51.6,YES,READY,none_detected,20% exact | 40% partial | 20% branded | 10% URL | 10% generic
/states/sc/pick-4/stats,stats,sc,South Carolina,Pick 4,66,4,68.24,68.24,HIGH:0 | MEDIUM:4 | LOW:0,Tier 2,51.6,YES,READY,none_detected,20% exact | 40% partial | 20% branded | 10% URL | 10% generic
/states/sd/lotto-america/stats,stats,sd,South Dakota,Lotto America,66,4,68.24,68.24,HIGH:0 | MEDIUM:4 | LOW:0,Tier 2,51.6,YES,READY,none_detected,20% exact | 40% partial | 20% branded | 10% URL | 10% generic
/states/va/bank-a-million/stats,stats,va,Virginia,Bank A Million,66,4,68.24,68.24,HIGH:0 | MEDIUM:4 | LOW:0,Tier 2,51.6,YES,READY,none_detected,20% exact | 40% partial | 20% branded | 10% URL | 10% generic
/states/va/cash-pop-after-hours/stats,stats,va,Virginia,Cash Pop After Hours,66,4,68.24,68.24,HIGH:0 | MEDIUM:4 | LOW:0,Tier 2,51.6,YES,READY,duplicate_title(MEDIUM) | duplicate_description(MEDIUM),20% exact | 40% partial | 20% branded | 10% URL | 10% generic
/states/va/cash-pop/stats,stats,va,Virginia,Cash Pop,66,4,68.24,68.24,HIGH:0 | MEDIUM:4 | LOW:0,Tier 2,51.6,YES,READY,duplicate_title(MEDIUM) | duplicate_description(MEDIUM),20% exact | 40% partial | 20% branded | 10% URL | 10% generic
/states/va/millionaire-for-life/stats,stats,va,Virginia,Millionaire For Life,66,4,68.24,68.24,HIGH:0 | MEDIUM:4 | LOW:0,Tier 2,51.6,YES,READY,none_detected,20% exact | 40% partial | 20% branded | 10% URL | 10% generic
/states/va/pick-5/stats,stats,va,Virginia,Pick 5,66,4,68.24,68.24,HIGH:0 | MEDIUM:4 | LOW:0,Tier 2,51.6,YES,READY,none_detected,20% exact | 40% partial | 20% branded | 10% URL | 10% generic
/states/vt/pick-4/stats,stats,vt,Vermont,Pick 4,66,4,68.24,68.24,HIGH:0 | MEDIUM:4 | LOW:0,Tier 2,51.6,YES,READY,none_detected,20% exact | 40% partial | 20% branded | 10% URL | 10% generic
/states/wa/cash-pop/stats,stats,wa,Washington,Cash Pop,66,4,68.24,68.24,HIGH:0 | MEDIUM:4 | LOW:0,Tier 2,51.6,YES,READY,none_detected,20% exact | 40% partial | 20% branded | 10% URL | 10% generic
/states/wa/hit-5/stats,stats,wa,Washington,Hit 5,66,4,68.24,68.24,HIGH:0 | MEDIUM:4 | LOW:0,Tier 2,51.6,YES,READY,none_detected,20% exact | 40% partial | 20% branded | 10% URL | 10% generic
/states/wa/match-4/stats,stats,wa,Washington,Match 4,66,4,68.24,68.24,HIGH:0 | MEDIUM:4 | LOW:0,Tier 2,51.6,YES,READY,none_detected,20% exact | 40% partial | 20% branded | 10% URL | 10% generic
/states/wi/all-or-nothing/eve,session,wi,Wisconsin,All OR Nothing,66,6,68.24,68.24,HIGH:0 | MEDIUM:6 | LOW:0,Tier 2,51.6,YES,READY,none_detected,20% exact | 40% partial | 20% branded | 10% URL | 10% generic
/states/wi/all-or-nothing/mid,session,wi,Wisconsin,All OR Nothing,66,6,68.24,68.24,HIGH:0 | MEDIUM:6 | LOW:0,Tier 2,51.6,YES,READY,none_detected,20% exact | 40% partial | 20% branded | 10% URL | 10% generic
/states/wi/pick-4/stats,stats,wi,Wisconsin,Pick 4,66,4,68.24,68.24,HIGH:0 | MEDIUM:4 | LOW:0,Tier 2,51.6,YES,READY,none_detected,20% exact | 40% partial | 20% branded | 10% URL | 10% generic
/states/wv/lotto-america/stats,stats,wv,West Virginia,Lotto America,66,4,68.24,68.24,HIGH:0 | MEDIUM:4 | LOW:0,Tier 2,51.6,YES,READY,none_detected,20% exact | 40% partial | 20% branded | 10% URL | 10% generic
/states/ar/natural-state-jackpot/stats,stats,ar,Arkansas,Natural State Jackpot,65,4,67.84,67.84,HIGH:0 | MEDIUM:4 | LOW:0,Tier 2,50.9,YES,READY,title_length(MEDIUM),20% exact | 40% partial | 20% branded | 10% URL | 10% generic
/states/in/cash-pop/stats,stats,in,Indiana,Cash Pop,65,4,67.84,67.84,HIGH:0 | MEDIUM:4 | LOW:0,Tier 2,50.9,YES,READY,none_detected,20% exact | 40% partial | 20% branded | 10% URL | 10% generic
/states/in/daily-3/stats,stats,in,Indiana,Daily 3,65,4,67.84,67.84,HIGH:0 | MEDIUM:4 | LOW:0,Tier 2,50.9,YES,READY,none_detected,20% exact | 40% partial | 20% branded | 10% URL | 10% generic
/states/in/daily-4/stats,stats,in,Indiana,Daily 4,65,4,67.84,67.84,HIGH:0 | MEDIUM:4 | LOW:0,Tier 2,50.9,YES,READY,none_detected,20% exact | 40% partial | 20% branded | 10% URL | 10% generic
/states/in/millionaire-for-life/stats,stats,in,Indiana,Millionaire For Life,65,4,67.84,67.84,HIGH:0 | MEDIUM:4 | LOW:0,Tier 2,50.9,YES,READY,none_detected,20% exact | 40% partial | 20% branded | 10% URL | 10% generic
/states/in/quick-draw/stats,stats,in,Indiana,Quick Draw,65,4,67.84,67.84,HIGH:0 | MEDIUM:4 | LOW:0,Tier 2,50.9,YES,READY,none_detected,20% exact | 40% partial | 20% branded | 10% URL | 10% generic
/states/mo/cash-pop-late/stats,stats,mo,Missouri,Cash Pop Late,65,4,67.84,67.84,HIGH:0 | MEDIUM:4 | LOW:0,Tier 2,50.9,YES,READY,none_detected,20% exact | 40% partial | 20% branded | 10% URL | 10% generic
/states/mo/cash-pop/stats,stats,mo,Missouri,Cash Pop,65,4,67.84,67.84,HIGH:0 | MEDIUM:4 | LOW:0,Tier 2,50.9,YES,READY,none_detected,20% exact | 40% partial | 20% branded | 10% URL | 10% generic
/states/mo/mo-millions/stats,stats,mo,Missouri,MO Millions,65,4,67.84,67.84,HIGH:0 | MEDIUM:4 | LOW:0,Tier 2,50.9,YES,READY,none_detected,20% exact | 40% partial | 20% branded | 10% URL | 10% generic
/states/mo/show-me-cash/stats,stats,mo,Missouri,Show ME Cash,65,4,67.84,67.84,HIGH:0 | MEDIUM:4 | LOW:0,Tier 2,50.9,YES,READY,none_detected,20% exact | 40% partial | 20% branded | 10% URL | 10% generic
/states/tn/cash-3/stats,stats,tn,Tennessee,Cash 3,65,4,67.84,67.84,HIGH:0 | MEDIUM:4 | LOW:0,Tier 2,50.9,YES,READY,none_detected,20% exact | 40% partial | 20% branded | 10% URL | 10% generic
/states/tn/cash-4/stats,stats,tn,Tennessee,Cash 4,65,4,67.84,67.84,HIGH:0 | MEDIUM:4 | LOW:0,Tier 2,50.9,YES,READY,none_detected,20% exact | 40% partial | 20% branded | 10% URL | 10% generic
/states/tn/millionaire-for-life/stats,stats,tn,Tennessee,Millionaire For Life,65,4,67.84,67.84,HIGH:0 | MEDIUM:4 | LOW:0,Tier 2,50.9,YES,READY,none_detected,20% exact | 40% partial | 20% branded | 10% URL | 10% generic
/states/tn/tennessee-cash/stats,stats,tn,Tennessee,Tennessee Cash,65,4,67.84,67.84,HIGH:0 | MEDIUM:4 | LOW:0,Tier 2,50.9,YES,READY,none_detected,20% exact | 40% partial | 20% branded | 10% URL | 10% generic
/states/ar/cash-3/historical,historical,ar,Arkansas,Cash 3,64,4,67.43,67.43,HIGH:0 | MEDIUM:4 | LOW:0,Tier 2,50.2,YES,READY,none_detected,20% exact | 40% partial | 20% branded | 10% URL | 10% generic
/states/ar/cash-4/historical,historical,ar,Arkansas,Cash 4,64,4,67.43,67.43,HIGH:0 | MEDIUM:4 | LOW:0,Tier 2,50.2,YES,READY,none_detected,20% exact | 40% partial | 20% branded | 10% URL | 10% generic
/states/ar/millionaire-for-life/historical,historical,ar,Arkansas,Millionaire For Life,64,4,67.43,67.43,HIGH:0 | MEDIUM:4 | LOW:0,Tier 2,50.2,YES,READY,none_detected,20% exact | 40% partial | 20% branded | 10% URL | 10% generic
/states/co/millionaire-for-life/historical,historical,co,Colorado,Millionaire For Life,64,4,67.43,67.43,HIGH:0 | MEDIUM:4 | LOW:0,Tier 2,50.2,YES,READY,none_detected,20% exact | 40% partial | 20% branded | 10% URL | 10% generic
/states/ct/millionaire-for-life/historical,historical,ct,Connecticut,Millionaire For Life,64,4,67.43,67.43,HIGH:0 | MEDIUM:4 | LOW:0,Tier 2,50.2,YES,READY,none_detected,20% exact | 40% partial | 20% branded | 10% URL | 10% generic
/states/ct/play-3/historical,historical,ct,Connecticut,Play 3,64,4,67.43,67.43,HIGH:0 | MEDIUM:4 | LOW:0,Tier 2,50.2,YES,READY,none_detected,20% exact | 40% partial | 20% branded | 10% URL | 10% generic
/states/ct/play-4/historical,historical,ct,Connecticut,Play 4,64,4,67.43,67.43,HIGH:0 | MEDIUM:4 | LOW:0,Tier 2,50.2,YES,READY,none_detected,20% exact | 40% partial | 20% branded | 10% URL | 10% generic
/states/dc/dc-3/historical,historical,dc,"Washington, D.C.",DC 3,64,4,67.43,67.43,HIGH:0 | MEDIUM:4 | LOW:0,Tier 2,50.2,YES,READY,none_detected,20% exact | 40% partial | 20% branded | 10% URL | 10% generic
/states/dc/dc-4/historical,historical,dc,"Washington, D.C.",DC 4,64,4,67.43,67.43,HIGH:0 | MEDIUM:4 | LOW:0,Tier 2,50.2,YES,READY,none_detected,20% exact | 40% partial | 20% branded | 10% URL | 10% generic
/states/dc/dc-5/historical,historical,dc,"Washington, D.C.",DC 5,64,4,67.43,67.43,HIGH:0 | MEDIUM:4 | LOW:0,Tier 2,50.2,YES,READY,none_detected,20% exact | 40% partial | 20% branded | 10% URL | 10% generic
/states/dc/millionaire-for-life/historical,historical,dc,"Washington, D.C.",Millionaire For Life,64,4,67.43,67.43,HIGH:0 | MEDIUM:4 | LOW:0,Tier 2,50.2,YES,READY,none_detected,20% exact | 40% partial | 20% branded | 10% URL | 10% generic
/states/de/play-3/historical,historical,de,Delaware,Play 3,64,4,67.43,67.43,HIGH:0 | MEDIUM:4 | LOW:0,Tier 2,50.2,YES,READY,none_detected,20% exact | 40% partial | 20% branded | 10% URL | 10% generic
/states/de/play-4/historical,historical,de,Delaware,Play 4,64,4,67.43,67.43,HIGH:0 | MEDIUM:4 | LOW:0,Tier 2,50.2,YES,READY,none_detected,20% exact | 40% partial | 20% branded | 10% URL | 10% generic
/states/de/play-5/historical,historical,de,Delaware,Play 5,64,4,67.43,67.43,HIGH:0 | MEDIUM:4 | LOW:0,Tier 2,50.2,YES,READY,none_detected,20% exact | 40% partial | 20% branded | 10% URL | 10% generic
/states/ia/millionaire-for-life/historical,historical,ia,Iowa,Millionaire For Life,64,4,67.43,67.43,HIGH:0 | MEDIUM:4 | LOW:0,Tier 2,50.2,YES,READY,none_detected,20% exact | 40% partial | 20% branded | 10% URL | 10% generic
/states/id/idaho-cash/historical,historical,id,Idaho,Idaho Cash,64,4,67.43,67.43,HIGH:0 | MEDIUM:4 | LOW:0,Tier 2,50.2,YES,READY,none_detected,20% exact | 40% partial | 20% branded | 10% URL | 10% generic
/states/id/millionaire-for-life/historical,historical,id,Idaho,Millionaire For Life,64,4,67.43,67.43,HIGH:0 | MEDIUM:4 | LOW:0,Tier 2,50.2,YES,READY,none_detected,20% exact | 40% partial | 20% branded | 10% URL | 10% generic
/states/ks/2by2/historical,historical,ks,Kansas,2by2,64,4,67.43,67.43,HIGH:0 | MEDIUM:4 | LOW:0,Tier 2,50.2,YES,READY,none_detected,20% exact | 40% partial | 20% branded | 10% URL | 10% generic
/states/ks/millionaire-for-life/historical,historical,ks,Kansas,Millionaire For Life,64,4,67.43,67.43,HIGH:0 | MEDIUM:4 | LOW:0,Tier 2,50.2,YES,READY,none_detected,20% exact | 40% partial | 20% branded | 10% URL | 10% generic
/states/ks/super-kansas-cash/historical,historical,ks,Kansas,Super Kansas Cash,64,4,67.43,67.43,HIGH:0 | MEDIUM:4 | LOW:0,Tier 2,50.2,YES,READY,none_detected,20% exact | 40% partial | 20% branded | 10% URL | 10% generic
/states/ky/cash-ball-225/historical,historical,ky,Kentucky,Cash Ball 225,64,4,67.43,67.43,HIGH:0 | MEDIUM:4 | LOW:0,Tier 2,50.2,YES,READY,none_detected,20% exact | 40% partial | 20% branded | 10% URL | 10% generic
/states/ky/millionaire-for-life/historical,historical,ky,Kentucky,Millionaire For Life,64,4,67.43,67.43,HIGH:0 | MEDIUM:4 | LOW:0,Tier 2,50.2,YES,READY,none_detected,20% exact | 40% partial | 20% branded | 10% URL | 10% generic
/states/la/easy-5/historical,historical,la,Louisiana,Easy 5,64,4,67.43,67.43,HIGH:0 | MEDIUM:4 | LOW:0,Tier 2,50.2,YES,READY,none_detected,20% exact | 40% partial | 20% branded | 10% URL | 10% generic
/states/la/pick-5/historical,historical,la,Louisiana,Pick 5,64,4,67.43,67.43,HIGH:0 | MEDIUM:4 | LOW:0,Tier 2,50.2,YES,READY,none_detected,20% exact | 40% partial | 20% branded | 10% URL | 10% generic
/states/me/cash-pop/historical,historical,me,Maine,Cash Pop,64,4,67.43,67.43,HIGH:0 | MEDIUM:4 | LOW:0,Tier 2,50.2,YES,READY,none_detected,20% exact | 40% partial | 20% branded | 10% URL | 10% generic
/states/me/gimme-5/historical,historical,me,Maine,Gimme 5,64,4,67.43,67.43,HIGH:0 | MEDIUM:4 | LOW:0,Tier 2,50.2,YES,READY,none_detected,20% exact | 40% partial | 20% branded | 10% URL | 10% generic
/states/me/megabucks/historical,historical,me,Maine,Megabucks,64,4,67.43,67.43,HIGH:0 | MEDIUM:4 | LOW:0,Tier 2,50.2,YES,READY,none_detected,20% exact | 40% partial | 20% branded | 10% URL | 10% generic
/states/me/millionaire-for-life/historical,historical,me,Maine,Millionaire For Life,64,4,67.43,67.43,HIGH:0 | MEDIUM:4 | LOW:0,Tier 2,50.2,YES,READY,none_detected,20% exact | 40% partial | 20% branded | 10% URL | 10% generic
/states/mn/gopher-5/historical,historical,mn,Minnesota,Gopher 5,64,4,67.43,67.43,HIGH:0 | MEDIUM:4 | LOW:0,Tier 2,50.2,YES,READY,none_detected,20% exact | 40% partial | 20% branded | 10% URL | 10% generic
/states/mn/north-5/historical,historical,mn,Minnesota,North 5,64,4,67.43,67.43,HIGH:0 | MEDIUM:4 | LOW:0,Tier 2,50.2,YES,READY,none_detected,20% exact | 40% partial | 20% branded | 10% URL | 10% generic
/states/ms/cash-3/historical,historical,ms,Mississippi,Cash 3,64,4,67.43,67.43,HIGH:0 | MEDIUM:4 | LOW:0,Tier 2,50.2,YES,READY,none_detected,20% exact | 40% partial | 20% branded | 10% URL | 10% generic
/states/ms/cash-4/historical,historical,ms,Mississippi,Cash 4,64,4,67.43,67.43,HIGH:0 | MEDIUM:4 | LOW:0,Tier 2,50.2,YES,READY,none_detected,20% exact | 40% partial | 20% branded | 10% URL | 10% generic
/states/ms/cash-pop/historical,historical,ms,Mississippi,Cash Pop,64,4,67.43,67.43,HIGH:0 | MEDIUM:4 | LOW:0,Tier 2,50.2,YES,READY,none_detected,20% exact | 40% partial | 20% branded | 10% URL | 10% generic
/states/ms/millionaire-for-life/historical,historical,ms,Mississippi,Millionaire For Life,64,4,67.43,67.43,HIGH:0 | MEDIUM:4 | LOW:0,Tier 2,50.2,YES,READY,none_detected,20% exact | 40% partial | 20% branded | 10% URL | 10% generic
/states/ms/mississippi-match-5/historical,historical,ms,Mississippi,Mississippi Match 5,64,4,67.43,67.43,HIGH:0 | MEDIUM:4 | LOW:0,Tier 2,50.2,YES,READY,none_detected,20% exact | 40% partial | 20% branded | 10% URL | 10% generic
/states/mt/big-sky-bonus/historical,historical,mt,Montana,Big Sky Bonus,64,4,67.43,67.43,HIGH:0 | MEDIUM:4 | LOW:0,Tier 2,50.2,YES,READY,none_detected,20% exact | 40% partial | 20% branded | 10% URL | 10% generic
/states/mt/millionaire-for-life/historical,historical,mt,Montana,Millionaire For Life,64,4,67.43,67.43,HIGH:0 | MEDIUM:4 | LOW:0,Tier 2,50.2,YES,READY,none_detected,20% exact | 40% partial | 20% branded | 10% URL | 10% generic
/states/mt/montana-cash/historical,historical,mt,Montana,Montana Cash,64,4,67.43,67.43,HIGH:0 | MEDIUM:4 | LOW:0,Tier 2,50.2,YES,READY,none_detected,20% exact | 40% partial | 20% branded | 10% URL | 10% generic
/states/nd/2by2/historical,historical,nd,North Dakota,2by2,64,4,67.43,67.43,HIGH:0 | MEDIUM:4 | LOW:0,Tier 2,50.2,YES,READY,none_detected,20% exact | 40% partial | 20% branded | 10% URL | 10% generic
/states/nd/millionaire-for-life/historical,historical,nd,North Dakota,Millionaire For Life,64,4,67.43,67.43,HIGH:0 | MEDIUM:4 | LOW:0,Tier 2,50.2,YES,READY,none_detected,20% exact | 40% partial | 20% branded | 10% URL | 10% generic
/states/ne/2by2/historical,historical,ne,Nebraska,2by2,64,4,67.43,67.43,HIGH:0 | MEDIUM:4 | LOW:0,Tier 2,50.2,YES,READY,none_detected,20% exact | 40% partial | 20% branded | 10% URL | 10% generic
/states/ne/millionaire-for-life/historical,historical,ne,Nebraska,Millionaire For Life,64,4,67.43,67.43,HIGH:0 | MEDIUM:4 | LOW:0,Tier 2,50.2,YES,READY,none_detected,20% exact | 40% partial | 20% branded | 10% URL | 10% generic
/states/ne/myday/historical,historical,ne,Nebraska,Myday,64,4,67.43,67.43,HIGH:0 | MEDIUM:4 | LOW:0,Tier 2,50.2,YES,READY,none_detected,20% exact | 40% partial | 20% branded | 10% URL | 10% generic
/states/ne/pick-5/historical,historical,ne,Nebraska,Pick 5,64,4,67.43,67.43,HIGH:0 | MEDIUM:4 | LOW:0,Tier 2,50.2,YES,READY,none_detected,20% exact | 40% partial | 20% branded | 10% URL | 10% generic
/states/nh/gimme-5/historical,historical,nh,New Hampshire,Gimme 5,64,4,67.43,67.43,HIGH:0 | MEDIUM:4 | LOW:0,Tier 2,50.2,YES,READY,none_detected,20% exact | 40% partial | 20% branded | 10% URL | 10% generic
/states/nh/megabucks/historical,historical,nh,New Hampshire,Megabucks,64,4,67.43,67.43,HIGH:0 | MEDIUM:4 | LOW:0,Tier 2,50.2,YES,READY,none_detected,20% exact | 40% partial | 20% branded | 10% URL | 10% generic
/states/nh/millionaire-for-life/historical,historical,nh,New Hampshire,Millionaire For Life,64,4,67.43,67.43,HIGH:0 | MEDIUM:4 | LOW:0,Tier 2,50.2,YES,READY,none_detected,20% exact | 40% partial | 20% branded | 10% URL | 10% generic
/states/nm/road-runner-cash/historical,historical,nm,New Mexico,Road Runner Cash,64,4,67.43,67.43,HIGH:0 | MEDIUM:4 | LOW:0,Tier 2,50.2,YES,READY,none_detected,20% exact | 40% partial | 20% branded | 10% URL | 10% generic
/states/ok/millionaire-for-life/historical,historical,ok,Oklahoma,Millionaire For Life,64,4,67.43,67.43,HIGH:0 | MEDIUM:4 | LOW:0,Tier 2,50.2,YES,READY,none_detected,20% exact | 40% partial | 20% branded | 10% URL | 10% generic
/states/or/megabucks/historical,historical,or,Oregon,Megabucks,64,4,67.43,67.43,HIGH:0 | MEDIUM:4 | LOW:0,Tier 2,50.2,YES,READY,none_detected,20% exact | 40% partial | 20% branded | 10% URL | 10% generic
/states/or/win-for-life/historical,historical,or,Oregon,Win For Life,64,4,67.43,67.43,HIGH:0 | MEDIUM:4 | LOW:0,Tier 2,50.2,YES,READY,none_detected,20% exact | 40% partial | 20% branded | 10% URL | 10% generic
/states/ri/millionaire-for-life/historical,historical,ri,Rhode Island,Millionaire For Life,64,4,67.43,67.43,HIGH:0 | MEDIUM:4 | LOW:0,Tier 2,50.2,YES,READY,none_detected,20% exact | 40% partial | 20% branded | 10% URL | 10% generic
/states/ri/numbers-game/historical,historical,ri,Rhode Island,Numbers Game,64,4,67.43,67.43,HIGH:0 | MEDIUM:4 | LOW:0,Tier 2,50.2,YES,READY,none_detected,20% exact | 40% partial | 20% branded | 10% URL | 10% generic
/states/ri/wild-money/historical,historical,ri,Rhode Island,Wild Money,64,4,67.43,67.43,HIGH:0 | MEDIUM:4 | LOW:0,Tier 2,50.2,YES,READY,none_detected,20% exact | 40% partial | 20% branded | 10% URL | 10% generic
/states/sc/cash-pop/historical,historical,sc,South Carolina,Cash Pop,64,4,67.43,67.43,HIGH:0 | MEDIUM:4 | LOW:0,Tier 2,50.2,YES,READY,none_detected,20% exact | 40% partial | 20% branded | 10% URL | 10% generic
/states/sd/dakota-cash/historical,historical,sd,South Dakota,Dakota Cash,64,4,67.43,67.43,HIGH:0 | MEDIUM:4 | LOW:0,Tier 2,50.2,YES,READY,none_detected,20% exact | 40% partial | 20% branded | 10% URL | 10% generic
/states/sd/millionaire-for-life/historical,historical,sd,South Dakota,Millionaire For Life,64,4,67.43,67.43,HIGH:0 | MEDIUM:4 | LOW:0,Tier 2,50.2,YES,READY,none_detected,20% exact | 40% partial | 20% branded | 10% URL | 10% generic
/states/vt/gimme-5/historical,historical,vt,Vermont,Gimme 5,64,4,67.43,67.43,HIGH:0 | MEDIUM:4 | LOW:0,Tier 2,50.2,YES,READY,none_detected,20% exact | 40% partial | 20% branded | 10% URL | 10% generic
/states/vt/megabucks/historical,historical,vt,Vermont,Megabucks,64,4,67.43,67.43,HIGH:0 | MEDIUM:4 | LOW:0,Tier 2,50.2,YES,READY,none_detected,20% exact | 40% partial | 20% branded | 10% URL | 10% generic
/states/vt/millionaire-for-life/historical,historical,vt,Vermont,Millionaire For Life,64,4,67.43,67.43,HIGH:0 | MEDIUM:4 | LOW:0,Tier 2,50.2,YES,READY,none_detected,20% exact | 40% partial | 20% branded | 10% URL | 10% generic
/states/wi/all-or-nothing/historical,historical,wi,Wisconsin,All OR Nothing,64,4,67.43,67.43,HIGH:0 | MEDIUM:4 | LOW:0,Tier 2,50.2,YES,READY,none_detected,20% exact | 40% partial | 20% branded | 10% URL | 10% generic
/states/wi/badger-5/historical,historical,wi,Wisconsin,Badger 5,64,4,67.43,67.43,HIGH:0 | MEDIUM:4 | LOW:0,Tier 2,50.2,YES,READY,none_detected,20% exact | 40% partial | 20% branded | 10% URL | 10% generic
/states/wi/megabucks/historical,historical,wi,Wisconsin,Megabucks,64,4,67.43,67.43,HIGH:0 | MEDIUM:4 | LOW:0,Tier 2,50.2,YES,READY,none_detected,20% exact | 40% partial | 20% branded | 10% URL | 10% generic
/states/wi/super-cash/historical,historical,wi,Wisconsin,Super Cash,64,4,67.43,67.43,HIGH:0 | MEDIUM:4 | LOW:0,Tier 2,50.2,YES,READY,none_detected,20% exact | 40% partial | 20% branded | 10% URL | 10% generic
/states/wv/cash-25/historical,historical,wv,West Virginia,Cash 25,64,4,67.43,67.43,HIGH:0 | MEDIUM:4 | LOW:0,Tier 2,50.2,YES,READY,none_detected,20% exact | 40% partial | 20% branded | 10% URL | 10% generic
/states/wv/daily-3/historical,historical,wv,West Virginia,Daily 3,64,4,67.43,67.43,HIGH:0 | MEDIUM:4 | LOW:0,Tier 2,50.2,YES,READY,none_detected,20% exact | 40% partial | 20% branded | 10% URL | 10% generic
/states/wv/daily-4/historical,historical,wv,West Virginia,Daily 4,64,4,67.43,67.43,HIGH:0 | MEDIUM:4 | LOW:0,Tier 2,50.2,YES,READY,none_detected,20% exact | 40% partial | 20% branded | 10% URL | 10% generic
/states/wv/millionaire-for-life/historical,historical,wv,West Virginia,Millionaire For Life,64,4,67.43,67.43,HIGH:0 | MEDIUM:4 | LOW:0,Tier 2,50.2,YES,READY,none_detected,20% exact | 40% partial | 20% branded | 10% URL | 10% generic
/states/wy/2by2/historical,historical,wy,Wyoming,2by2,64,4,67.43,67.43,HIGH:0 | MEDIUM:4 | LOW:0,Tier 2,50.2,YES,READY,none_detected,20% exact | 40% partial | 20% branded | 10% URL | 10% generic
/states/wy/cowboy-draw/historical,historical,wy,Wyoming,Cowboy Draw,64,4,67.43,67.43,HIGH:0 | MEDIUM:4 | LOW:0,Tier 2,50.2,YES,READY,none_detected,20% exact | 40% partial | 20% branded | 10% URL | 10% generic
/states/wy/millionaire-for-life/historical,historical,wy,Wyoming,Millionaire For Life,64,4,67.43,67.43,HIGH:0 | MEDIUM:4 | LOW:0,Tier 2,50.2,YES,READY,none_detected,20% exact | 40% partial | 20% branded | 10% URL | 10% generic
/states/ms/cash-3/evening,session,ms,Mississippi,Cash 3,66,6,67.36,68.24,HIGH:0 | MEDIUM:6 | LOW:0,Tier 2,51.6,NO,READY,none_detected,20% exact | 40% partial | 20% branded | 10% URL | 10% generic
/states/ar/cash-3/stats,stats,ar,Arkansas,Cash 3,62,4,66.62,66.62,HIGH:0 | MEDIUM:4 | LOW:0,Tier 2,48.8,YES,READY,none_detected,20% exact | 40% partial | 20% branded | 10% URL | 10% generic
/states/ar/cash-4/stats,stats,ar,Arkansas,Cash 4,62,4,66.62,66.62,HIGH:0 | MEDIUM:4 | LOW:0,Tier 2,48.8,YES,READY,none_detected,20% exact | 40% partial | 20% branded | 10% URL | 10% generic
/states/ar/millionaire-for-life/stats,stats,ar,Arkansas,Millionaire For Life,62,4,66.62,66.62,HIGH:0 | MEDIUM:4 | LOW:0,Tier 2,48.8,YES,READY,title_length(MEDIUM),20% exact | 40% partial | 20% branded | 10% URL | 10% generic
/states/co/millionaire-for-life/stats,stats,co,Colorado,Millionaire For Life,62,4,66.62,66.62,HIGH:0 | MEDIUM:4 | LOW:0,Tier 2,48.8,YES,READY,title_length(MEDIUM),20% exact | 40% partial | 20% branded | 10% URL | 10% generic
/states/ct/millionaire-for-life/stats,stats,ct,Connecticut,Millionaire For Life,62,4,66.62,66.62,HIGH:0 | MEDIUM:4 | LOW:0,Tier 2,48.8,YES,READY,title_length(MEDIUM),20% exact | 40% partial | 20% branded | 10% URL | 10% generic
/states/ct/play-3/stats,stats,ct,Connecticut,Play 3,62,4,66.62,66.62,HIGH:0 | MEDIUM:4 | LOW:0,Tier 2,48.8,YES,READY,none_detected,20% exact | 40% partial | 20% branded | 10% URL | 10% generic
/states/ct/play-4/stats,stats,ct,Connecticut,Play 4,62,4,66.62,66.62,HIGH:0 | MEDIUM:4 | LOW:0,Tier 2,48.8,YES,READY,none_detected,20% exact | 40% partial | 20% branded | 10% URL | 10% generic
/states/dc/dc-3/stats,stats,dc,"Washington, D.C.",DC 3,62,4,66.62,66.62,HIGH:0 | MEDIUM:4 | LOW:0,Tier 2,48.8,YES,READY,none_detected,20% exact | 40% partial | 20% branded | 10% URL | 10% generic
/states/dc/dc-4/stats,stats,dc,"Washington, D.C.",DC 4,62,4,66.62,66.62,HIGH:0 | MEDIUM:4 | LOW:0,Tier 2,48.8,YES,READY,none_detected,20% exact | 40% partial | 20% branded | 10% URL | 10% generic
/states/dc/dc-5/stats,stats,dc,"Washington, D.C.",DC 5,62,4,66.62,66.62,HIGH:0 | MEDIUM:4 | LOW:0,Tier 2,48.8,YES,READY,none_detected,20% exact | 40% partial | 20% branded | 10% URL | 10% generic
/states/dc/millionaire-for-life/stats,stats,dc,"Washington, D.C.",Millionaire For Life,62,4,66.62,66.62,HIGH:0 | MEDIUM:4 | LOW:0,Tier 2,48.8,YES,READY,none_detected,20% exact | 40% partial | 20% branded | 10% URL | 10% generic
/states/de/play-3/stats,stats,de,Delaware,Play 3,62,4,66.62,66.62,HIGH:0 | MEDIUM:4 | LOW:0,Tier 2,48.8,YES,READY,none_detected,20% exact | 40% partial | 20% branded | 10% URL | 10% generic
/states/de/play-4/stats,stats,de,Delaware,Play 4,62,4,66.62,66.62,HIGH:0 | MEDIUM:4 | LOW:0,Tier 2,48.8,YES,READY,none_detected,20% exact | 40% partial | 20% branded | 10% URL | 10% generic
/states/de/play-5/stats,stats,de,Delaware,Play 5,62,4,66.62,66.62,HIGH:0 | MEDIUM:4 | LOW:0,Tier 2,48.8,YES,READY,none_detected,20% exact | 40% partial | 20% branded | 10% URL | 10% generic
/states/ia/millionaire-for-life/stats,stats,ia,Iowa,Millionaire For Life,62,4,66.62,66.62,HIGH:0 | MEDIUM:4 | LOW:0,Tier 2,48.8,YES,READY,none_detected,20% exact | 40% partial | 20% branded | 10% URL | 10% generic
/states/id/idaho-cash/stats,stats,id,Idaho,Idaho Cash,62,4,66.62,66.62,HIGH:0 | MEDIUM:4 | LOW:0,Tier 2,48.8,YES,READY,none_detected,20% exact | 40% partial | 20% branded | 10% URL | 10% generic
/states/id/millionaire-for-life/stats,stats,id,Idaho,Millionaire For Life,62,4,66.62,66.62,HIGH:0 | MEDIUM:4 | LOW:0,Tier 2,48.8,YES,READY,none_detected,20% exact | 40% partial | 20% branded | 10% URL | 10% generic
/states/ks/2by2/stats,stats,ks,Kansas,2by2,62,4,66.62,66.62,HIGH:0 | MEDIUM:4 | LOW:0,Tier 2,48.8,YES,READY,none_detected,20% exact | 40% partial | 20% branded | 10% URL | 10% generic
/states/ks/millionaire-for-life/stats,stats,ks,Kansas,Millionaire For Life,62,4,66.62,66.62,HIGH:0 | MEDIUM:4 | LOW:0,Tier 2,48.8,YES,READY,none_detected,20% exact | 40% partial | 20% branded | 10% URL | 10% generic
/states/ks/super-kansas-cash/stats,stats,ks,Kansas,Super Kansas Cash,62,4,66.62,66.62,HIGH:0 | MEDIUM:4 | LOW:0,Tier 2,48.8,YES,READY,none_detected,20% exact | 40% partial | 20% branded | 10% URL | 10% generic
/states/ky/cash-ball-225/stats,stats,ky,Kentucky,Cash Ball 225,62,4,66.62,66.62,HIGH:0 | MEDIUM:4 | LOW:0,Tier 2,48.8,YES,READY,none_detected,20% exact | 40% partial | 20% branded | 10% URL | 10% generic
/states/ky/millionaire-for-life/stats,stats,ky,Kentucky,Millionaire For Life,62,4,66.62,66.62,HIGH:0 | MEDIUM:4 | LOW:0,Tier 2,48.8,YES,READY,none_detected,20% exact | 40% partial | 20% branded | 10% URL | 10% generic
/states/la/easy-5/stats,stats,la,Louisiana,Easy 5,62,4,66.62,66.62,HIGH:0 | MEDIUM:4 | LOW:0,Tier 2,48.8,YES,READY,none_detected,20% exact | 40% partial | 20% branded | 10% URL | 10% generic
/states/la/pick-5/stats,stats,la,Louisiana,Pick 5,62,4,66.62,66.62,HIGH:0 | MEDIUM:4 | LOW:0,Tier 2,48.8,YES,READY,none_detected,20% exact | 40% partial | 20% branded | 10% URL | 10% generic
/states/me/cash-pop/stats,stats,me,Maine,Cash Pop,62,4,66.62,66.62,HIGH:0 | MEDIUM:4 | LOW:0,Tier 2,48.8,YES,READY,none_detected,20% exact | 40% partial | 20% branded | 10% URL | 10% generic
/states/me/gimme-5/stats,stats,me,Maine,Gimme 5,62,4,66.62,66.62,HIGH:0 | MEDIUM:4 | LOW:0,Tier 2,48.8,YES,READY,none_detected,20% exact | 40% partial | 20% branded | 10% URL | 10% generic
/states/me/megabucks/stats,stats,me,Maine,Megabucks,62,4,66.62,66.62,HIGH:0 | MEDIUM:4 | LOW:0,Tier 2,48.8,YES,READY,none_detected,20% exact | 40% partial | 20% branded | 10% URL | 10% generic
/states/me/millionaire-for-life/stats,stats,me,Maine,Millionaire For Life,62,4,66.62,66.62,HIGH:0 | MEDIUM:4 | LOW:0,Tier 2,48.8,YES,READY,none_detected,20% exact | 40% partial | 20% branded | 10% URL | 10% generic
/states/mn/gopher-5/stats,stats,mn,Minnesota,Gopher 5,62,4,66.62,66.62,HIGH:0 | MEDIUM:4 | LOW:0,Tier 2,48.8,YES,READY,none_detected,20% exact | 40% partial | 20% branded | 10% URL | 10% generic
/states/mn/north-5/stats,stats,mn,Minnesota,North 5,62,4,66.62,66.62,HIGH:0 | MEDIUM:4 | LOW:0,Tier 2,48.8,YES,READY,none_detected,20% exact | 40% partial | 20% branded | 10% URL | 10% generic
/states/ms/cash-3/stats,stats,ms,Mississippi,Cash 3,62,4,66.62,66.62,HIGH:0 | MEDIUM:4 | LOW:0,Tier 2,48.8,YES,READY,none_detected,20% exact | 40% partial | 20% branded | 10% URL | 10% generic
/states/ms/cash-4/stats,stats,ms,Mississippi,Cash 4,62,4,66.62,66.62,HIGH:0 | MEDIUM:4 | LOW:0,Tier 2,48.8,YES,READY,none_detected,20% exact | 40% partial | 20% branded | 10% URL | 10% generic
/states/ms/cash-pop/stats,stats,ms,Mississippi,Cash Pop,62,4,66.62,66.62,HIGH:0 | MEDIUM:4 | LOW:0,Tier 2,48.8,YES,READY,none_detected,20% exact | 40% partial | 20% branded | 10% URL | 10% generic
/states/ms/millionaire-for-life/stats,stats,ms,Mississippi,Millionaire For Life,62,4,66.62,66.62,HIGH:0 | MEDIUM:4 | LOW:0,Tier 2,48.8,YES,READY,none_detected,20% exact | 40% partial | 20% branded | 10% URL | 10% generic
/states/ms/mississippi-match-5/stats,stats,ms,Mississippi,Mississippi Match 5,62,4,66.62,66.62,HIGH:0 | MEDIUM:4 | LOW:0,Tier 2,48.8,YES,READY,none_detected,20% exact | 40% partial | 20% branded | 10% URL | 10% generic
/states/mt/big-sky-bonus/stats,stats,mt,Montana,Big Sky Bonus,62,4,66.62,66.62,HIGH:0 | MEDIUM:4 | LOW:0,Tier 2,48.8,YES,READY,none_detected,20% exact | 40% partial | 20% branded | 10% URL | 10% generic
/states/mt/millionaire-for-life/stats,stats,mt,Montana,Millionaire For Life,62,4,66.62,66.62,HIGH:0 | MEDIUM:4 | LOW:0,Tier 2,48.8,YES,READY,none_detected,20% exact | 40% partial | 20% branded | 10% URL | 10% generic
/states/mt/montana-cash/stats,stats,mt,Montana,Montana Cash,62,4,66.62,66.62,HIGH:0 | MEDIUM:4 | LOW:0,Tier 2,48.8,YES,READY,none_detected,20% exact | 40% partial | 20% branded | 10% URL | 10% generic
/states/nd/2by2/stats,stats,nd,North Dakota,2by2,62,4,66.62,66.62,HIGH:0 | MEDIUM:4 | LOW:0,Tier 2,48.8,YES,READY,none_detected,20% exact | 40% partial | 20% branded | 10% URL | 10% generic
/states/nd/millionaire-for-life/stats,stats,nd,North Dakota,Millionaire For Life,62,4,66.62,66.62,HIGH:0 | MEDIUM:4 | LOW:0,Tier 2,48.8,YES,READY,none_detected,20% exact | 40% partial | 20% branded | 10% URL | 10% generic
/states/ne/2by2/stats,stats,ne,Nebraska,2by2,62,4,66.62,66.62,HIGH:0 | MEDIUM:4 | LOW:0,Tier 2,48.8,YES,READY,none_detected,20% exact | 40% partial | 20% branded | 10% URL | 10% generic
/states/ne/millionaire-for-life/stats,stats,ne,Nebraska,Millionaire For Life,62,4,66.62,66.62,HIGH:0 | MEDIUM:4 | LOW:0,Tier 2,48.8,YES,READY,none_detected,20% exact | 40% partial | 20% branded | 10% URL | 10% generic
/states/ne/myday/stats,stats,ne,Nebraska,Myday,62,4,66.62,66.62,HIGH:0 | MEDIUM:4 | LOW:0,Tier 2,48.8,YES,READY,none_detected,20% exact | 40% partial | 20% branded | 10% URL | 10% generic
/states/ne/pick-5/stats,stats,ne,Nebraska,Pick 5,62,4,66.62,66.62,HIGH:0 | MEDIUM:4 | LOW:0,Tier 2,48.8,YES,READY,none_detected,20% exact | 40% partial | 20% branded | 10% URL | 10% generic
/states/nh/gimme-5/stats,stats,nh,New Hampshire,Gimme 5,62,4,66.62,66.62,HIGH:0 | MEDIUM:4 | LOW:0,Tier 2,48.8,YES,READY,none_detected,20% exact | 40% partial | 20% branded | 10% URL | 10% generic
/states/nh/megabucks/stats,stats,nh,New Hampshire,Megabucks,62,4,66.62,66.62,HIGH:0 | MEDIUM:4 | LOW:0,Tier 2,48.8,YES,READY,none_detected,20% exact | 40% partial | 20% branded | 10% URL | 10% generic
/states/nh/millionaire-for-life/stats,stats,nh,New Hampshire,Millionaire For Life,62,4,66.62,66.62,HIGH:0 | MEDIUM:4 | LOW:0,Tier 2,48.8,YES,READY,none_detected,20% exact | 40% partial | 20% branded | 10% URL | 10% generic
/states/nm/road-runner-cash/stats,stats,nm,New Mexico,Road Runner Cash,62,4,66.62,66.62,HIGH:0 | MEDIUM:4 | LOW:0,Tier 2,48.8,YES,READY,none_detected,20% exact | 40% partial | 20% branded | 10% URL | 10% generic
/states/ok/millionaire-for-life/stats,stats,ok,Oklahoma,Millionaire For Life,62,4,66.62,66.62,HIGH:0 | MEDIUM:4 | LOW:0,Tier 2,48.8,YES,READY,none_detected,20% exact | 40% partial | 20% branded | 10% URL | 10% generic
/states/or/megabucks/stats,stats,or,Oregon,Megabucks,62,4,66.62,66.62,HIGH:0 | MEDIUM:4 | LOW:0,Tier 2,48.8,YES,READY,none_detected,20% exact | 40% partial | 20% branded | 10% URL | 10% generic
/states/or/win-for-life/stats,stats,or,Oregon,Win For Life,62,4,66.62,66.62,HIGH:0 | MEDIUM:4 | LOW:0,Tier 2,48.8,YES,READY,none_detected,20% exact | 40% partial | 20% branded | 10% URL | 10% generic
/states/ri/millionaire-for-life/stats,stats,ri,Rhode Island,Millionaire For Life,62,4,66.62,66.62,HIGH:0 | MEDIUM:4 | LOW:0,Tier 2,48.8,YES,READY,none_detected,20% exact | 40% partial | 20% branded | 10% URL | 10% generic
/states/ri/numbers-game/stats,stats,ri,Rhode Island,Numbers Game,62,4,66.62,66.62,HIGH:0 | MEDIUM:4 | LOW:0,Tier 2,48.8,YES,READY,none_detected,20% exact | 40% partial | 20% branded | 10% URL | 10% generic
/states/ri/wild-money/stats,stats,ri,Rhode Island,Wild Money,62,4,66.62,66.62,HIGH:0 | MEDIUM:4 | LOW:0,Tier 2,48.8,YES,READY,none_detected,20% exact | 40% partial | 20% branded | 10% URL | 10% generic
/states/sc/cash-pop/stats,stats,sc,South Carolina,Cash Pop,62,4,66.62,66.62,HIGH:0 | MEDIUM:4 | LOW:0,Tier 2,48.8,YES,READY,none_detected,20% exact | 40% partial | 20% branded | 10% URL | 10% generic
/states/sd/dakota-cash/stats,stats,sd,South Dakota,Dakota Cash,62,4,66.62,66.62,HIGH:0 | MEDIUM:4 | LOW:0,Tier 2,48.8,YES,READY,none_detected,20% exact | 40% partial | 20% branded | 10% URL | 10% generic
/states/sd/millionaire-for-life/stats,stats,sd,South Dakota,Millionaire For Life,62,4,66.62,66.62,HIGH:0 | MEDIUM:4 | LOW:0,Tier 2,48.8,YES,READY,none_detected,20% exact | 40% partial | 20% branded | 10% URL | 10% generic
/states/vt/gimme-5/stats,stats,vt,Vermont,Gimme 5,62,4,66.62,66.62,HIGH:0 | MEDIUM:4 | LOW:0,Tier 2,48.8,YES,READY,none_detected,20% exact | 40% partial | 20% branded | 10% URL | 10% generic
/states/vt/megabucks/stats,stats,vt,Vermont,Megabucks,62,4,66.62,66.62,HIGH:0 | MEDIUM:4 | LOW:0,Tier 2,48.8,YES,READY,none_detected,20% exact | 40% partial | 20% branded | 10% URL | 10% generic
/states/vt/millionaire-for-life/stats,stats,vt,Vermont,Millionaire For Life,62,4,66.62,66.62,HIGH:0 | MEDIUM:4 | LOW:0,Tier 2,48.8,YES,READY,none_detected,20% exact | 40% partial | 20% branded | 10% URL | 10% generic
/states/wi/all-or-nothing/stats,stats,wi,Wisconsin,All OR Nothing,62,4,66.62,66.62,HIGH:0 | MEDIUM:4 | LOW:0,Tier 2,48.8,YES,READY,none_detected,20% exact | 40% partial | 20% branded | 10% URL | 10% generic
/states/wi/badger-5/stats,stats,wi,Wisconsin,Badger 5,62,4,66.62,66.62,HIGH:0 | MEDIUM:4 | LOW:0,Tier 2,48.8,YES,READY,none_detected,20% exact | 40% partial | 20% branded | 10% URL | 10% generic
/states/wi/megabucks/stats,stats,wi,Wisconsin,Megabucks,62,4,66.62,66.62,HIGH:0 | MEDIUM:4 | LOW:0,Tier 2,48.8,YES,READY,none_detected,20% exact | 40% partial | 20% branded | 10% URL | 10% generic
/states/wi/super-cash/stats,stats,wi,Wisconsin,Super Cash,62,4,66.62,66.62,HIGH:0 | MEDIUM:4 | LOW:0,Tier 2,48.8,YES,READY,none_detected,20% exact | 40% partial | 20% branded | 10% URL | 10% generic
/states/wv/cash-25/stats,stats,wv,West Virginia,Cash 25,62,4,66.62,66.62,HIGH:0 | MEDIUM:4 | LOW:0,Tier 2,48.8,YES,READY,none_detected,20% exact | 40% partial | 20% branded | 10% URL | 10% generic
/states/wv/daily-3/stats,stats,wv,West Virginia,Daily 3,62,4,66.62,66.62,HIGH:0 | MEDIUM:4 | LOW:0,Tier 2,48.8,YES,READY,none_detected,20% exact | 40% partial | 20% branded | 10% URL | 10% generic
/states/wv/daily-4/stats,stats,wv,West Virginia,Daily 4,62,4,66.62,66.62,HIGH:0 | MEDIUM:4 | LOW:0,Tier 2,48.8,YES,READY,none_detected,20% exact | 40% partial | 20% branded | 10% URL | 10% generic
/states/wv/millionaire-for-life/stats,stats,wv,West Virginia,Millionaire For Life,62,4,66.62,66.62,HIGH:0 | MEDIUM:4 | LOW:0,Tier 2,48.8,YES,READY,none_detected,20% exact | 40% partial | 20% branded | 10% URL | 10% generic
/states/wy/2by2/stats,stats,wy,Wyoming,2by2,62,4,66.62,66.62,HIGH:0 | MEDIUM:4 | LOW:0,Tier 2,48.8,YES,READY,none_detected,20% exact | 40% partial | 20% branded | 10% URL | 10% generic
/states/wy/cowboy-draw/stats,stats,wy,Wyoming,Cowboy Draw,62,4,66.62,66.62,HIGH:0 | MEDIUM:4 | LOW:0,Tier 2,48.8,YES,READY,none_detected,20% exact | 40% partial | 20% branded | 10% URL | 10% generic
/states/wy/millionaire-for-life/stats,stats,wy,Wyoming,Millionaire For Life,62,4,66.62,66.62,HIGH:0 | MEDIUM:4 | LOW:0,Tier 2,48.8,YES,READY,none_detected,20% exact | 40% partial | 20% branded | 10% URL | 10% generic
