path,url,type,expected_content,indexable_expected,status,ok,content_type,html_like,xml_like,json_like,body_length,blank_like,final_url,error
/,https://winningnumbers.us/,home,html,true,200,true,text/html; charset=utf-8,true,false,false,380651,false,https://winningnumbers.us/,
/about,https://winningnumbers.us/about,legal,html,true,200,true,text/html; charset=utf-8,true,false,false,80791,false,https://winningnumbers.us/about,
/api/internal/historical/games,https://winningnumbers.us/api/internal/historical/games,api_internal,json,false,404,false,application/json,false,false,true,22,false,https://winningnumbers.us/api/internal/historical/games,
/api/internal/historical/results,https://winningnumbers.us/api/internal/historical/results,api_internal,json,false,404,false,application/json,false,false,true,22,false,https://winningnumbers.us/api/internal/historical/results,
/api/internal/states,https://winningnumbers.us/api/internal/states,api_internal,json,false,404,false,application/json,false,false,true,22,false,https://winningnumbers.us/api/internal/states,
/contact,https://winningnumbers.us/contact,legal,html,true,200,true,text/html; charset=utf-8,true,false,false,78514,false,https://winningnumbers.us/contact,
/cookie-policy,https://winningnumbers.us/cookie-policy,legal,html,true,200,true,text/html; charset=utf-8,true,false,false,77144,false,https://winningnumbers.us/cookie-policy,
/disclaimer,https://winningnumbers.us/disclaimer,legal,html,true,200,true,text/html; charset=utf-8,true,false,false,76195,false,https://winningnumbers.us/disclaimer,
/games,https://winningnumbers.us/games,games_index,html,true,200,true,text/html; charset=utf-8,true,false,false,107147,false,https://winningnumbers.us/games,
/games/mega-millions,https://winningnumbers.us/games/mega-millions,national,html,true,200,true,text/html; charset=utf-8,true,false,false,291371,false,https://winningnumbers.us/games/mega-millions,
/games/powerball,https://winningnumbers.us/games/powerball,national,html,true,200,true,text/html; charset=utf-8,true,false,false,342386,false,https://winningnumbers.us/games/powerball,
/privacy-policy,https://winningnumbers.us/privacy-policy,legal,html,true,200,true,text/html; charset=utf-8,true,false,false,73244,false,https://winningnumbers.us/privacy-policy,
/robots.txt,https://winningnumbers.us/robots.txt,robots,text,true,200,true,text/plain,false,false,false,388,false,https://winningnumbers.us/robots.txt,
/sitemap.xml,https://winningnumbers.us/sitemap.xml,sitemap_index,xml,true,200,true,application/xml; charset=utf-8,false,true,false,964,false,https://winningnumbers.us/sitemap.xml,
/sitemaps/games.xml,https://winningnumbers.us/sitemaps/games.xml,sitemap_child,xml,true,200,true,application/xml; charset=utf-8,false,true,false,65662,false,https://winningnumbers.us/sitemaps/games.xml,
/sitemaps/historical.xml,https://winningnumbers.us/sitemaps/historical.xml,sitemap_child,xml,true,200,true,application/xml; charset=utf-8,false,true,false,70078,false,https://winningnumbers.us/sitemaps/historical.xml,
/sitemaps/legal.xml,https://winningnumbers.us/sitemaps/legal.xml,sitemap_child,xml,true,200,true,application/xml; charset=utf-8,false,true,false,1117,false,https://winningnumbers.us/sitemaps/legal.xml,
/sitemaps/sessions.xml,https://winningnumbers.us/sitemaps/sessions.xml,sitemap_child,xml,true,200,true,application/xml; charset=utf-8,false,true,false,40293,false,https://winningnumbers.us/sitemaps/sessions.xml,
/sitemaps/states.xml,https://winningnumbers.us/sitemaps/states.xml,sitemap_child,xml,true,200,true,application/xml; charset=utf-8,false,true,false,7911,false,https://winningnumbers.us/sitemaps/states.xml,
/sitemaps/static.xml,https://winningnumbers.us/sitemaps/static.xml,sitemap_child,xml,true,200,true,application/xml; charset=utf-8,false,true,false,940,false,https://winningnumbers.us/sitemaps/static.xml,
/sitemaps/stats.xml,https://winningnumbers.us/sitemaps/stats.xml,sitemap_child,xml,true,200,true,application/xml; charset=utf-8,false,true,false,68238,false,https://winningnumbers.us/sitemaps/stats.xml,
/states,https://winningnumbers.us/states,states_index,html,true,200,true,text/html; charset=utf-8,true,false,false,199300,false,https://winningnumbers.us/states,
/states/ar,https://winningnumbers.us/states/ar,state,html,true,200,true,text/html; charset=utf-8,true,false,false,227575,false,https://winningnumbers.us/states/ar,
/states/ar/cash-3,https://winningnumbers.us/states/ar/cash-3,game_family,html,true,200,true,text/html; charset=utf-8,true,false,false,226780,false,https://winningnumbers.us/states/ar/cash-3,
/states/ar/cash-3/evening,https://winningnumbers.us/states/ar/cash-3/evening,session,html,true,200,true,text/html; charset=utf-8,true,false,false,189151,false,https://winningnumbers.us/states/ar/cash-3/evening,
/states/ar/cash-3/historical,https://winningnumbers.us/states/ar/cash-3/historical,historical,html,true,200,true,text/html; charset=utf-8,true,false,false,74698,false,https://winningnumbers.us/states/ar/cash-3/historical,
/states/ar/cash-3/midday,https://winningnumbers.us/states/ar/cash-3/midday,session,html,true,200,true,text/html; charset=utf-8,true,false,false,189037,false,https://winningnumbers.us/states/ar/cash-3/midday,
/states/ar/cash-3/stats,https://winningnumbers.us/states/ar/cash-3/stats,stats,html,true,200,true,text/html; charset=utf-8,true,false,false,112627,false,https://winningnumbers.us/states/ar/cash-3/stats,
/states/ar/cash-4,https://winningnumbers.us/states/ar/cash-4,game_family,html,true,200,true,text/html; charset=utf-8,true,false,false,236923,false,https://winningnumbers.us/states/ar/cash-4,
/states/ar/cash-4/evening,https://winningnumbers.us/states/ar/cash-4/evening,session,html,true,200,true,text/html; charset=utf-8,true,false,false,198638,false,https://winningnumbers.us/states/ar/cash-4/evening,
/states/ar/cash-4/historical,https://winningnumbers.us/states/ar/cash-4/historical,historical,html,true,200,true,text/html; charset=utf-8,true,false,false,74698,false,https://winningnumbers.us/states/ar/cash-4/historical,
/states/ar/cash-4/midday,https://winningnumbers.us/states/ar/cash-4/midday,session,html,true,200,true,text/html; charset=utf-8,true,false,false,198561,false,https://winningnumbers.us/states/ar/cash-4/midday,
/states/ar/cash-4/stats,https://winningnumbers.us/states/ar/cash-4/stats,stats,html,true,200,true,text/html; charset=utf-8,true,false,false,112738,false,https://winningnumbers.us/states/ar/cash-4/stats,
/states/ar/lotto,https://winningnumbers.us/states/ar/lotto,game_family,html,true,200,true,text/html; charset=utf-8,true,false,false,225273,false,https://winningnumbers.us/states/ar/lotto,
/states/ar/lotto/historical,https://winningnumbers.us/states/ar/lotto/historical,historical,html,true,200,true,text/html; charset=utf-8,true,false,false,74678,false,https://winningnumbers.us/states/ar/lotto/historical,
/states/ar/lotto/stats,https://winningnumbers.us/states/ar/lotto/stats,stats,html,true,200,true,text/html; charset=utf-8,true,false,false,121422,false,https://winningnumbers.us/states/ar/lotto/stats,
/states/ar/mega-millions,https://winningnumbers.us/states/ar/mega-millions,game_family,html,true,200,true,text/html; charset=utf-8,true,false,false,231860,false,https://winningnumbers.us/states/ar/mega-millions,
/states/ar/mega-millions/historical,https://winningnumbers.us/states/ar/mega-millions/historical,historical,html,true,200,true,text/html; charset=utf-8,true,false,false,74845,false,https://winningnumbers.us/states/ar/mega-millions/historical,
/states/ar/mega-millions/stats,https://winningnumbers.us/states/ar/mega-millions/stats,stats,html,true,200,true,text/html; charset=utf-8,true,false,false,121205,false,https://winningnumbers.us/states/ar/mega-millions/stats,
/states/ar/millionaire-for-life,https://winningnumbers.us/states/ar/millionaire-for-life,game_family,html,true,200,true,text/html; charset=utf-8,true,false,false,235184,false,https://winningnumbers.us/states/ar/millionaire-for-life,
/states/ar/millionaire-for-life/historical,https://winningnumbers.us/states/ar/millionaire-for-life/historical,historical,html,true,200,true,text/html; charset=utf-8,true,false,false,74991,false,https://winningnumbers.us/states/ar/millionaire-for-life/historical,
/states/ar/millionaire-for-life/stats,https://winningnumbers.us/states/ar/millionaire-for-life/stats,stats,html,true,200,true,text/html; charset=utf-8,true,false,false,131653,false,https://winningnumbers.us/states/ar/millionaire-for-life/stats,
/states/ar/natural-state-jackpot,https://winningnumbers.us/states/ar/natural-state-jackpot,game_family,html,true,200,true,text/html; charset=utf-8,true,false,false,217077,false,https://winningnumbers.us/states/ar/natural-state-jackpot,
/states/ar/natural-state-jackpot/historical,https://winningnumbers.us/states/ar/natural-state-jackpot/historical,historical,html,true,200,true,text/html; charset=utf-8,true,false,false,75012,false,https://winningnumbers.us/states/ar/natural-state-jackpot/historical,
/states/ar/natural-state-jackpot/stats,https://winningnumbers.us/states/ar/natural-state-jackpot/stats,stats,html,true,200,true,text/html; charset=utf-8,true,false,false,113230,false,https://winningnumbers.us/states/ar/natural-state-jackpot/stats,
/states/ar/powerball,https://winningnumbers.us/states/ar/powerball,game_family,html,true,200,true,text/html; charset=utf-8,true,false,false,241403,false,https://winningnumbers.us/states/ar/powerball,
/states/ar/powerball/historical,https://winningnumbers.us/states/ar/powerball/historical,historical,html,true,200,true,text/html; charset=utf-8,true,false,false,74760,false,https://winningnumbers.us/states/ar/powerball/historical,
/states/ar/powerball/stats,https://winningnumbers.us/states/ar/powerball/stats,stats,html,true,200,true,text/html; charset=utf-8,true,false,false,121371,false,https://winningnumbers.us/states/ar/powerball/stats,
/states/az,https://winningnumbers.us/states/az,state,html,true,200,true,text/html; charset=utf-8,true,false,false,192186,false,https://winningnumbers.us/states/az,
/states/az/fantasy-5,https://winningnumbers.us/states/az/fantasy-5,game_family,html,true,200,true,text/html; charset=utf-8,true,false,false,215190,false,https://winningnumbers.us/states/az/fantasy-5,
/states/az/fantasy-5/historical,https://winningnumbers.us/states/az/fantasy-5/historical,historical,html,true,200,true,text/html; charset=utf-8,true,false,false,74759,false,https://winningnumbers.us/states/az/fantasy-5/historical,
/states/az/fantasy-5/stats,https://winningnumbers.us/states/az/fantasy-5/stats,stats,html,true,200,true,text/html; charset=utf-8,true,false,false,112814,false,https://winningnumbers.us/states/az/fantasy-5/stats,
/states/az/mega-millions,https://winningnumbers.us/states/az/mega-millions,game_family,html,true,200,true,text/html; charset=utf-8,true,false,false,232442,false,https://winningnumbers.us/states/az/mega-millions,
/states/az/mega-millions/historical,https://winningnumbers.us/states/az/mega-millions/historical,historical,html,true,200,true,text/html; charset=utf-8,true,false,false,74845,false,https://winningnumbers.us/states/az/mega-millions/historical,
/states/az/mega-millions/stats,https://winningnumbers.us/states/az/mega-millions/stats,stats,html,true,200,true,text/html; charset=utf-8,true,false,false,121190,false,https://winningnumbers.us/states/az/mega-millions/stats,
/states/az/pick-3,https://winningnumbers.us/states/az/pick-3,game_family,html,true,200,true,text/html; charset=utf-8,true,false,false,190983,false,https://winningnumbers.us/states/az/pick-3,
/states/az/pick-3/historical,https://winningnumbers.us/states/az/pick-3/historical,historical,html,true,200,true,text/html; charset=utf-8,true,false,false,74696,false,https://winningnumbers.us/states/az/pick-3/historical,
/states/az/pick-3/stats,https://winningnumbers.us/states/az/pick-3/stats,stats,html,true,200,true,text/html; charset=utf-8,true,false,false,112582,false,https://winningnumbers.us/states/az/pick-3/stats,
/states/az/powerball,https://winningnumbers.us/states/az/powerball,game_family,html,true,200,true,text/html; charset=utf-8,true,false,false,242069,false,https://winningnumbers.us/states/az/powerball,
/states/az/powerball/historical,https://winningnumbers.us/states/az/powerball/historical,historical,html,true,200,true,text/html; charset=utf-8,true,false,false,74760,false,https://winningnumbers.us/states/az/powerball/historical,
/states/az/powerball/stats,https://winningnumbers.us/states/az/powerball/stats,stats,html,true,200,true,text/html; charset=utf-8,true,false,false,92479,false,https://winningnumbers.us/states/az/powerball/stats,
/states/az/the-pick,https://winningnumbers.us/states/az/the-pick,game_family,html,true,200,true,text/html; charset=utf-8,true,false,false,221616,false,https://winningnumbers.us/states/az/the-pick,
/states/az/the-pick/historical,https://winningnumbers.us/states/az/the-pick/historical,historical,html,true,200,true,text/html; charset=utf-8,true,false,false,74738,false,https://winningnumbers.us/states/az/the-pick/historical,
/states/az/the-pick/stats,https://winningnumbers.us/states/az/the-pick/stats,stats,html,true,200,true,text/html; charset=utf-8,true,false,false,112716,false,https://winningnumbers.us/states/az/the-pick/stats,
/states/az/triple-twist,https://winningnumbers.us/states/az/triple-twist,game_family,html,true,200,true,text/html; charset=utf-8,true,false,false,225067,false,https://winningnumbers.us/states/az/triple-twist,
/states/az/triple-twist/historical,https://winningnumbers.us/states/az/triple-twist/historical,historical,html,true,200,true,text/html; charset=utf-8,true,false,false,74822,false,https://winningnumbers.us/states/az/triple-twist/historical,
/states/az/triple-twist/stats,https://winningnumbers.us/states/az/triple-twist/stats,stats,html,true,200,true,text/html; charset=utf-8,true,false,false,112925,false,https://winningnumbers.us/states/az/triple-twist/stats,
/states/ca,https://winningnumbers.us/states/ca,state,html,true,200,true,text/html; charset=utf-8,true,false,false,220589,false,https://winningnumbers.us/states/ca,
/states/ca/daily-3,https://winningnumbers.us/states/ca/daily-3,game_family,html,true,200,true,text/html; charset=utf-8,true,false,false,226970,false,https://winningnumbers.us/states/ca/daily-3,
/states/ca/daily-3/evening,https://winningnumbers.us/states/ca/daily-3/evening,session,html,true,200,true,text/html; charset=utf-8,true,false,false,189218,false,https://winningnumbers.us/states/ca/daily-3/evening,
/states/ca/daily-3/historical,https://winningnumbers.us/states/ca/daily-3/historical,historical,html,true,200,true,text/html; charset=utf-8,true,false,false,74717,false,https://winningnumbers.us/states/ca/daily-3/historical,
/states/ca/daily-3/midday,https://winningnumbers.us/states/ca/daily-3/midday,session,html,true,200,true,text/html; charset=utf-8,true,false,false,189220,false,https://winningnumbers.us/states/ca/daily-3/midday,
/states/ca/daily-3/stats,https://winningnumbers.us/states/ca/daily-3/stats,stats,html,true,200,true,text/html; charset=utf-8,true,false,false,112768,false,https://winningnumbers.us/states/ca/daily-3/stats,
/states/ca/daily-4,https://winningnumbers.us/states/ca/daily-4,game_family,html,true,200,true,text/html; charset=utf-8,true,false,false,203752,false,https://winningnumbers.us/states/ca/daily-4,
/states/ca/daily-4/historical,https://winningnumbers.us/states/ca/daily-4/historical,historical,html,true,200,true,text/html; charset=utf-8,true,false,false,74717,false,https://winningnumbers.us/states/ca/daily-4/historical,
/states/ca/daily-4/stats,https://winningnumbers.us/states/ca/daily-4/stats,stats,html,true,200,true,text/html; charset=utf-8,true,false,false,112769,false,https://winningnumbers.us/states/ca/daily-4/stats,
/states/ca/daily-derby,https://winningnumbers.us/states/ca/daily-derby,game_family,html,true,200,true,text/html; charset=utf-8,true,false,false,240421,false,https://winningnumbers.us/states/ca/daily-derby,
/states/ca/daily-derby/historical,https://winningnumbers.us/states/ca/daily-derby/historical,historical,html,true,200,true,text/html; charset=utf-8,true,false,false,74801,false,https://winningnumbers.us/states/ca/daily-derby/historical,
/states/ca/daily-derby/stats,https://winningnumbers.us/states/ca/daily-derby/stats,stats,html,true,200,true,text/html; charset=utf-8,true,false,false,112915,false,https://winningnumbers.us/states/ca/daily-derby/stats,
/states/ca/fantasy-5,https://winningnumbers.us/states/ca/fantasy-5,game_family,html,true,200,true,text/html; charset=utf-8,true,false,false,215439,false,https://winningnumbers.us/states/ca/fantasy-5,
/states/ca/fantasy-5/historical,https://winningnumbers.us/states/ca/fantasy-5/historical,historical,html,true,200,true,text/html; charset=utf-8,true,false,false,74759,false,https://winningnumbers.us/states/ca/fantasy-5/historical,
/states/ca/fantasy-5/stats,https://winningnumbers.us/states/ca/fantasy-5/stats,stats,html,true,200,true,text/html; charset=utf-8,true,false,false,112833,false,https://winningnumbers.us/states/ca/fantasy-5/stats,
/states/ca/mega-millions,https://winningnumbers.us/states/ca/mega-millions,game_family,html,true,200,true,text/html; charset=utf-8,true,false,false,232947,false,https://winningnumbers.us/states/ca/mega-millions,
/states/ca/mega-millions/historical,https://winningnumbers.us/states/ca/mega-millions/historical,historical,html,true,200,true,text/html; charset=utf-8,true,false,false,74845,false,https://winningnumbers.us/states/ca/mega-millions/historical,
/states/ca/mega-millions/stats,https://winningnumbers.us/states/ca/mega-millions/stats,stats,html,true,200,true,text/html; charset=utf-8,true,false,false,121235,false,https://winningnumbers.us/states/ca/mega-millions/stats,
/states/ca/powerball,https://winningnumbers.us/states/ca/powerball,game_family,html,true,200,true,text/html; charset=utf-8,true,false,false,232892,false,https://winningnumbers.us/states/ca/powerball,
/states/ca/powerball/historical,https://winningnumbers.us/states/ca/powerball/historical,historical,html,true,200,true,text/html; charset=utf-8,true,false,false,74760,false,https://winningnumbers.us/states/ca/powerball/historical,
/states/ca/powerball/stats,https://winningnumbers.us/states/ca/powerball/stats,stats,html,true,200,true,text/html; charset=utf-8,true,false,false,124676,false,https://winningnumbers.us/states/ca/powerball/stats,
/states/ca/superlotto-plus,https://winningnumbers.us/states/ca/superlotto-plus,game_family,html,true,200,true,text/html; charset=utf-8,true,false,false,235913,false,https://winningnumbers.us/states/ca/superlotto-plus,
/states/ca/superlotto-plus/historical,https://winningnumbers.us/states/ca/superlotto-plus/historical,historical,html,true,200,true,text/html; charset=utf-8,true,false,false,74885,false,https://winningnumbers.us/states/ca/superlotto-plus/historical,
/states/ca/superlotto-plus/stats,https://winningnumbers.us/states/ca/superlotto-plus/stats,stats,html,true,200,true,text/html; charset=utf-8,true,false,false,121881,false,https://winningnumbers.us/states/ca/superlotto-plus/stats,
/states/co,https://winningnumbers.us/states/co,state,html,true,200,true,text/html; charset=utf-8,true,false,false,225348,false,https://winningnumbers.us/states/co,
/states/co/cash-5,https://winningnumbers.us/states/co/cash-5,game_family,html,true,200,true,text/html; charset=utf-8,true,false,false,215184,false,https://winningnumbers.us/states/co/cash-5,
/states/co/cash-5/historical,https://winningnumbers.us/states/co/cash-5/historical,historical,html,true,200,true,text/html; charset=utf-8,true,false,false,74698,false,https://winningnumbers.us/states/co/cash-5/historical,
/states/co/cash-5/stats,https://winningnumbers.us/states/co/cash-5/stats,stats,html,true,200,true,text/html; charset=utf-8,true,false,false,112705,false,https://winningnumbers.us/states/co/cash-5/stats,
/states/co/colorado-lotto,https://winningnumbers.us/states/co/colorado-lotto,game_family,html,true,200,true,text/html; charset=utf-8,true,false,false,289838,false,https://winningnumbers.us/states/co/colorado-lotto,
/states/co/colorado-lotto/historical,https://winningnumbers.us/states/co/colorado-lotto/historical,historical,html,true,200,true,text/html; charset=utf-8,true,false,false,74865,false,https://winningnumbers.us/states/co/colorado-lotto/historical,
/states/co/colorado-lotto/stats,https://winningnumbers.us/states/co/colorado-lotto/stats,stats,html,true,200,true,text/html; charset=utf-8,true,false,false,113027,false,https://winningnumbers.us/states/co/colorado-lotto/stats,
/states/co/mega-millions,https://winningnumbers.us/states/co/mega-millions,game_family,html,true,200,true,text/html; charset=utf-8,true,false,false,233305,false,https://winningnumbers.us/states/co/mega-millions,
/states/co/mega-millions/historical,https://winningnumbers.us/states/co/mega-millions/historical,historical,html,true,200,true,text/html; charset=utf-8,true,false,false,74845,false,https://winningnumbers.us/states/co/mega-millions/historical,
/states/co/mega-millions/stats,https://winningnumbers.us/states/co/mega-millions/stats,stats,html,true,200,true,text/html; charset=utf-8,true,false,false,121205,false,https://winningnumbers.us/states/co/mega-millions/stats,
/states/co/millionaire-for-life,https://winningnumbers.us/states/co/millionaire-for-life,game_family,html,true,200,true,text/html; charset=utf-8,true,false,false,235451,false,https://winningnumbers.us/states/co/millionaire-for-life,
/states/co/millionaire-for-life/historical,https://winningnumbers.us/states/co/millionaire-for-life/historical,historical,html,true,200,true,text/html; charset=utf-8,true,false,false,74991,false,https://winningnumbers.us/states/co/millionaire-for-life/historical,
/states/co/millionaire-for-life/stats,https://winningnumbers.us/states/co/millionaire-for-life/stats,stats,html,true,200,true,text/html; charset=utf-8,true,false,false,131653,false,https://winningnumbers.us/states/co/millionaire-for-life/stats,
/states/co/pick-3,https://winningnumbers.us/states/co/pick-3,game_family,html,true,200,true,text/html; charset=utf-8,true,false,false,224201,false,https://winningnumbers.us/states/co/pick-3,
/states/co/pick-3/evening,https://winningnumbers.us/states/co/pick-3/evening,session,html,true,200,true,text/html; charset=utf-8,true,false,false,189378,false,https://winningnumbers.us/states/co/pick-3/evening,
/states/co/pick-3/historical,https://winningnumbers.us/states/co/pick-3/historical,historical,html,true,200,true,text/html; charset=utf-8,true,false,false,74698,false,https://winningnumbers.us/states/co/pick-3/historical,
/states/co/pick-3/midday,https://winningnumbers.us/states/co/pick-3/midday,session,html,true,200,true,text/html; charset=utf-8,true,false,false,189285,false,https://winningnumbers.us/states/co/pick-3/midday,
/states/co/pick-3/stats,https://winningnumbers.us/states/co/pick-3/stats,stats,html,true,200,true,text/html; charset=utf-8,true,false,false,112711,false,https://winningnumbers.us/states/co/pick-3/stats,
/states/co/powerball,https://winningnumbers.us/states/co/powerball,game_family,html,true,200,true,text/html; charset=utf-8,true,false,false,242797,false,https://winningnumbers.us/states/co/powerball,
/states/co/powerball-double-play,https://winningnumbers.us/states/co/powerball-double-play,game_family,html,true,200,true,text/html; charset=utf-8,true,false,false,236419,false,https://winningnumbers.us/states/co/powerball-double-play,
/states/co/powerball-double-play/historical,https://winningnumbers.us/states/co/powerball-double-play/historical,historical,html,true,200,true,text/html; charset=utf-8,true,false,false,75003,false,https://winningnumbers.us/states/co/powerball-double-play/historical,
/states/co/powerball-double-play/stats,https://winningnumbers.us/states/co/powerball-double-play/stats,stats,html,true,200,true,text/html; charset=utf-8,true,false,false,122014,false,https://winningnumbers.us/states/co/powerball-double-play/stats,
/states/co/powerball/historical,https://winningnumbers.us/states/co/powerball/historical,historical,html,true,200,true,text/html; charset=utf-8,true,false,false,74762,false,https://winningnumbers.us/states/co/powerball/historical,
/states/co/powerball/stats,https://winningnumbers.us/states/co/powerball/stats,stats,html,true,200,true,text/html; charset=utf-8,true,false,false,121375,false,https://winningnumbers.us/states/co/powerball/stats,
/states/ct,https://winningnumbers.us/states/ct,state,html,true,200,true,text/html; charset=utf-8,true,false,false,247387,false,https://winningnumbers.us/states/ct,
/states/ct/cash-5,https://winningnumbers.us/states/ct/cash-5,game_family,html,true,200,true,text/html; charset=utf-8,true,false,false,214534,false,https://winningnumbers.us/states/ct/cash-5,
/states/ct/cash-5/historical,https://winningnumbers.us/states/ct/cash-5/historical,historical,html,true,200,true,text/html; charset=utf-8,true,false,false,74696,false,https://winningnumbers.us/states/ct/cash-5/historical,
/states/ct/cash-5/stats,https://winningnumbers.us/states/ct/cash-5/stats,stats,html,true,200,true,text/html; charset=utf-8,true,false,false,112760,false,https://winningnumbers.us/states/ct/cash-5/stats,
/states/ct/lotto,https://winningnumbers.us/states/ct/lotto,game_family,html,true,200,true,text/html; charset=utf-8,true,false,false,224030,false,https://winningnumbers.us/states/ct/lotto,
/states/ct/lotto/historical,https://winningnumbers.us/states/ct/lotto/historical,historical,html,true,200,true,text/html; charset=utf-8,true,false,false,74676,false,https://winningnumbers.us/states/ct/lotto/historical,
/states/ct/lotto/stats,https://winningnumbers.us/states/ct/lotto/stats,stats,html,true,200,true,text/html; charset=utf-8,true,false,false,112745,false,https://winningnumbers.us/states/ct/lotto/stats,
/states/ct/mega-millions,https://winningnumbers.us/states/ct/mega-millions,game_family,html,true,200,true,text/html; charset=utf-8,true,false,false,231581,false,https://winningnumbers.us/states/ct/mega-millions,
/states/ct/mega-millions/historical,https://winningnumbers.us/states/ct/mega-millions/historical,historical,html,true,200,true,text/html; charset=utf-8,true,false,false,74845,false,https://winningnumbers.us/states/ct/mega-millions/historical,
/states/ct/mega-millions/stats,https://winningnumbers.us/states/ct/mega-millions/stats,stats,html,true,200,true,text/html; charset=utf-8,true,false,false,121250,false,https://winningnumbers.us/states/ct/mega-millions/stats,
/states/ct/millionaire-for-life,https://winningnumbers.us/states/ct/millionaire-for-life,game_family,html,true,200,true,text/html; charset=utf-8,true,false,false,234635,false,https://winningnumbers.us/states/ct/millionaire-for-life,
/states/ct/millionaire-for-life/historical,https://winningnumbers.us/states/ct/millionaire-for-life/historical,historical,html,true,200,true,text/html; charset=utf-8,true,false,false,74991,false,https://winningnumbers.us/states/ct/millionaire-for-life/historical,
/states/ct/millionaire-for-life/stats,https://winningnumbers.us/states/ct/millionaire-for-life/stats,stats,html,true,200,true,text/html; charset=utf-8,true,false,false,131638,false,https://winningnumbers.us/states/ct/millionaire-for-life/stats,
/states/ct/play-3,https://winningnumbers.us/states/ct/play-3,game_family,html,true,200,true,text/html; charset=utf-8,true,false,false,247898,false,https://winningnumbers.us/states/ct/play-3,
/states/ct/play-3/day,https://winningnumbers.us/states/ct/play-3/day,session,html,true,200,true,text/html; charset=utf-8,true,false,false,208387,false,https://winningnumbers.us/states/ct/play-3/day,
/states/ct/play-3/historical,https://winningnumbers.us/states/ct/play-3/historical,historical,html,true,200,true,text/html; charset=utf-8,true,false,false,74696,false,https://winningnumbers.us/states/ct/play-3/historical,
/states/ct/play-3/night,https://winningnumbers.us/states/ct/play-3/night,session,html,true,200,true,text/html; charset=utf-8,true,false,false,208565,false,https://winningnumbers.us/states/ct/play-3/night,
/states/ct/play-3/stats,https://winningnumbers.us/states/ct/play-3/stats,stats,html,true,200,true,text/html; charset=utf-8,true,false,false,112772,false,https://winningnumbers.us/states/ct/play-3/stats,
/states/ct/play-4,https://winningnumbers.us/states/ct/play-4,game_family,html,true,200,true,text/html; charset=utf-8,true,false,false,258000,false,https://winningnumbers.us/states/ct/play-4,
/states/ct/play-4/day,https://winningnumbers.us/states/ct/play-4/day,session,html,true,200,true,text/html; charset=utf-8,true,false,false,217870,false,https://winningnumbers.us/states/ct/play-4/day,
/states/ct/play-4/historical,https://winningnumbers.us/states/ct/play-4/historical,historical,html,true,200,true,text/html; charset=utf-8,true,false,false,74696,false,https://winningnumbers.us/states/ct/play-4/historical,
/states/ct/play-4/night,https://winningnumbers.us/states/ct/play-4/night,session,html,true,200,true,text/html; charset=utf-8,true,false,false,218044,false,https://winningnumbers.us/states/ct/play-4/night,
/states/ct/play-4/stats,https://winningnumbers.us/states/ct/play-4/stats,stats,html,true,200,true,text/html; charset=utf-8,true,false,false,112772,false,https://winningnumbers.us/states/ct/play-4/stats,
/states/ct/powerball,https://winningnumbers.us/states/ct/powerball,game_family,html,true,200,true,text/html; charset=utf-8,true,false,false,241163,false,https://winningnumbers.us/states/ct/powerball,
/states/ct/powerball-double-play,https://winningnumbers.us/states/ct/powerball-double-play,game_family,html,true,200,true,text/html; charset=utf-8,true,false,false,234763,false,https://winningnumbers.us/states/ct/powerball-double-play,
/states/ct/powerball-double-play/historical,https://winningnumbers.us/states/ct/powerball-double-play/historical,historical,html,true,200,true,text/html; charset=utf-8,true,false,false,75003,false,https://winningnumbers.us/states/ct/powerball-double-play/historical,
/states/ct/powerball-double-play/stats,https://winningnumbers.us/states/ct/powerball-double-play/stats,stats,html,true,200,true,text/html; charset=utf-8,true,false,false,125155,false,https://winningnumbers.us/states/ct/powerball-double-play/stats,
/states/ct/powerball/historical,https://winningnumbers.us/states/ct/powerball/historical,historical,html,true,200,true,text/html; charset=utf-8,true,false,false,74760,false,https://winningnumbers.us/states/ct/powerball/historical,
/states/ct/powerball/stats,https://winningnumbers.us/states/ct/powerball/stats,stats,html,true,200,true,text/html; charset=utf-8,true,false,false,121416,false,https://winningnumbers.us/states/ct/powerball/stats,
/states/dc,https://winningnumbers.us/states/dc,state,html,true,200,true,text/html; charset=utf-8,true,false,false,276096,false,https://winningnumbers.us/states/dc,
/states/dc/dc-3,https://winningnumbers.us/states/dc/dc-3,game_family,html,true,200,true,text/html; charset=utf-8,true,false,false,249839,false,https://winningnumbers.us/states/dc/dc-3,
/states/dc/dc-3/1-50pm,https://winningnumbers.us/states/dc/dc-3/1-50pm,session,html,true,200,true,text/html; charset=utf-8,true,false,false,191448,false,https://winningnumbers.us/states/dc/dc-3/1-50pm,
/states/dc/dc-3/11-30pm,https://winningnumbers.us/states/dc/dc-3/11-30pm,session,html,true,200,true,text/html; charset=utf-8,true,false,false,191527,false,https://winningnumbers.us/states/dc/dc-3/11-30pm,
/states/dc/dc-3/7-50pm,https://winningnumbers.us/states/dc/dc-3/7-50pm,session,html,true,200,true,text/html; charset=utf-8,true,false,false,191450,false,https://winningnumbers.us/states/dc/dc-3/7-50pm,
/states/dc/dc-3/historical,https://winningnumbers.us/states/dc/dc-3/historical,historical,html,true,200,true,text/html; charset=utf-8,true,false,false,74654,false,https://winningnumbers.us/states/dc/dc-3/historical,
/states/dc/dc-3/stats,https://winningnumbers.us/states/dc/dc-3/stats,stats,html,true,200,true,text/html; charset=utf-8,true,false,false,112707,false,https://winningnumbers.us/states/dc/dc-3/stats,
/states/dc/dc-4,https://winningnumbers.us/states/dc/dc-4,game_family,html,true,200,true,text/html; charset=utf-8,true,false,false,260562,false,https://winningnumbers.us/states/dc/dc-4,
/states/dc/dc-4/1-50pm,https://winningnumbers.us/states/dc/dc-4/1-50pm,session,html,true,200,true,text/html; charset=utf-8,true,false,false,200933,false,https://winningnumbers.us/states/dc/dc-4/1-50pm,
/states/dc/dc-4/11-30pm,https://winningnumbers.us/states/dc/dc-4/11-30pm,session,html,true,200,true,text/html; charset=utf-8,true,false,false,201008,false,https://winningnumbers.us/states/dc/dc-4/11-30pm,
/states/dc/dc-4/7-50pm,https://winningnumbers.us/states/dc/dc-4/7-50pm,session,html,true,200,true,text/html; charset=utf-8,true,false,false,200935,false,https://winningnumbers.us/states/dc/dc-4/7-50pm,
/states/dc/dc-4/historical,https://winningnumbers.us/states/dc/dc-4/historical,historical,html,true,200,true,text/html; charset=utf-8,true,false,false,74654,false,https://winningnumbers.us/states/dc/dc-4/historical,
/states/dc/dc-4/stats,https://winningnumbers.us/states/dc/dc-4/stats,stats,html,true,200,true,text/html; charset=utf-8,true,false,false,112694,false,https://winningnumbers.us/states/dc/dc-4/stats,
/states/dc/dc-5,https://winningnumbers.us/states/dc/dc-5,game_family,html,true,200,true,text/html; charset=utf-8,true,false,false,247094,false,https://winningnumbers.us/states/dc/dc-5,
/states/dc/dc-5/1-50pm,https://winningnumbers.us/states/dc/dc-5/1-50pm,session,html,true,200,true,text/html; charset=utf-8,true,false,false,208073,false,https://winningnumbers.us/states/dc/dc-5/1-50pm,
/states/dc/dc-5/7-50pm,https://winningnumbers.us/states/dc/dc-5/7-50pm,session,html,true,200,true,text/html; charset=utf-8,true,false,false,208081,false,https://winningnumbers.us/states/dc/dc-5/7-50pm,
/states/dc/dc-5/historical,https://winningnumbers.us/states/dc/dc-5/historical,historical,html,true,200,true,text/html; charset=utf-8,true,false,false,74654,false,https://winningnumbers.us/states/dc/dc-5/historical,
/states/dc/dc-5/stats,https://winningnumbers.us/states/dc/dc-5/stats,stats,html,true,200,true,text/html; charset=utf-8,true,false,false,112710,false,https://winningnumbers.us/states/dc/dc-5/stats,
/states/dc/lotto-america,https://winningnumbers.us/states/dc/lotto-america,game_family,html,true,200,true,text/html; charset=utf-8,true,false,false,194324,false,https://winningnumbers.us/states/dc/lotto-america,
/states/dc/lotto-america/historical,https://winningnumbers.us/states/dc/lotto-america/historical,historical,html,true,200,true,text/html; charset=utf-8,true,false,false,74843,false,https://winningnumbers.us/states/dc/lotto-america/historical,
/states/dc/lotto-america/stats,https://winningnumbers.us/states/dc/lotto-america/stats,stats,html,true,200,true,text/html; charset=utf-8,true,false,false,125581,false,https://winningnumbers.us/states/dc/lotto-america/stats,
/states/dc/mega-millions,https://winningnumbers.us/states/dc/mega-millions,game_family,html,true,200,true,text/html; charset=utf-8,true,false,false,177743,false,https://winningnumbers.us/states/dc/mega-millions,
/states/dc/mega-millions/historical,https://winningnumbers.us/states/dc/mega-millions/historical,historical,html,true,200,true,text/html; charset=utf-8,true,false,false,74845,false,https://winningnumbers.us/states/dc/mega-millions/historical,
/states/dc/mega-millions/stats,https://winningnumbers.us/states/dc/mega-millions/stats,stats,html,true,200,true,text/html; charset=utf-8,true,false,false,127870,false,https://winningnumbers.us/states/dc/mega-millions/stats,
/states/dc/millionaire-for-life,https://winningnumbers.us/states/dc/millionaire-for-life,game_family,html,true,200,true,text/html; charset=utf-8,true,false,false,235412,false,https://winningnumbers.us/states/dc/millionaire-for-life,
/states/dc/millionaire-for-life/historical,https://winningnumbers.us/states/dc/millionaire-for-life/historical,historical,html,true,200,true,text/html; charset=utf-8,true,false,false,74991,false,https://winningnumbers.us/states/dc/millionaire-for-life/historical,
/states/dc/millionaire-for-life/stats,https://winningnumbers.us/states/dc/millionaire-for-life/stats,stats,html,true,200,true,text/html; charset=utf-8,true,false,false,129659,false,https://winningnumbers.us/states/dc/millionaire-for-life/stats,
/states/dc/powerball,https://winningnumbers.us/states/dc/powerball,game_family,html,true,200,true,text/html; charset=utf-8,true,false,false,191619,false,https://winningnumbers.us/states/dc/powerball,
/states/dc/powerball-double-play,https://winningnumbers.us/states/dc/powerball-double-play,game_family,html,true,200,true,text/html; charset=utf-8,true,false,false,235700,false,https://winningnumbers.us/states/dc/powerball-double-play,
/states/dc/powerball-double-play/historical,https://winningnumbers.us/states/dc/powerball-double-play/historical,historical,html,true,200,true,text/html; charset=utf-8,true,false,false,75003,false,https://winningnumbers.us/states/dc/powerball-double-play/historical,
/states/dc/powerball-double-play/stats,https://winningnumbers.us/states/dc/powerball-double-play/stats,stats,html,true,200,true,text/html; charset=utf-8,true,false,false,122134,false,https://winningnumbers.us/states/dc/powerball-double-play/stats,
/states/dc/powerball/historical,https://winningnumbers.us/states/dc/powerball/historical,historical,html,true,200,true,text/html; charset=utf-8,true,false,false,74760,false,https://winningnumbers.us/states/dc/powerball/historical,
/states/dc/powerball/stats,https://winningnumbers.us/states/dc/powerball/stats,stats,html,true,200,true,text/html; charset=utf-8,true,false,false,129621,false,https://winningnumbers.us/states/dc/powerball/stats,
/states/de,https://winningnumbers.us/states/de,state,html,true,200,true,text/html; charset=utf-8,true,false,false,237784,false,https://winningnumbers.us/states/de,
/states/de/lotto-america,https://winningnumbers.us/states/de/lotto-america,game_family,html,true,200,true,text/html; charset=utf-8,true,false,false,243743,false,https://winningnumbers.us/states/de/lotto-america,
/states/de/lotto-america/historical,https://winningnumbers.us/states/de/lotto-america/historical,historical,html,true,200,true,text/html; charset=utf-8,true,false,false,74843,false,https://winningnumbers.us/states/de/lotto-america/historical,
/states/de/lotto-america/stats,https://winningnumbers.us/states/de/lotto-america/stats,stats,html,true,200,true,text/html; charset=utf-8,true,false,false,123423,false,https://winningnumbers.us/states/de/lotto-america/stats,
/states/de/mega-millions,https://winningnumbers.us/states/de/mega-millions,game_family,html,true,200,true,text/html; charset=utf-8,true,false,false,231442,false,https://winningnumbers.us/states/de/mega-millions,
/states/de/mega-millions/historical,https://winningnumbers.us/states/de/mega-millions/historical,historical,html,true,200,true,text/html; charset=utf-8,true,false,false,74845,false,https://winningnumbers.us/states/de/mega-millions/historical,
/states/de/mega-millions/stats,https://winningnumbers.us/states/de/mega-millions/stats,stats,html,true,200,true,text/html; charset=utf-8,true,false,false,121205,false,https://winningnumbers.us/states/de/mega-millions/stats,
/states/de/multi-win-lotto,https://winningnumbers.us/states/de/multi-win-lotto,game_family,html,true,200,true,text/html; charset=utf-8,true,false,false,223739,false,https://winningnumbers.us/states/de/multi-win-lotto,
/states/de/multi-win-lotto/historical,https://winningnumbers.us/states/de/multi-win-lotto/historical,historical,html,true,200,true,text/html; charset=utf-8,true,false,false,74884,false,https://winningnumbers.us/states/de/multi-win-lotto/historical,
/states/de/multi-win-lotto/stats,https://winningnumbers.us/states/de/multi-win-lotto/stats,stats,html,true,200,true,text/html; charset=utf-8,true,false,false,113043,false,https://winningnumbers.us/states/de/multi-win-lotto/stats,
/states/de/play-3,https://winningnumbers.us/states/de/play-3,game_family,html,true,200,true,text/html; charset=utf-8,true,false,false,226009,false,https://winningnumbers.us/states/de/play-3,
/states/de/play-3/day,https://winningnumbers.us/states/de/play-3/day,session,html,true,200,true,text/html; charset=utf-8,true,false,false,188561,false,https://winningnumbers.us/states/de/play-3/day,
/states/de/play-3/historical,https://winningnumbers.us/states/de/play-3/historical,historical,html,true,200,true,text/html; charset=utf-8,true,false,false,74696,false,https://winningnumbers.us/states/de/play-3/historical,
/states/de/play-3/night,https://winningnumbers.us/states/de/play-3/night,session,html,true,200,true,text/html; charset=utf-8,true,false,false,188747,false,https://winningnumbers.us/states/de/play-3/night,
/states/de/play-3/stats,https://winningnumbers.us/states/de/play-3/stats,stats,html,true,200,true,text/html; charset=utf-8,true,false,false,112622,false,https://winningnumbers.us/states/de/play-3/stats,
/states/de/play-4,https://winningnumbers.us/states/de/play-4,game_family,html,true,200,true,text/html; charset=utf-8,true,false,false,236119,false,https://winningnumbers.us/states/de/play-4,
/states/de/play-4/day,https://winningnumbers.us/states/de/play-4/day,session,html,true,200,true,text/html; charset=utf-8,true,false,false,198052,false,https://winningnumbers.us/states/de/play-4/day,
/states/de/play-4/historical,https://winningnumbers.us/states/de/play-4/historical,historical,html,true,200,true,text/html; charset=utf-8,true,false,false,74696,false,https://winningnumbers.us/states/de/play-4/historical,
/states/de/play-4/night,https://winningnumbers.us/states/de/play-4/night,session,html,true,200,true,text/html; charset=utf-8,true,false,false,198222,false,https://winningnumbers.us/states/de/play-4/night,
/states/de/play-4/stats,https://winningnumbers.us/states/de/play-4/stats,stats,html,true,200,true,text/html; charset=utf-8,true,false,false,112735,false,https://winningnumbers.us/states/de/play-4/stats,
/states/de/play-5,https://winningnumbers.us/states/de/play-5,game_family,html,true,200,true,text/html; charset=utf-8,true,false,false,246221,false,https://winningnumbers.us/states/de/play-5,
/states/de/play-5/day,https://winningnumbers.us/states/de/play-5/day,session,html,true,200,true,text/html; charset=utf-8,true,false,false,207535,false,https://winningnumbers.us/states/de/play-5/day,
/states/de/play-5/historical,https://winningnumbers.us/states/de/play-5/historical,historical,html,true,200,true,text/html; charset=utf-8,true,false,false,74698,false,https://winningnumbers.us/states/de/play-5/historical,
/states/de/play-5/night,https://winningnumbers.us/states/de/play-5/night,session,html,true,200,true,text/html; charset=utf-8,true,false,false,207715,false,https://winningnumbers.us/states/de/play-5/night,
/states/de/play-5/stats,https://winningnumbers.us/states/de/play-5/stats,stats,html,true,200,true,text/html; charset=utf-8,true,false,false,112740,false,https://winningnumbers.us/states/de/play-5/stats,
/states/de/powerball,https://winningnumbers.us/states/de/powerball,game_family,html,true,200,true,text/html; charset=utf-8,true,false,false,240878,false,https://winningnumbers.us/states/de/powerball,
/states/de/powerball/historical,https://winningnumbers.us/states/de/powerball/historical,historical,html,true,200,true,text/html; charset=utf-8,true,false,false,74760,false,https://winningnumbers.us/states/de/powerball/historical,
/states/de/powerball/stats,https://winningnumbers.us/states/de/powerball/stats,stats,html,true,200,true,text/html; charset=utf-8,true,false,false,121371,false,https://winningnumbers.us/states/de/powerball/stats,
/states/fl,https://winningnumbers.us/states/fl,state,html,true,200,true,text/html; charset=utf-8,true,false,false,366895,false,https://winningnumbers.us/states/fl,
/states/fl/cash-pop,https://winningnumbers.us/states/fl/cash-pop,game_family,html,true,200,true,text/html; charset=utf-8,true,false,false,272241,false,https://winningnumbers.us/states/fl/cash-pop,
/states/fl/cash-pop/afternoon,https://winningnumbers.us/states/fl/cash-pop/afternoon,session,html,true,200,true,text/html; charset=utf-8,true,false,false,177637,false,https://winningnumbers.us/states/fl/cash-pop/afternoon,
/states/fl/cash-pop/evening,https://winningnumbers.us/states/fl/cash-pop/evening,session,html,true,200,true,text/html; charset=utf-8,true,false,false,177467,false,https://winningnumbers.us/states/fl/cash-pop/evening,
/states/fl/cash-pop/historical,https://winningnumbers.us/states/fl/cash-pop/historical,historical,html,true,200,true,text/html; charset=utf-8,true,false,false,74738,false,https://winningnumbers.us/states/fl/cash-pop/historical,
/states/fl/cash-pop/latenight,https://winningnumbers.us/states/fl/cash-pop/latenight,session,html,true,200,true,text/html; charset=utf-8,true,false,false,177589,false,https://winningnumbers.us/states/fl/cash-pop/latenight,
/states/fl/cash-pop/matinee,https://winningnumbers.us/states/fl/cash-pop/matinee,session,html,true,200,true,text/html; charset=utf-8,true,false,false,177482,false,https://winningnumbers.us/states/fl/cash-pop/matinee,
/states/fl/cash-pop/morning,https://winningnumbers.us/states/fl/cash-pop/morning,session,html,true,200,true,text/html; charset=utf-8,true,false,false,177446,false,https://winningnumbers.us/states/fl/cash-pop/morning,
/states/fl/cash-pop/stats,https://winningnumbers.us/states/fl/cash-pop/stats,stats,html,true,200,true,text/html; charset=utf-8,true,false,false,112729,false,https://winningnumbers.us/states/fl/cash-pop/stats,
/states/fl/fantasy-5,https://winningnumbers.us/states/fl/fantasy-5,game_family,html,true,200,true,text/html; charset=utf-8,true,false,false,247516,false,https://winningnumbers.us/states/fl/fantasy-5,
/states/fl/fantasy-5/evening,https://winningnumbers.us/states/fl/fantasy-5/evening,session,html,true,200,true,text/html; charset=utf-8,true,false,false,208494,false,https://winningnumbers.us/states/fl/fantasy-5/evening,
/states/fl/fantasy-5/historical,https://winningnumbers.us/states/fl/fantasy-5/historical,historical,html,true,200,true,text/html; charset=utf-8,true,false,false,74761,false,https://winningnumbers.us/states/fl/fantasy-5/historical,
/states/fl/fantasy-5/midday,https://winningnumbers.us/states/fl/fantasy-5/midday,session,html,true,200,true,text/html; charset=utf-8,true,false,false,208490,false,https://winningnumbers.us/states/fl/fantasy-5/midday,
/states/fl/fantasy-5/stats,https://winningnumbers.us/states/fl/fantasy-5/stats,stats,html,true,200,true,text/html; charset=utf-8,true,false,false,112811,false,https://winningnumbers.us/states/fl/fantasy-5/stats,
/states/fl/jackpot-triple-play,https://winningnumbers.us/states/fl/jackpot-triple-play,game_family,html,true,200,true,text/html; charset=utf-8,true,false,false,226238,false,https://winningnumbers.us/states/fl/jackpot-triple-play,
/states/fl/jackpot-triple-play/historical,https://winningnumbers.us/states/fl/jackpot-triple-play/historical,historical,html,true,200,true,text/html; charset=utf-8,true,false,false,74968,false,https://winningnumbers.us/states/fl/jackpot-triple-play/historical,
/states/fl/jackpot-triple-play/stats,https://winningnumbers.us/states/fl/jackpot-triple-play/stats,stats,html,true,200,true,text/html; charset=utf-8,true,false,false,113136,false,https://winningnumbers.us/states/fl/jackpot-triple-play/stats,
/states/fl/lotto,https://winningnumbers.us/states/fl/lotto,game_family,html,true,200,true,text/html; charset=utf-8,true,false,false,287890,false,https://winningnumbers.us/states/fl/lotto,
/states/fl/lotto/historical,https://winningnumbers.us/states/fl/lotto/historical,historical,html,true,200,true,text/html; charset=utf-8,true,false,false,74676,false,https://winningnumbers.us/states/fl/lotto/historical,
/states/fl/lotto/stats,https://winningnumbers.us/states/fl/lotto/stats,stats,html,true,200,true,text/html; charset=utf-8,true,false,false,112676,false,https://winningnumbers.us/states/fl/lotto/stats,
/states/fl/mega-millions,https://winningnumbers.us/states/fl/mega-millions,game_family,html,true,200,true,text/html; charset=utf-8,true,false,false,232434,false,https://winningnumbers.us/states/fl/mega-millions,
/states/fl/mega-millions/historical,https://winningnumbers.us/states/fl/mega-millions/historical,historical,html,true,200,true,text/html; charset=utf-8,true,false,false,74845,false,https://winningnumbers.us/states/fl/mega-millions/historical,
/states/fl/mega-millions/stats,https://winningnumbers.us/states/fl/mega-millions/stats,stats,html,true,200,true,text/html; charset=utf-8,true,false,false,121190,false,https://winningnumbers.us/states/fl/mega-millions/stats,
/states/fl/pick-2,https://winningnumbers.us/states/fl/pick-2,game_family,html,true,200,true,text/html; charset=utf-8,true,false,false,235084,false,https://winningnumbers.us/states/fl/pick-2,
/states/fl/pick-2/evening,https://winningnumbers.us/states/fl/pick-2/evening,session,html,true,200,true,text/html; charset=utf-8,true,false,false,199284,false,https://winningnumbers.us/states/fl/pick-2/evening,
/states/fl/pick-2/historical,https://winningnumbers.us/states/fl/pick-2/historical,historical,html,true,200,true,text/html; charset=utf-8,true,false,false,74696,false,https://winningnumbers.us/states/fl/pick-2/historical,
/states/fl/pick-2/midday,https://winningnumbers.us/states/fl/pick-2/midday,session,html,true,200,true,text/html; charset=utf-8,true,false,false,199249,false,https://winningnumbers.us/states/fl/pick-2/midday,
/states/fl/pick-2/stats,https://winningnumbers.us/states/fl/pick-2/stats,stats,html,true,200,true,text/html; charset=utf-8,true,false,false,121475,false,https://winningnumbers.us/states/fl/pick-2/stats,
/states/fl/pick-3,https://winningnumbers.us/states/fl/pick-3,game_family,html,true,200,true,text/html; charset=utf-8,true,false,false,225045,false,https://winningnumbers.us/states/fl/pick-3,
/states/fl/pick-3/evening,https://winningnumbers.us/states/fl/pick-3/evening,session,html,true,200,true,text/html; charset=utf-8,true,false,false,189896,false,https://winningnumbers.us/states/fl/pick-3/evening,
/states/fl/pick-3/historical,https://winningnumbers.us/states/fl/pick-3/historical,historical,html,true,200,true,text/html; charset=utf-8,true,false,false,74696,false,https://winningnumbers.us/states/fl/pick-3/historical,
/states/fl/pick-3/midday,https://winningnumbers.us/states/fl/pick-3/midday,session,html,true,200,true,text/html; charset=utf-8,true,false,false,189854,false,https://winningnumbers.us/states/fl/pick-3/midday,
/states/fl/pick-3/stats,https://winningnumbers.us/states/fl/pick-3/stats,stats,html,true,200,true,text/html; charset=utf-8,true,false,false,121394,false,https://winningnumbers.us/states/fl/pick-3/stats,
/states/fl/pick-4,https://winningnumbers.us/states/fl/pick-4,game_family,html,true,200,true,text/html; charset=utf-8,true,false,false,235048,false,https://winningnumbers.us/states/fl/pick-4,
/states/fl/pick-4/evening,https://winningnumbers.us/states/fl/pick-4/evening,session,html,true,200,true,text/html; charset=utf-8,true,false,false,199378,false,https://winningnumbers.us/states/fl/pick-4/evening,
/states/fl/pick-4/historical,https://winningnumbers.us/states/fl/pick-4/historical,historical,html,true,200,true,text/html; charset=utf-8,true,false,false,74696,false,https://winningnumbers.us/states/fl/pick-4/historical,
/states/fl/pick-4/midday,https://winningnumbers.us/states/fl/pick-4/midday,session,html,true,200,true,text/html; charset=utf-8,true,false,false,199326,false,https://winningnumbers.us/states/fl/pick-4/midday,
/states/fl/pick-4/stats,https://winningnumbers.us/states/fl/pick-4/stats,stats,html,true,200,true,text/html; charset=utf-8,true,false,false,121479,false,https://winningnumbers.us/states/fl/pick-4/stats,
/states/fl/pick-5,https://winningnumbers.us/states/fl/pick-5,game_family,html,true,200,true,text/html; charset=utf-8,true,false,false,265402,false,https://winningnumbers.us/states/fl/pick-5,
/states/fl/pick-5/evening,https://winningnumbers.us/states/fl/pick-5/evening,session,html,true,200,true,text/html; charset=utf-8,true,false,false,227741,false,https://winningnumbers.us/states/fl/pick-5/evening,
/states/fl/pick-5/historical,https://winningnumbers.us/states/fl/pick-5/historical,historical,html,true,200,true,text/html; charset=utf-8,true,false,false,74696,false,https://winningnumbers.us/states/fl/pick-5/historical,
/states/fl/pick-5/midday,https://winningnumbers.us/states/fl/pick-5/midday,session,html,true,200,true,text/html; charset=utf-8,true,false,false,227710,false,https://winningnumbers.us/states/fl/pick-5/midday,
/states/fl/pick-5/stats,https://winningnumbers.us/states/fl/pick-5/stats,stats,html,true,200,true,text/html; charset=utf-8,true,false,false,121497,false,https://winningnumbers.us/states/fl/pick-5/stats,
/states/fl/powerball,https://winningnumbers.us/states/fl/powerball,game_family,html,true,200,true,text/html; charset=utf-8,true,false,false,241977,false,https://winningnumbers.us/states/fl/powerball,
/states/fl/powerball-double-play,https://winningnumbers.us/states/fl/powerball-double-play,game_family,html,true,200,true,text/html; charset=utf-8,true,false,false,234782,false,https://winningnumbers.us/states/fl/powerball-double-play,
/states/fl/powerball-double-play/historical,https://winningnumbers.us/states/fl/powerball-double-play/historical,historical,html,true,200,true,text/html; charset=utf-8,true,false,false,75003,false,https://winningnumbers.us/states/fl/powerball-double-play/historical,
/states/fl/powerball-double-play/stats,https://winningnumbers.us/states/fl/powerball-double-play/stats,stats,html,true,200,true,text/html; charset=utf-8,true,false,false,121999,false,https://winningnumbers.us/states/fl/powerball-double-play/stats,
/states/fl/powerball/historical,https://winningnumbers.us/states/fl/powerball/historical,historical,html,true,200,true,text/html; charset=utf-8,true,false,false,74760,false,https://winningnumbers.us/states/fl/powerball/historical,
/states/fl/powerball/stats,https://winningnumbers.us/states/fl/powerball/stats,stats,html,true,200,true,text/html; charset=utf-8,true,false,false,121356,false,https://winningnumbers.us/states/fl/powerball/stats,
/states/ga,https://winningnumbers.us/states/ga,state,html,true,200,true,text/html; charset=utf-8,true,false,false,310814,false,https://winningnumbers.us/states/ga,
/states/ga/cash-3,https://winningnumbers.us/states/ga/cash-3,game_family,html,true,200,true,text/html; charset=utf-8,true,false,false,249733,false,https://winningnumbers.us/states/ga/cash-3,
/states/ga/cash-3/evening,https://winningnumbers.us/states/ga/cash-3/evening,session,html,true,200,true,text/html; charset=utf-8,true,false,false,191549,false,https://winningnumbers.us/states/ga/cash-3/evening,
/states/ga/cash-3/historical,https://winningnumbers.us/states/ga/cash-3/historical,historical,html,true,200,true,text/html; charset=utf-8,true,false,false,74696,false,https://winningnumbers.us/states/ga/cash-3/historical,
/states/ga/cash-3/midday,https://winningnumbers.us/states/ga/cash-3/midday,session,html,true,200,true,text/html; charset=utf-8,true,false,false,191453,false,https://winningnumbers.us/states/ga/cash-3/midday,
/states/ga/cash-3/night,https://winningnumbers.us/states/ga/cash-3/night,session,html,true,200,true,text/html; charset=utf-8,true,false,false,191358,false,https://winningnumbers.us/states/ga/cash-3/night,
/states/ga/cash-3/stats,https://winningnumbers.us/states/ga/cash-3/stats,stats,html,true,200,true,text/html; charset=utf-8,true,false,false,112716,false,https://winningnumbers.us/states/ga/cash-3/stats,
/states/ga/cash-4,https://winningnumbers.us/states/ga/cash-4,game_family,html,true,200,true,text/html; charset=utf-8,true,false,false,260438,false,https://winningnumbers.us/states/ga/cash-4,
/states/ga/cash-4/evening,https://winningnumbers.us/states/ga/cash-4/evening,session,html,true,200,true,text/html; charset=utf-8,true,false,false,201034,false,https://winningnumbers.us/states/ga/cash-4/evening,
/states/ga/cash-4/historical,https://winningnumbers.us/states/ga/cash-4/historical,historical,html,true,200,true,text/html; charset=utf-8,true,false,false,74696,false,https://winningnumbers.us/states/ga/cash-4/historical,
/states/ga/cash-4/midday,https://winningnumbers.us/states/ga/cash-4/midday,session,html,true,200,true,text/html; charset=utf-8,true,false,false,200920,false,https://winningnumbers.us/states/ga/cash-4/midday,
/states/ga/cash-4/night,https://winningnumbers.us/states/ga/cash-4/night,session,html,true,200,true,text/html; charset=utf-8,true,false,false,200849,false,https://winningnumbers.us/states/ga/cash-4/night,
/states/ga/cash-4/stats,https://winningnumbers.us/states/ga/cash-4/stats,stats,html,true,200,true,text/html; charset=utf-8,true,false,false,112717,false,https://winningnumbers.us/states/ga/cash-4/stats,
/states/ga/cash-pop,https://winningnumbers.us/states/ga/cash-pop,game_family,html,true,200,true,text/html; charset=utf-8,true,false,false,273858,false,https://winningnumbers.us/states/ga/cash-pop,
/states/ga/cash-pop/drivetime,https://winningnumbers.us/states/ga/cash-pop/drivetime,session,html,true,200,true,text/html; charset=utf-8,true,false,false,177970,false,https://winningnumbers.us/states/ga/cash-pop/drivetime,
/states/ga/cash-pop/earlybird,https://winningnumbers.us/states/ga/cash-pop/earlybird,session,html,true,200,true,text/html; charset=utf-8,true,false,false,177918,false,https://winningnumbers.us/states/ga/cash-pop/earlybird,
/states/ga/cash-pop/historical,https://winningnumbers.us/states/ga/cash-pop/historical,historical,html,true,200,true,text/html; charset=utf-8,true,false,false,74741,false,https://winningnumbers.us/states/ga/cash-pop/historical,
/states/ga/cash-pop/matinee,https://winningnumbers.us/states/ga/cash-pop/matinee,session,html,true,200,true,text/html; charset=utf-8,true,false,false,177742,false,https://winningnumbers.us/states/ga/cash-pop/matinee,
/states/ga/cash-pop/nightowl,https://winningnumbers.us/states/ga/cash-pop/nightowl,session,html,true,200,true,text/html; charset=utf-8,true,false,false,177897,false,https://winningnumbers.us/states/ga/cash-pop/nightowl,
/states/ga/cash-pop/primetime,https://winningnumbers.us/states/ga/cash-pop/primetime,session,html,true,200,true,text/html; charset=utf-8,true,false,false,177912,false,https://winningnumbers.us/states/ga/cash-pop/primetime,
/states/ga/cash-pop/stats,https://winningnumbers.us/states/ga/cash-pop/stats,stats,html,true,200,true,text/html; charset=utf-8,true,false,false,112752,false,https://winningnumbers.us/states/ga/cash-pop/stats,
/states/ga/fantasy-5,https://winningnumbers.us/states/ga/fantasy-5,game_family,html,true,200,true,text/html; charset=utf-8,true,false,false,215172,false,https://winningnumbers.us/states/ga/fantasy-5,
/states/ga/fantasy-5/historical,https://winningnumbers.us/states/ga/fantasy-5/historical,historical,html,true,200,true,text/html; charset=utf-8,true,false,false,74759,false,https://winningnumbers.us/states/ga/fantasy-5/historical,
/states/ga/fantasy-5/stats,https://winningnumbers.us/states/ga/fantasy-5/stats,stats,html,true,200,true,text/html; charset=utf-8,true,false,false,112705,false,https://winningnumbers.us/states/ga/fantasy-5/stats,
/states/ga/georgia-five,https://winningnumbers.us/states/ga/georgia-five,game_family,html,true,200,true,text/html; charset=utf-8,true,false,false,248391,false,https://winningnumbers.us/states/ga/georgia-five,
/states/ga/georgia-five/evening,https://winningnumbers.us/states/ga/georgia-five/evening,session,html,true,200,true,text/html; charset=utf-8,true,false,false,208912,false,https://winningnumbers.us/states/ga/georgia-five/evening,
/states/ga/georgia-five/historical,https://winningnumbers.us/states/ga/georgia-five/historical,historical,html,true,200,true,text/html; charset=utf-8,true,false,false,74822,false,https://winningnumbers.us/states/ga/georgia-five/historical,
/states/ga/georgia-five/midday,https://winningnumbers.us/states/ga/georgia-five/midday,session,html,true,200,true,text/html; charset=utf-8,true,false,false,208946,false,https://winningnumbers.us/states/ga/georgia-five/midday,
/states/ga/georgia-five/stats,https://winningnumbers.us/states/ga/georgia-five/stats,stats,html,true,200,true,text/html; charset=utf-8,true,false,false,112925,false,https://winningnumbers.us/states/ga/georgia-five/stats,
/states/ga/mega-millions,https://winningnumbers.us/states/ga/mega-millions,game_family,html,true,200,true,text/html; charset=utf-8,true,false,false,232972,false,https://winningnumbers.us/states/ga/mega-millions,
/states/ga/mega-millions/historical,https://winningnumbers.us/states/ga/mega-millions/historical,historical,html,true,200,true,text/html; charset=utf-8,true,false,false,74845,false,https://winningnumbers.us/states/ga/mega-millions/historical,
/states/ga/mega-millions/stats,https://winningnumbers.us/states/ga/mega-millions/stats,stats,html,true,200,true,text/html; charset=utf-8,true,false,false,121190,false,https://winningnumbers.us/states/ga/mega-millions/stats,
/states/ga/millionaire-for-life,https://winningnumbers.us/states/ga/millionaire-for-life,game_family,html,true,200,true,text/html; charset=utf-8,true,false,false,234646,false,https://winningnumbers.us/states/ga/millionaire-for-life,
/states/ga/millionaire-for-life/historical,https://winningnumbers.us/states/ga/millionaire-for-life/historical,historical,html,true,200,true,text/html; charset=utf-8,true,false,false,74991,false,https://winningnumbers.us/states/ga/millionaire-for-life/historical,
/states/ga/millionaire-for-life/stats,https://winningnumbers.us/states/ga/millionaire-for-life/stats,stats,html,true,200,true,text/html; charset=utf-8,true,false,false,129708,false,https://winningnumbers.us/states/ga/millionaire-for-life/stats,
/states/ga/powerball,https://winningnumbers.us/states/ga/powerball,game_family,html,true,200,true,text/html; charset=utf-8,true,false,false,242349,false,https://winningnumbers.us/states/ga/powerball,
/states/ga/powerball/historical,https://winningnumbers.us/states/ga/powerball/historical,historical,html,true,200,true,text/html; charset=utf-8,true,false,false,74760,false,https://winningnumbers.us/states/ga/powerball/historical,
/states/ga/powerball/stats,https://winningnumbers.us/states/ga/powerball/stats,stats,html,true,200,true,text/html; charset=utf-8,true,false,false,121356,false,https://winningnumbers.us/states/ga/powerball/stats,
/states/ia,https://winningnumbers.us/states/ia,state,html,true,200,true,text/html; charset=utf-8,true,false,false,227965,false,https://winningnumbers.us/states/ia,
/states/ia/lotto-america,https://winningnumbers.us/states/ia/lotto-america,game_family,html,true,200,true,text/html; charset=utf-8,true,false,false,244858,false,https://winningnumbers.us/states/ia/lotto-america,
/states/ia/lotto-america/historical,https://winningnumbers.us/states/ia/lotto-america/historical,historical,html,true,200,true,text/html; charset=utf-8,true,false,false,74843,false,https://winningnumbers.us/states/ia/lotto-america/historical,
/states/ia/lotto-america/stats,https://winningnumbers.us/states/ia/lotto-america/stats,stats,html,true,200,true,text/html; charset=utf-8,true,false,false,125505,false,https://winningnumbers.us/states/ia/lotto-america/stats,
/states/ia/mega-millions,https://winningnumbers.us/states/ia/mega-millions,game_family,html,true,200,true,text/html; charset=utf-8,true,false,false,231292,false,https://winningnumbers.us/states/ia/mega-millions,
/states/ia/mega-millions/historical,https://winningnumbers.us/states/ia/mega-millions/historical,historical,html,true,200,true,text/html; charset=utf-8,true,false,false,74845,false,https://winningnumbers.us/states/ia/mega-millions/historical,
/states/ia/mega-millions/stats,https://winningnumbers.us/states/ia/mega-millions/stats,stats,html,true,200,true,text/html; charset=utf-8,true,false,false,123849,false,https://winningnumbers.us/states/ia/mega-millions/stats,
/states/ia/millionaire-for-life,https://winningnumbers.us/states/ia/millionaire-for-life,game_family,html,true,200,true,text/html; charset=utf-8,true,false,false,234774,false,https://winningnumbers.us/states/ia/millionaire-for-life,
/states/ia/millionaire-for-life/historical,https://winningnumbers.us/states/ia/millionaire-for-life/historical,historical,html,true,200,true,text/html; charset=utf-8,true,false,false,74991,false,https://winningnumbers.us/states/ia/millionaire-for-life/historical,
/states/ia/millionaire-for-life/stats,https://winningnumbers.us/states/ia/millionaire-for-life/stats,stats,html,true,200,true,text/html; charset=utf-8,true,false,false,129467,false,https://winningnumbers.us/states/ia/millionaire-for-life/stats,
/states/ia/pick-3,https://winningnumbers.us/states/ia/pick-3,game_family,html,true,200,true,text/html; charset=utf-8,true,false,false,222878,false,https://winningnumbers.us/states/ia/pick-3,
/states/ia/pick-3/evening,https://winningnumbers.us/states/ia/pick-3/evening,session,html,true,200,true,text/html; charset=utf-8,true,false,false,188685,false,https://winningnumbers.us/states/ia/pick-3/evening,
/states/ia/pick-3/historical,https://winningnumbers.us/states/ia/pick-3/historical,historical,html,true,200,true,text/html; charset=utf-8,true,false,false,74698,false,https://winningnumbers.us/states/ia/pick-3/historical,
/states/ia/pick-3/midday,https://winningnumbers.us/states/ia/pick-3/midday,session,html,true,200,true,text/html; charset=utf-8,true,false,false,188605,false,https://winningnumbers.us/states/ia/pick-3/midday,
/states/ia/pick-3/stats,https://winningnumbers.us/states/ia/pick-3/stats,stats,html,true,200,true,text/html; charset=utf-8,true,false,false,112618,false,https://winningnumbers.us/states/ia/pick-3/stats,
/states/ia/pick-4,https://winningnumbers.us/states/ia/pick-4,game_family,html,true,200,true,text/html; charset=utf-8,true,false,false,232898,false,https://winningnumbers.us/states/ia/pick-4,
/states/ia/pick-4/evening,https://winningnumbers.us/states/ia/pick-4/evening,session,html,true,200,true,text/html; charset=utf-8,true,false,false,198178,false,https://winningnumbers.us/states/ia/pick-4/evening,
/states/ia/pick-4/historical,https://winningnumbers.us/states/ia/pick-4/historical,historical,html,true,200,true,text/html; charset=utf-8,true,false,false,74698,false,https://winningnumbers.us/states/ia/pick-4/historical,
/states/ia/pick-4/midday,https://winningnumbers.us/states/ia/pick-4/midday,session,html,true,200,true,text/html; charset=utf-8,true,false,false,198094,false,https://winningnumbers.us/states/ia/pick-4/midday,
/states/ia/pick-4/stats,https://winningnumbers.us/states/ia/pick-4/stats,stats,html,true,200,true,text/html; charset=utf-8,true,false,false,112626,false,https://winningnumbers.us/states/ia/pick-4/stats,
/states/ia/powerball,https://winningnumbers.us/states/ia/powerball,game_family,html,true,200,true,text/html; charset=utf-8,true,false,false,231336,false,https://winningnumbers.us/states/ia/powerball,
/states/ia/powerball-double-play,https://winningnumbers.us/states/ia/powerball-double-play,game_family,html,true,200,true,text/html; charset=utf-8,true,false,false,235034,false,https://winningnumbers.us/states/ia/powerball-double-play,
/states/ia/powerball-double-play/historical,https://winningnumbers.us/states/ia/powerball-double-play/historical,historical,html,true,200,true,text/html; charset=utf-8,true,false,false,75003,false,https://winningnumbers.us/states/ia/powerball-double-play/historical,
/states/ia/powerball-double-play/stats,https://winningnumbers.us/states/ia/powerball-double-play/stats,stats,html,true,200,true,text/html; charset=utf-8,true,false,false,121954,false,https://winningnumbers.us/states/ia/powerball-double-play/stats,
/states/ia/powerball/historical,https://winningnumbers.us/states/ia/powerball/historical,historical,html,true,200,true,text/html; charset=utf-8,true,false,false,74762,false,https://winningnumbers.us/states/ia/powerball/historical,
/states/ia/powerball/stats,https://winningnumbers.us/states/ia/powerball/stats,stats,html,true,200,true,text/html; charset=utf-8,true,false,false,123833,false,https://winningnumbers.us/states/ia/powerball/stats,
/states/id,https://winningnumbers.us/states/id,state,html,true,200,true,text/html; charset=utf-8,true,false,false,244102,false,https://winningnumbers.us/states/id,
/states/id/idaho-cash,https://winningnumbers.us/states/id/idaho-cash,game_family,html,true,200,true,text/html; charset=utf-8,true,false,false,213902,false,https://winningnumbers.us/states/id/idaho-cash,
/states/id/idaho-cash/historical,https://winningnumbers.us/states/id/idaho-cash/historical,historical,html,true,200,true,text/html; charset=utf-8,true,false,false,74782,false,https://winningnumbers.us/states/id/idaho-cash/historical,
/states/id/idaho-cash/stats,https://winningnumbers.us/states/id/idaho-cash/stats,stats,html,true,200,true,text/html; charset=utf-8,true,false,false,112812,false,https://winningnumbers.us/states/id/idaho-cash/stats,
/states/id/lotto-america,https://winningnumbers.us/states/id/lotto-america,game_family,html,true,200,true,text/html; charset=utf-8,true,false,false,244825,false,https://winningnumbers.us/states/id/lotto-america,
/states/id/lotto-america/historical,https://winningnumbers.us/states/id/lotto-america/historical,historical,html,true,200,true,text/html; charset=utf-8,true,false,false,74843,false,https://winningnumbers.us/states/id/lotto-america/historical,
/states/id/lotto-america/stats,https://winningnumbers.us/states/id/lotto-america/stats,stats,html,true,200,true,text/html; charset=utf-8,true,false,false,123382,false,https://winningnumbers.us/states/id/lotto-america/stats,
/states/id/mega-millions,https://winningnumbers.us/states/id/mega-millions,game_family,html,true,200,true,text/html; charset=utf-8,true,false,false,231446,false,https://winningnumbers.us/states/id/mega-millions,
/states/id/mega-millions/historical,https://winningnumbers.us/states/id/mega-millions/historical,historical,html,true,200,true,text/html; charset=utf-8,true,false,false,74845,false,https://winningnumbers.us/states/id/mega-millions/historical,
/states/id/mega-millions/stats,https://winningnumbers.us/states/id/mega-millions/stats,stats,html,true,200,true,text/html; charset=utf-8,true,false,false,121160,false,https://winningnumbers.us/states/id/mega-millions/stats,
/states/id/millionaire-for-life,https://winningnumbers.us/states/id/millionaire-for-life,game_family,html,true,200,true,text/html; charset=utf-8,true,false,false,234791,false,https://winningnumbers.us/states/id/millionaire-for-life,
/states/id/millionaire-for-life/historical,https://winningnumbers.us/states/id/millionaire-for-life/historical,historical,html,true,200,true,text/html; charset=utf-8,true,false,false,74991,false,https://winningnumbers.us/states/id/millionaire-for-life/historical,
/states/id/millionaire-for-life/stats,https://winningnumbers.us/states/id/millionaire-for-life/stats,stats,html,true,200,true,text/html; charset=utf-8,true,false,false,131606,false,https://winningnumbers.us/states/id/millionaire-for-life/stats,
/states/id/pick-3,https://winningnumbers.us/states/id/pick-3,game_family,html,true,200,true,text/html; charset=utf-8,true,false,false,222560,false,https://winningnumbers.us/states/id/pick-3,
/states/id/pick-3/day,https://winningnumbers.us/states/id/pick-3/day,session,html,true,200,true,text/html; charset=utf-8,true,false,false,188383,false,https://winningnumbers.us/states/id/pick-3/day,
/states/id/pick-3/historical,https://winningnumbers.us/states/id/pick-3/historical,historical,html,true,200,true,text/html; charset=utf-8,true,false,false,74698,false,https://winningnumbers.us/states/id/pick-3/historical,
/states/id/pick-3/night,https://winningnumbers.us/states/id/pick-3/night,session,html,true,200,true,text/html; charset=utf-8,true,false,false,188563,false,https://winningnumbers.us/states/id/pick-3/night,
/states/id/pick-3/stats,https://winningnumbers.us/states/id/pick-3/stats,stats,html,true,200,true,text/html; charset=utf-8,true,false,false,112670,false,https://winningnumbers.us/states/id/pick-3/stats,
/states/id/pick-4,https://winningnumbers.us/states/id/pick-4,game_family,html,true,200,true,text/html; charset=utf-8,true,false,false,232576,false,https://winningnumbers.us/states/id/pick-4,
/states/id/pick-4/day,https://winningnumbers.us/states/id/pick-4/day,session,html,true,200,true,text/html; charset=utf-8,true,false,false,197868,false,https://winningnumbers.us/states/id/pick-4/day,
/states/id/pick-4/historical,https://winningnumbers.us/states/id/pick-4/historical,historical,html,true,200,true,text/html; charset=utf-8,true,false,false,74698,false,https://winningnumbers.us/states/id/pick-4/historical,
/states/id/pick-4/night,https://winningnumbers.us/states/id/pick-4/night,session,html,true,200,true,text/html; charset=utf-8,true,false,false,198054,false,https://winningnumbers.us/states/id/pick-4/night,
/states/id/pick-4/stats,https://winningnumbers.us/states/id/pick-4/stats,stats,html,true,200,true,text/html; charset=utf-8,true,false,false,112574,false,https://winningnumbers.us/states/id/pick-4/stats,
/states/id/powerball,https://winningnumbers.us/states/id/powerball,game_family,html,true,200,true,text/html; charset=utf-8,true,false,false,240835,false,https://winningnumbers.us/states/id/powerball,
/states/id/powerball-double-play,https://winningnumbers.us/states/id/powerball-double-play,game_family,html,true,200,true,text/html; charset=utf-8,true,false,false,234603,false,https://winningnumbers.us/states/id/powerball-double-play,
/states/id/powerball-double-play/historical,https://winningnumbers.us/states/id/powerball-double-play/historical,historical,html,true,200,true,text/html; charset=utf-8,true,false,false,75003,false,https://winningnumbers.us/states/id/powerball-double-play/historical,
/states/id/powerball-double-play/stats,https://winningnumbers.us/states/id/powerball-double-play/stats,stats,html,true,200,true,text/html; charset=utf-8,true,false,false,121970,false,https://winningnumbers.us/states/id/powerball-double-play/stats,
/states/id/powerball/historical,https://winningnumbers.us/states/id/powerball/historical,historical,html,true,200,true,text/html; charset=utf-8,true,false,false,74760,false,https://winningnumbers.us/states/id/powerball/historical,
/states/id/powerball/stats,https://winningnumbers.us/states/id/powerball/stats,stats,html,true,200,true,text/html; charset=utf-8,true,false,false,121326,false,https://winningnumbers.us/states/id/powerball/stats,
/states/il,https://winningnumbers.us/states/il,state,html,true,200,true,text/html; charset=utf-8,true,false,false,235013,false,https://winningnumbers.us/states/il,
/states/il/lotto,https://winningnumbers.us/states/il/lotto,game_family,html,true,200,true,text/html; charset=utf-8,true,false,false,363649,false,https://winningnumbers.us/states/il/lotto,
/states/il/lotto/historical,https://winningnumbers.us/states/il/lotto/historical,historical,html,true,200,true,text/html; charset=utf-8,true,false,false,74676,false,https://winningnumbers.us/states/il/lotto/historical,
/states/il/lotto/stats,https://winningnumbers.us/states/il/lotto/stats,stats,html,true,200,true,text/html; charset=utf-8,true,false,false,121447,false,https://winningnumbers.us/states/il/lotto/stats,
/states/il/lucky-day-lotto,https://winningnumbers.us/states/il/lucky-day-lotto,game_family,html,true,200,true,text/html; charset=utf-8,true,false,false,250780,false,https://winningnumbers.us/states/il/lucky-day-lotto,
/states/il/lucky-day-lotto/evening,https://winningnumbers.us/states/il/lucky-day-lotto/evening,session,html,true,200,true,text/html; charset=utf-8,true,false,false,210685,false,https://winningnumbers.us/states/il/lucky-day-lotto/evening,
/states/il/lucky-day-lotto/historical,https://winningnumbers.us/states/il/lucky-day-lotto/historical,historical,html,true,200,true,text/html; charset=utf-8,true,false,false,74884,false,https://winningnumbers.us/states/il/lucky-day-lotto/historical,
/states/il/lucky-day-lotto/midday,https://winningnumbers.us/states/il/lucky-day-lotto/midday,session,html,true,200,true,text/html; charset=utf-8,true,false,false,210567,false,https://winningnumbers.us/states/il/lucky-day-lotto/midday,
/states/il/lucky-day-lotto/stats,https://winningnumbers.us/states/il/lucky-day-lotto/stats,stats,html,true,200,true,text/html; charset=utf-8,true,false,false,112924,false,https://winningnumbers.us/states/il/lucky-day-lotto/stats,
/states/il/mega-millions,https://winningnumbers.us/states/il/mega-millions,game_family,html,true,200,true,text/html; charset=utf-8,true,false,false,232306,false,https://winningnumbers.us/states/il/mega-millions,
/states/il/mega-millions/historical,https://winningnumbers.us/states/il/mega-millions/historical,historical,html,true,200,true,text/html; charset=utf-8,true,false,false,74845,false,https://winningnumbers.us/states/il/mega-millions/historical,
/states/il/mega-millions/stats,https://winningnumbers.us/states/il/mega-millions/stats,stats,html,true,200,true,text/html; charset=utf-8,true,false,false,123908,false,https://winningnumbers.us/states/il/mega-millions/stats,
/states/il/pick-3,https://winningnumbers.us/states/il/pick-3,game_family,html,true,200,true,text/html; charset=utf-8,true,false,false,244845,false,https://winningnumbers.us/states/il/pick-3,
/states/il/pick-3/evening,https://winningnumbers.us/states/il/pick-3/evening,session,html,true,200,true,text/html; charset=utf-8,true,false,false,208624,false,https://winningnumbers.us/states/il/pick-3/evening,
/states/il/pick-3/historical,https://winningnumbers.us/states/il/pick-3/historical,historical,html,true,200,true,text/html; charset=utf-8,true,false,false,74696,false,https://winningnumbers.us/states/il/pick-3/historical,
/states/il/pick-3/midday,https://winningnumbers.us/states/il/pick-3/midday,session,html,true,200,true,text/html; charset=utf-8,true,false,false,208570,false,https://winningnumbers.us/states/il/pick-3/midday,
/states/il/pick-3/stats,https://winningnumbers.us/states/il/pick-3/stats,stats,html,true,200,true,text/html; charset=utf-8,true,false,false,121471,false,https://winningnumbers.us/states/il/pick-3/stats,
/states/il/pick-4,https://winningnumbers.us/states/il/pick-4,game_family,html,true,200,true,text/html; charset=utf-8,true,false,false,254854,false,https://winningnumbers.us/states/il/pick-4,
/states/il/pick-4/evening,https://winningnumbers.us/states/il/pick-4/evening,session,html,true,200,true,text/html; charset=utf-8,true,false,false,218103,false,https://winningnumbers.us/states/il/pick-4/evening,
/states/il/pick-4/historical,https://winningnumbers.us/states/il/pick-4/historical,historical,html,true,200,true,text/html; charset=utf-8,true,false,false,74696,false,https://winningnumbers.us/states/il/pick-4/historical,
/states/il/pick-4/midday,https://winningnumbers.us/states/il/pick-4/midday,session,html,true,200,true,text/html; charset=utf-8,true,false,false,218048,false,https://winningnumbers.us/states/il/pick-4/midday,
/states/il/pick-4/stats,https://winningnumbers.us/states/il/pick-4/stats,stats,html,true,200,true,text/html; charset=utf-8,true,false,false,121444,false,https://winningnumbers.us/states/il/pick-4/stats,
/states/il/powerball,https://winningnumbers.us/states/il/powerball,game_family,html,true,200,true,text/html; charset=utf-8,true,false,false,241806,false,https://winningnumbers.us/states/il/powerball,
/states/il/powerball/historical,https://winningnumbers.us/states/il/powerball/historical,historical,html,true,200,true,text/html; charset=utf-8,true,false,false,74760,false,https://winningnumbers.us/states/il/powerball/historical,
/states/il/powerball/stats,https://winningnumbers.us/states/il/powerball/stats,stats,html,true,200,true,text/html; charset=utf-8,true,false,false,120880,false,https://winningnumbers.us/states/il/powerball/stats,
/states/in,https://winningnumbers.us/states/in,state,html,true,200,true,text/html; charset=utf-8,true,false,false,348929,false,https://winningnumbers.us/states/in,
/states/in/cash-5,https://winningnumbers.us/states/in/cash-5,game_family,html,true,200,true,text/html; charset=utf-8,true,false,false,214694,false,https://winningnumbers.us/states/in/cash-5,
/states/in/cash-5/historical,https://winningnumbers.us/states/in/cash-5/historical,historical,html,true,200,true,text/html; charset=utf-8,true,false,false,74698,false,https://winningnumbers.us/states/in/cash-5/historical,
/states/in/cash-5/stats,https://winningnumbers.us/states/in/cash-5/stats,stats,html,true,200,true,text/html; charset=utf-8,true,false,false,112701,false,https://winningnumbers.us/states/in/cash-5/stats,
/states/in/cash-pop,https://winningnumbers.us/states/in/cash-pop,game_family,html,true,200,true,text/html; charset=utf-8,true,false,false,271533,false,https://winningnumbers.us/states/in/cash-pop,
/states/in/cash-pop/afternoon,https://winningnumbers.us/states/in/cash-pop/afternoon,session,html,true,200,true,text/html; charset=utf-8,true,false,false,177478,false,https://winningnumbers.us/states/in/cash-pop/afternoon,
/states/in/cash-pop/evening,https://winningnumbers.us/states/in/cash-pop/evening,session,html,true,200,true,text/html; charset=utf-8,true,false,false,177295,false,https://winningnumbers.us/states/in/cash-pop/evening,
/states/in/cash-pop/historical,https://winningnumbers.us/states/in/cash-pop/historical,historical,html,true,200,true,text/html; charset=utf-8,true,false,false,74740,false,https://winningnumbers.us/states/in/cash-pop/historical,
/states/in/cash-pop/latenight,https://winningnumbers.us/states/in/cash-pop/latenight,session,html,true,200,true,text/html; charset=utf-8,true,false,false,177536,false,https://winningnumbers.us/states/in/cash-pop/latenight,
/states/in/cash-pop/matinee,https://winningnumbers.us/states/in/cash-pop/matinee,session,html,true,200,true,text/html; charset=utf-8,true,false,false,177282,false,https://winningnumbers.us/states/in/cash-pop/matinee,
/states/in/cash-pop/morning,https://winningnumbers.us/states/in/cash-pop/morning,session,html,true,200,true,text/html; charset=utf-8,true,false,false,177274,false,https://winningnumbers.us/states/in/cash-pop/morning,
/states/in/cash-pop/stats,https://winningnumbers.us/states/in/cash-pop/stats,stats,html,true,200,true,text/html; charset=utf-8,true,false,false,112618,false,https://winningnumbers.us/states/in/cash-pop/stats,
/states/in/daily-3,https://winningnumbers.us/states/in/daily-3,game_family,html,true,200,true,text/html; charset=utf-8,true,false,false,228347,false,https://winningnumbers.us/states/in/daily-3,
/states/in/daily-3/evening,https://winningnumbers.us/states/in/daily-3/evening,session,html,true,200,true,text/html; charset=utf-8,true,false,false,190051,false,https://winningnumbers.us/states/in/daily-3/evening,
/states/in/daily-3/historical,https://winningnumbers.us/states/in/daily-3/historical,historical,html,true,200,true,text/html; charset=utf-8,true,false,false,74719,false,https://winningnumbers.us/states/in/daily-3/historical,
/states/in/daily-3/midday,https://winningnumbers.us/states/in/daily-3/midday,session,html,true,200,true,text/html; charset=utf-8,true,false,false,189961,false,https://winningnumbers.us/states/in/daily-3/midday,
/states/in/daily-3/stats,https://winningnumbers.us/states/in/daily-3/stats,stats,html,true,200,true,text/html; charset=utf-8,true,false,false,121433,false,https://winningnumbers.us/states/in/daily-3/stats,
/states/in/daily-4,https://winningnumbers.us/states/in/daily-4,game_family,html,true,200,true,text/html; charset=utf-8,true,false,false,258563,false,https://winningnumbers.us/states/in/daily-4,
/states/in/daily-4/evening,https://winningnumbers.us/states/in/daily-4/evening,session,html,true,200,true,text/html; charset=utf-8,true,false,false,218425,false,https://winningnumbers.us/states/in/daily-4/evening,
/states/in/daily-4/historical,https://winningnumbers.us/states/in/daily-4/historical,historical,html,true,200,true,text/html; charset=utf-8,true,false,false,74719,false,https://winningnumbers.us/states/in/daily-4/historical,
/states/in/daily-4/midday,https://winningnumbers.us/states/in/daily-4/midday,session,html,true,200,true,text/html; charset=utf-8,true,false,false,218344,false,https://winningnumbers.us/states/in/daily-4/midday,
/states/in/daily-4/stats,https://winningnumbers.us/states/in/daily-4/stats,stats,html,true,200,true,text/html; charset=utf-8,true,false,false,121520,false,https://winningnumbers.us/states/in/daily-4/stats,
/states/in/hoosier-lotto,https://winningnumbers.us/states/in/hoosier-lotto,game_family,html,true,200,true,text/html; charset=utf-8,true,false,false,288337,false,https://winningnumbers.us/states/in/hoosier-lotto,
/states/in/hoosier-lotto-plus,https://winningnumbers.us/states/in/hoosier-lotto-plus,game_family,html,true,200,true,text/html; charset=utf-8,true,false,false,288557,false,https://winningnumbers.us/states/in/hoosier-lotto-plus,
/states/in/hoosier-lotto-plus/historical,https://winningnumbers.us/states/in/hoosier-lotto-plus/historical,historical,html,true,200,true,text/html; charset=utf-8,true,false,false,74949,false,https://winningnumbers.us/states/in/hoosier-lotto-plus/historical,
/states/in/hoosier-lotto-plus/stats,https://winningnumbers.us/states/in/hoosier-lotto-plus/stats,stats,html,true,200,true,text/html; charset=utf-8,true,false,false,113066,false,https://winningnumbers.us/states/in/hoosier-lotto-plus/stats,
/states/in/hoosier-lotto/historical,https://winningnumbers.us/states/in/hoosier-lotto/historical,historical,html,true,200,true,text/html; charset=utf-8,true,false,false,74845,false,https://winningnumbers.us/states/in/hoosier-lotto/historical,
/states/in/hoosier-lotto/stats,https://winningnumbers.us/states/in/hoosier-lotto/stats,stats,html,true,200,true,text/html; charset=utf-8,true,false,false,112943,false,https://winningnumbers.us/states/in/hoosier-lotto/stats,
/states/in/mega-millions,https://winningnumbers.us/states/in/mega-millions,game_family,html,true,200,true,text/html; charset=utf-8,true,false,false,231457,false,https://winningnumbers.us/states/in/mega-millions,
/states/in/mega-millions/historical,https://winningnumbers.us/states/in/mega-millions/historical,historical,html,true,200,true,text/html; charset=utf-8,true,false,false,74845,false,https://winningnumbers.us/states/in/mega-millions/historical,
/states/in/mega-millions/stats,https://winningnumbers.us/states/in/mega-millions/stats,stats,html,true,200,true,text/html; charset=utf-8,true,false,false,123893,false,https://winningnumbers.us/states/in/mega-millions/stats,
/states/in/millionaire-for-life,https://winningnumbers.us/states/in/millionaire-for-life,game_family,html,true,200,true,text/html; charset=utf-8,true,false,false,234912,false,https://winningnumbers.us/states/in/millionaire-for-life,
/states/in/millionaire-for-life/historical,https://winningnumbers.us/states/in/millionaire-for-life/historical,historical,html,true,200,true,text/html; charset=utf-8,true,false,false,74991,false,https://winningnumbers.us/states/in/millionaire-for-life/historical,
/states/in/millionaire-for-life/stats,https://winningnumbers.us/states/in/millionaire-for-life/stats,stats,html,true,200,true,text/html; charset=utf-8,true,false,false,131638,false,https://winningnumbers.us/states/in/millionaire-for-life/stats,
/states/in/powerball,https://winningnumbers.us/states/in/powerball,game_family,html,true,200,true,text/html; charset=utf-8,true,false,false,241044,false,https://winningnumbers.us/states/in/powerball,
/states/in/powerball-double-play,https://winningnumbers.us/states/in/powerball-double-play,game_family,html,true,200,true,text/html; charset=utf-8,true,false,false,234710,false,https://winningnumbers.us/states/in/powerball-double-play,
/states/in/powerball-double-play/historical,https://winningnumbers.us/states/in/powerball-double-play/historical,historical,html,true,200,true,text/html; charset=utf-8,true,false,false,75003,false,https://winningnumbers.us/states/in/powerball-double-play/historical,
/states/in/powerball-double-play/stats,https://winningnumbers.us/states/in/powerball-double-play/stats,stats,html,true,200,true,text/html; charset=utf-8,true,false,false,125172,false,https://winningnumbers.us/states/in/powerball-double-play/stats,
/states/in/powerball/historical,https://winningnumbers.us/states/in/powerball/historical,historical,html,true,200,true,text/html; charset=utf-8,true,false,false,74760,false,https://winningnumbers.us/states/in/powerball/historical,
/states/in/powerball/stats,https://winningnumbers.us/states/in/powerball/stats,stats,html,true,200,true,text/html; charset=utf-8,true,false,false,121317,false,https://winningnumbers.us/states/in/powerball/stats,
/states/in/quick-draw,https://winningnumbers.us/states/in/quick-draw,game_family,html,true,200,true,text/html; charset=utf-8,true,false,false,480356,false,https://winningnumbers.us/states/in/quick-draw,
/states/in/quick-draw/evening,https://winningnumbers.us/states/in/quick-draw/evening,session,html,true,200,true,text/html; charset=utf-8,true,false,false,391892,false,https://winningnumbers.us/states/in/quick-draw/evening,
/states/in/quick-draw/historical,https://winningnumbers.us/states/in/quick-draw/historical,historical,html,true,200,true,text/html; charset=utf-8,true,false,false,74782,false,https://winningnumbers.us/states/in/quick-draw/historical,
/states/in/quick-draw/midday,https://winningnumbers.us/states/in/quick-draw/midday,session,html,true,200,true,text/html; charset=utf-8,true,false,false,391807,false,https://winningnumbers.us/states/in/quick-draw/midday,
/states/in/quick-draw/stats,https://winningnumbers.us/states/in/quick-draw/stats,stats,html,true,200,true,text/html; charset=utf-8,true,false,false,112860,false,https://winningnumbers.us/states/in/quick-draw/stats,
/states/ks,https://winningnumbers.us/states/ks,state,html,true,200,true,text/html; charset=utf-8,true,false,false,234163,false,https://winningnumbers.us/states/ks,
/states/ks/2by2,https://winningnumbers.us/states/ks/2by2,game_family,html,true,200,true,text/html; charset=utf-8,true,false,false,196776,false,https://winningnumbers.us/states/ks/2by2,
/states/ks/2by2/historical,https://winningnumbers.us/states/ks/2by2/historical,historical,html,true,200,true,text/html; charset=utf-8,true,false,false,74657,false,https://winningnumbers.us/states/ks/2by2/historical,
/states/ks/2by2/stats,https://winningnumbers.us/states/ks/2by2/stats,stats,html,true,200,true,text/html; charset=utf-8,true,false,false,92255,false,https://winningnumbers.us/states/ks/2by2/stats,
/states/ks/lotto-america,https://winningnumbers.us/states/ks/lotto-america,game_family,html,true,200,true,text/html; charset=utf-8,true,false,false,244575,false,https://winningnumbers.us/states/ks/lotto-america,
/states/ks/lotto-america/historical,https://winningnumbers.us/states/ks/lotto-america/historical,historical,html,true,200,true,text/html; charset=utf-8,true,false,false,74843,false,https://winningnumbers.us/states/ks/lotto-america/historical,
/states/ks/lotto-america/stats,https://winningnumbers.us/states/ks/lotto-america/stats,stats,html,true,200,true,text/html; charset=utf-8,true,false,false,123387,false,https://winningnumbers.us/states/ks/lotto-america/stats,
/states/ks/mega-millions,https://winningnumbers.us/states/ks/mega-millions,game_family,html,true,200,true,text/html; charset=utf-8,true,false,false,231470,false,https://winningnumbers.us/states/ks/mega-millions,
/states/ks/mega-millions/historical,https://winningnumbers.us/states/ks/mega-millions/historical,historical,html,true,200,true,text/html; charset=utf-8,true,false,false,74845,false,https://winningnumbers.us/states/ks/mega-millions/historical,
/states/ks/mega-millions/stats,https://winningnumbers.us/states/ks/mega-millions/stats,stats,html,true,200,true,text/html; charset=utf-8,true,false,false,121177,false,https://winningnumbers.us/states/ks/mega-millions/stats,
/states/ks/millionaire-for-life,https://winningnumbers.us/states/ks/millionaire-for-life,game_family,html,true,200,true,text/html; charset=utf-8,true,false,false,235193,false,https://winningnumbers.us/states/ks/millionaire-for-life,
/states/ks/millionaire-for-life/historical,https://winningnumbers.us/states/ks/millionaire-for-life/historical,historical,html,true,200,true,text/html; charset=utf-8,true,false,false,74991,false,https://winningnumbers.us/states/ks/millionaire-for-life/historical,
/states/ks/millionaire-for-life/stats,https://winningnumbers.us/states/ks/millionaire-for-life/stats,stats,html,true,200,true,text/html; charset=utf-8,true,false,false,131619,false,https://winningnumbers.us/states/ks/millionaire-for-life/stats,
/states/ks/pick-3,https://winningnumbers.us/states/ks/pick-3,game_family,html,true,200,true,text/html; charset=utf-8,true,false,false,224010,false,https://winningnumbers.us/states/ks/pick-3,
/states/ks/pick-3/evening,https://winningnumbers.us/states/ks/pick-3/evening,session,html,true,200,true,text/html; charset=utf-8,true,false,false,189259,false,https://winningnumbers.us/states/ks/pick-3/evening,
/states/ks/pick-3/historical,https://winningnumbers.us/states/ks/pick-3/historical,historical,html,true,200,true,text/html; charset=utf-8,true,false,false,74698,false,https://winningnumbers.us/states/ks/pick-3/historical,
/states/ks/pick-3/midday,https://winningnumbers.us/states/ks/pick-3/midday,session,html,true,200,true,text/html; charset=utf-8,true,false,false,189194,false,https://winningnumbers.us/states/ks/pick-3/midday,
/states/ks/pick-3/stats,https://winningnumbers.us/states/ks/pick-3/stats,stats,html,true,200,true,text/html; charset=utf-8,true,false,false,112676,false,https://winningnumbers.us/states/ks/pick-3/stats,
/states/ks/powerball,https://winningnumbers.us/states/ks/powerball,game_family,html,true,200,true,text/html; charset=utf-8,true,false,false,240716,false,https://winningnumbers.us/states/ks/powerball,
/states/ks/powerball-double-play,https://winningnumbers.us/states/ks/powerball-double-play,game_family,html,true,200,true,text/html; charset=utf-8,true,false,false,234755,false,https://winningnumbers.us/states/ks/powerball-double-play,
/states/ks/powerball-double-play/historical,https://winningnumbers.us/states/ks/powerball-double-play/historical,historical,html,true,200,true,text/html; charset=utf-8,true,false,false,75003,false,https://winningnumbers.us/states/ks/powerball-double-play/historical,
/states/ks/powerball-double-play/stats,https://winningnumbers.us/states/ks/powerball-double-play/stats,stats,html,true,200,true,text/html; charset=utf-8,true,false,false,121832,false,https://winningnumbers.us/states/ks/powerball-double-play/stats,
/states/ks/powerball/historical,https://winningnumbers.us/states/ks/powerball/historical,historical,html,true,200,true,text/html; charset=utf-8,true,false,false,74760,false,https://winningnumbers.us/states/ks/powerball/historical,
/states/ks/powerball/stats,https://winningnumbers.us/states/ks/powerball/stats,stats,html,true,200,true,text/html; charset=utf-8,true,false,false,121452,false,https://winningnumbers.us/states/ks/powerball/stats,
/states/ks/super-kansas-cash,https://winningnumbers.us/states/ks/super-kansas-cash,game_family,html,true,200,true,text/html; charset=utf-8,true,false,false,234489,false,https://winningnumbers.us/states/ks/super-kansas-cash,
/states/ks/super-kansas-cash/historical,https://winningnumbers.us/states/ks/super-kansas-cash/historical,historical,html,true,200,true,text/html; charset=utf-8,true,false,false,74928,false,https://winningnumbers.us/states/ks/super-kansas-cash/historical,
/states/ks/super-kansas-cash/stats,https://winningnumbers.us/states/ks/super-kansas-cash/stats,stats,html,true,200,true,text/html; charset=utf-8,true,false,false,121848,false,https://winningnumbers.us/states/ks/super-kansas-cash/stats,
/states/ky,https://winningnumbers.us/states/ky,state,html,true,200,true,text/html; charset=utf-8,true,false,false,229385,false,https://winningnumbers.us/states/ky,
/states/ky/cash-ball-225,https://winningnumbers.us/states/ky/cash-ball-225,game_family,html,true,200,true,text/html; charset=utf-8,true,false,false,224278,false,https://winningnumbers.us/states/ky/cash-ball-225,
/states/ky/cash-ball-225/historical,https://winningnumbers.us/states/ky/cash-ball-225/historical,historical,html,true,200,true,text/html; charset=utf-8,true,false,false,74844,false,https://winningnumbers.us/states/ky/cash-ball-225/historical,
/states/ky/cash-ball-225/stats,https://winningnumbers.us/states/ky/cash-ball-225/stats,stats,html,true,200,true,text/html; charset=utf-8,true,false,false,121752,false,https://winningnumbers.us/states/ky/cash-ball-225/stats,
/states/ky/mega-millions,https://winningnumbers.us/states/ky/mega-millions,game_family,html,true,200,true,text/html; charset=utf-8,true,false,false,232561,false,https://winningnumbers.us/states/ky/mega-millions,
/states/ky/mega-millions/historical,https://winningnumbers.us/states/ky/mega-millions/historical,historical,html,true,200,true,text/html; charset=utf-8,true,false,false,74845,false,https://winningnumbers.us/states/ky/mega-millions/historical,
/states/ky/mega-millions/stats,https://winningnumbers.us/states/ky/mega-millions/stats,stats,html,true,200,true,text/html; charset=utf-8,true,false,false,121431,false,https://winningnumbers.us/states/ky/mega-millions/stats,
/states/ky/millionaire-for-life,https://winningnumbers.us/states/ky/millionaire-for-life,game_family,html,true,200,true,text/html; charset=utf-8,true,false,false,234560,false,https://winningnumbers.us/states/ky/millionaire-for-life,
/states/ky/millionaire-for-life/historical,https://winningnumbers.us/states/ky/millionaire-for-life/historical,historical,html,true,200,true,text/html; charset=utf-8,true,false,false,74991,false,https://winningnumbers.us/states/ky/millionaire-for-life/historical,
/states/ky/millionaire-for-life/stats,https://winningnumbers.us/states/ky/millionaire-for-life/stats,stats,html,true,200,true,text/html; charset=utf-8,true,false,false,131583,false,https://winningnumbers.us/states/ky/millionaire-for-life/stats,
/states/ky/pick-3,https://winningnumbers.us/states/ky/pick-3,game_family,html,true,200,true,text/html; charset=utf-8,true,false,false,223012,false,https://winningnumbers.us/states/ky/pick-3,
/states/ky/pick-3/evening,https://winningnumbers.us/states/ky/pick-3/evening,session,html,true,200,true,text/html; charset=utf-8,true,false,false,188811,false,https://winningnumbers.us/states/ky/pick-3/evening,
/states/ky/pick-3/historical,https://winningnumbers.us/states/ky/pick-3/historical,historical,html,true,200,true,text/html; charset=utf-8,true,false,false,74698,false,https://winningnumbers.us/states/ky/pick-3/historical,
/states/ky/pick-3/midday,https://winningnumbers.us/states/ky/pick-3/midday,session,html,true,200,true,text/html; charset=utf-8,true,false,false,188704,false,https://winningnumbers.us/states/ky/pick-3/midday,
/states/ky/pick-3/stats,https://winningnumbers.us/states/ky/pick-3/stats,stats,html,true,200,true,text/html; charset=utf-8,true,false,false,112579,false,https://winningnumbers.us/states/ky/pick-3/stats,
/states/ky/pick-4,https://winningnumbers.us/states/ky/pick-4,game_family,html,true,200,true,text/html; charset=utf-8,true,false,false,233002,false,https://winningnumbers.us/states/ky/pick-4,
/states/ky/pick-4/evening,https://winningnumbers.us/states/ky/pick-4/evening,session,html,true,200,true,text/html; charset=utf-8,true,false,false,198292,false,https://winningnumbers.us/states/ky/pick-4/evening,
/states/ky/pick-4/historical,https://winningnumbers.us/states/ky/pick-4/historical,historical,html,true,200,true,text/html; charset=utf-8,true,false,false,74698,false,https://winningnumbers.us/states/ky/pick-4/historical,
/states/ky/pick-4/midday,https://winningnumbers.us/states/ky/pick-4/midday,session,html,true,200,true,text/html; charset=utf-8,true,false,false,198163,false,https://winningnumbers.us/states/ky/pick-4/midday,
/states/ky/pick-4/stats,https://winningnumbers.us/states/ky/pick-4/stats,stats,html,true,200,true,text/html; charset=utf-8,true,false,false,112707,false,https://winningnumbers.us/states/ky/pick-4/stats,
/states/ky/powerball,https://winningnumbers.us/states/ky/powerball,game_family,html,true,200,true,text/html; charset=utf-8,true,false,false,242230,false,https://winningnumbers.us/states/ky/powerball,
/states/ky/powerball-double-play,https://winningnumbers.us/states/ky/powerball-double-play,game_family,html,true,200,true,text/html; charset=utf-8,true,false,false,235804,false,https://winningnumbers.us/states/ky/powerball-double-play,
/states/ky/powerball-double-play/historical,https://winningnumbers.us/states/ky/powerball-double-play/historical,historical,html,true,200,true,text/html; charset=utf-8,true,false,false,75003,false,https://winningnumbers.us/states/ky/powerball-double-play/historical,
/states/ky/powerball-double-play/stats,https://winningnumbers.us/states/ky/powerball-double-play/stats,stats,html,true,200,true,text/html; charset=utf-8,true,false,false,121837,false,https://winningnumbers.us/states/ky/powerball-double-play/stats,
/states/ky/powerball/historical,https://winningnumbers.us/states/ky/powerball/historical,historical,html,true,200,true,text/html; charset=utf-8,true,false,false,74760,false,https://winningnumbers.us/states/ky/powerball/historical,
/states/ky/powerball/stats,https://winningnumbers.us/states/ky/powerball/stats,stats,html,true,200,true,text/html; charset=utf-8,true,false,false,124530,false,https://winningnumbers.us/states/ky/powerball/stats,
/states/la,https://winningnumbers.us/states/la,state,html,true,200,true,text/html; charset=utf-8,true,false,false,203371,false,https://winningnumbers.us/states/la,
/states/la/easy-5,https://winningnumbers.us/states/la/easy-5,game_family,html,true,200,true,text/html; charset=utf-8,true,false,false,214709,false,https://winningnumbers.us/states/la/easy-5,
/states/la/easy-5/historical,https://winningnumbers.us/states/la/easy-5/historical,historical,html,true,200,true,text/html; charset=utf-8,true,false,false,74698,false,https://winningnumbers.us/states/la/easy-5/historical,
/states/la/easy-5/stats,https://winningnumbers.us/states/la/easy-5/stats,stats,html,true,200,true,text/html; charset=utf-8,true,false,false,112730,false,https://winningnumbers.us/states/la/easy-5/stats,
/states/la/lotto,https://winningnumbers.us/states/la/lotto,game_family,html,true,200,true,text/html; charset=utf-8,true,false,false,224240,false,https://winningnumbers.us/states/la/lotto,
/states/la/lotto/historical,https://winningnumbers.us/states/la/lotto/historical,historical,html,true,200,true,text/html; charset=utf-8,true,false,false,74678,false,https://winningnumbers.us/states/la/lotto/historical,
/states/la/lotto/stats,https://winningnumbers.us/states/la/lotto/stats,stats,html,true,200,true,text/html; charset=utf-8,true,false,false,112697,false,https://winningnumbers.us/states/la/lotto/stats,
/states/la/mega-millions,https://winningnumbers.us/states/la/mega-millions,game_family,html,true,200,true,text/html; charset=utf-8,true,false,false,232748,false,https://winningnumbers.us/states/la/mega-millions,
/states/la/mega-millions/historical,https://winningnumbers.us/states/la/mega-millions/historical,historical,html,true,200,true,text/html; charset=utf-8,true,false,false,74845,false,https://winningnumbers.us/states/la/mega-millions/historical,
/states/la/mega-millions/stats,https://winningnumbers.us/states/la/mega-millions/stats,stats,html,true,200,true,text/html; charset=utf-8,true,false,false,121220,false,https://winningnumbers.us/states/la/mega-millions/stats,
/states/la/pick-3,https://winningnumbers.us/states/la/pick-3,game_family,html,true,200,true,text/html; charset=utf-8,true,false,false,191100,false,https://winningnumbers.us/states/la/pick-3,
/states/la/pick-3/historical,https://winningnumbers.us/states/la/pick-3/historical,historical,html,true,200,true,text/html; charset=utf-8,true,false,false,74698,false,https://winningnumbers.us/states/la/pick-3/historical,
/states/la/pick-3/stats,https://winningnumbers.us/states/la/pick-3/stats,stats,html,true,200,true,text/html; charset=utf-8,true,false,false,112745,false,https://winningnumbers.us/states/la/pick-3/stats,
/states/la/pick-4,https://winningnumbers.us/states/la/pick-4,game_family,html,true,200,true,text/html; charset=utf-8,true,false,false,200503,false,https://winningnumbers.us/states/la/pick-4,
/states/la/pick-4/historical,https://winningnumbers.us/states/la/pick-4/historical,historical,html,true,200,true,text/html; charset=utf-8,true,false,false,74698,false,https://winningnumbers.us/states/la/pick-4/historical,
/states/la/pick-4/stats,https://winningnumbers.us/states/la/pick-4/stats,stats,html,true,200,true,text/html; charset=utf-8,true,false,false,112753,false,https://winningnumbers.us/states/la/pick-4/stats,
/states/la/pick-5,https://winningnumbers.us/states/la/pick-5,game_family,html,true,200,true,text/html; charset=utf-8,true,false,false,210098,false,https://winningnumbers.us/states/la/pick-5,
/states/la/pick-5/historical,https://winningnumbers.us/states/la/pick-5/historical,historical,html,true,200,true,text/html; charset=utf-8,true,false,false,74698,false,https://winningnumbers.us/states/la/pick-5/historical,
/states/la/pick-5/stats,https://winningnumbers.us/states/la/pick-5/stats,stats,html,true,200,true,text/html; charset=utf-8,true,false,false,112752,false,https://winningnumbers.us/states/la/pick-5/stats,
/states/la/powerball,https://winningnumbers.us/states/la/powerball,game_family,html,true,200,true,text/html; charset=utf-8,true,false,false,242367,false,https://winningnumbers.us/states/la/powerball,
/states/la/powerball/historical,https://winningnumbers.us/states/la/powerball/historical,historical,html,true,200,true,text/html; charset=utf-8,true,false,false,74760,false,https://winningnumbers.us/states/la/powerball/historical,
/states/la/powerball/stats,https://winningnumbers.us/states/la/powerball/stats,stats,html,true,200,true,text/html; charset=utf-8,true,false,false,121386,false,https://winningnumbers.us/states/la/powerball/stats,
/states/ma,https://winningnumbers.us/states/ma,state,html,true,200,true,text/html; charset=utf-8,true,false,false,212721,false,https://winningnumbers.us/states/ma,
/states/ma/mass-cash,https://winningnumbers.us/states/ma/mass-cash,game_family,html,true,200,true,text/html; charset=utf-8,true,false,false,248370,false,https://winningnumbers.us/states/ma/mass-cash,
/states/ma/mass-cash/evening,https://winningnumbers.us/states/ma/mass-cash/evening,session,html,true,200,true,text/html; charset=utf-8,true,false,false,209011,false,https://winningnumbers.us/states/ma/mass-cash/evening,
/states/ma/mass-cash/historical,https://winningnumbers.us/states/ma/mass-cash/historical,historical,html,true,200,true,text/html; charset=utf-8,true,false,false,74761,false,https://winningnumbers.us/states/ma/mass-cash/historical,
/states/ma/mass-cash/midday,https://winningnumbers.us/states/ma/mass-cash/midday,session,html,true,200,true,text/html; charset=utf-8,true,false,false,208913,false,https://winningnumbers.us/states/ma/mass-cash/midday,
/states/ma/mass-cash/stats,https://winningnumbers.us/states/ma/mass-cash/stats,stats,html,true,200,true,text/html; charset=utf-8,true,false,false,112915,false,https://winningnumbers.us/states/ma/mass-cash/stats,
/states/ma/mega-millions,https://winningnumbers.us/states/ma/mega-millions,game_family,html,true,200,true,text/html; charset=utf-8,true,false,false,231990,false,https://winningnumbers.us/states/ma/mega-millions,
/states/ma/mega-millions/historical,https://winningnumbers.us/states/ma/mega-millions/historical,historical,html,true,200,true,text/html; charset=utf-8,true,false,false,74845,false,https://winningnumbers.us/states/ma/mega-millions/historical,
/states/ma/mega-millions/stats,https://winningnumbers.us/states/ma/mega-millions/stats,stats,html,true,200,true,text/html; charset=utf-8,true,false,false,121280,false,https://winningnumbers.us/states/ma/mega-millions/stats,
/states/ma/megabucks,https://winningnumbers.us/states/ma/megabucks,game_family,html,true,200,true,text/html; charset=utf-8,true,false,false,225676,false,https://winningnumbers.us/states/ma/megabucks,
/states/ma/megabucks/historical,https://winningnumbers.us/states/ma/megabucks/historical,historical,html,true,200,true,text/html; charset=utf-8,true,false,false,74762,false,https://winningnumbers.us/states/ma/megabucks/historical,
/states/ma/megabucks/stats,https://winningnumbers.us/states/ma/megabucks/stats,stats,html,true,200,true,text/html; charset=utf-8,true,false,false,112868,false,https://winningnumbers.us/states/ma/megabucks/stats,
/states/ma/millionaire-for-life,https://winningnumbers.us/states/ma/millionaire-for-life,game_family,html,true,200,true,text/html; charset=utf-8,true,false,false,235233,false,https://winningnumbers.us/states/ma/millionaire-for-life,
/states/ma/millionaire-for-life/historical,https://winningnumbers.us/states/ma/millionaire-for-life/historical,historical,html,true,200,true,text/html; charset=utf-8,true,false,false,74991,false,https://winningnumbers.us/states/ma/millionaire-for-life/historical,
/states/ma/millionaire-for-life/stats,https://winningnumbers.us/states/ma/millionaire-for-life/stats,stats,html,true,200,true,text/html; charset=utf-8,true,false,false,131728,false,https://winningnumbers.us/states/ma/millionaire-for-life/stats,
/states/ma/numbers-game,https://winningnumbers.us/states/ma/numbers-game,game_family,html,true,200,true,text/html; charset=utf-8,true,false,false,238446,false,https://winningnumbers.us/states/ma/numbers-game,
/states/ma/numbers-game/evening,https://winningnumbers.us/states/ma/numbers-game/evening,session,html,true,200,true,text/html; charset=utf-8,true,false,false,199614,false,https://winningnumbers.us/states/ma/numbers-game/evening,
/states/ma/numbers-game/historical,https://winningnumbers.us/states/ma/numbers-game/historical,historical,html,true,200,true,text/html; charset=utf-8,true,false,false,74824,false,https://winningnumbers.us/states/ma/numbers-game/historical,
/states/ma/numbers-game/midday,https://winningnumbers.us/states/ma/numbers-game/midday,session,html,true,200,true,text/html; charset=utf-8,true,false,false,199541,false,https://winningnumbers.us/states/ma/numbers-game/midday,
/states/ma/numbers-game/stats,https://winningnumbers.us/states/ma/numbers-game/stats,stats,html,true,200,true,text/html; charset=utf-8,true,false,false,113012,false,https://winningnumbers.us/states/ma/numbers-game/stats,
/states/ma/powerball,https://winningnumbers.us/states/ma/powerball,game_family,html,true,200,true,text/html; charset=utf-8,true,false,false,241572,false,https://winningnumbers.us/states/ma/powerball,
/states/ma/powerball/historical,https://winningnumbers.us/states/ma/powerball/historical,historical,html,true,200,true,text/html; charset=utf-8,true,false,false,74760,false,https://winningnumbers.us/states/ma/powerball/historical,
/states/ma/powerball/stats,https://winningnumbers.us/states/ma/powerball/stats,stats,html,true,200,true,text/html; charset=utf-8,true,false,false,121446,false,https://winningnumbers.us/states/ma/powerball/stats,
/states/md,https://winningnumbers.us/states/md,state,html,true,200,true,text/html; charset=utf-8,true,false,false,295784,false,https://winningnumbers.us/states/md,
/states/md/bonus-match-5,https://winningnumbers.us/states/md/bonus-match-5,game_family,html,true,200,true,text/html; charset=utf-8,true,false,false,233657,false,https://winningnumbers.us/states/md/bonus-match-5,
/states/md/bonus-match-5/historical,https://winningnumbers.us/states/md/bonus-match-5/historical,historical,html,true,200,true,text/html; charset=utf-8,true,false,false,74842,false,https://winningnumbers.us/states/md/bonus-match-5/historical,
/states/md/bonus-match-5/stats,https://winningnumbers.us/states/md/bonus-match-5/stats,stats,html,true,200,true,text/html; charset=utf-8,true,false,false,121678,false,https://winningnumbers.us/states/md/bonus-match-5/stats,
/states/md/cash-pop,https://winningnumbers.us/states/md/cash-pop,game_family,html,true,200,true,text/html; charset=utf-8,true,false,false,248801,false,https://winningnumbers.us/states/md/cash-pop,
/states/md/cash-pop/11pm,https://winningnumbers.us/states/md/cash-pop/11pm,session,html,true,200,true,text/html; charset=utf-8,true,false,false,174564,false,https://winningnumbers.us/states/md/cash-pop/11pm,
/states/md/cash-pop/1pm,https://winningnumbers.us/states/md/cash-pop/1pm,session,html,true,200,true,text/html; charset=utf-8,true,false,false,174494,false,https://winningnumbers.us/states/md/cash-pop/1pm,
/states/md/cash-pop/6pm,https://winningnumbers.us/states/md/cash-pop/6pm,session,html,true,200,true,text/html; charset=utf-8,true,false,false,174475,false,https://winningnumbers.us/states/md/cash-pop/6pm,
/states/md/cash-pop/9am,https://winningnumbers.us/states/md/cash-pop/9am,session,html,true,200,true,text/html; charset=utf-8,true,false,false,174497,false,https://winningnumbers.us/states/md/cash-pop/9am,
/states/md/cash-pop/historical,https://winningnumbers.us/states/md/cash-pop/historical,historical,html,true,200,true,text/html; charset=utf-8,true,false,false,74740,false,https://winningnumbers.us/states/md/cash-pop/historical,
/states/md/cash-pop/stats,https://winningnumbers.us/states/md/cash-pop/stats,stats,html,true,200,true,text/html; charset=utf-8,true,false,false,112771,false,https://winningnumbers.us/states/md/cash-pop/stats,
/states/md/mega-millions,https://winningnumbers.us/states/md/mega-millions,game_family,html,true,200,true,text/html; charset=utf-8,true,false,false,231476,false,https://winningnumbers.us/states/md/mega-millions,
/states/md/mega-millions/historical,https://winningnumbers.us/states/md/mega-millions/historical,historical,html,true,200,true,text/html; charset=utf-8,true,false,false,74845,false,https://winningnumbers.us/states/md/mega-millions/historical,
/states/md/mega-millions/stats,https://winningnumbers.us/states/md/mega-millions/stats,stats,html,true,200,true,text/html; charset=utf-8,true,false,false,121205,false,https://winningnumbers.us/states/md/mega-millions/stats,
/states/md/multimatch,https://winningnumbers.us/states/md/multimatch,game_family,html,true,200,true,text/html; charset=utf-8,true,false,false,223381,false,https://winningnumbers.us/states/md/multimatch,
/states/md/multimatch/historical,https://winningnumbers.us/states/md/multimatch/historical,historical,html,true,200,true,text/html; charset=utf-8,true,false,false,74781,false,https://winningnumbers.us/states/md/multimatch/historical,
/states/md/multimatch/stats,https://winningnumbers.us/states/md/multimatch/stats,stats,html,true,200,true,text/html; charset=utf-8,true,false,false,112841,false,https://winningnumbers.us/states/md/multimatch/stats,
/states/md/pick-3,https://winningnumbers.us/states/md/pick-3,game_family,html,true,200,true,text/html; charset=utf-8,true,false,false,223270,false,https://winningnumbers.us/states/md/pick-3,
/states/md/pick-3/evening,https://winningnumbers.us/states/md/pick-3/evening,session,html,true,200,true,text/html; charset=utf-8,true,false,false,188940,false,https://winningnumbers.us/states/md/pick-3/evening,
/states/md/pick-3/historical,https://winningnumbers.us/states/md/pick-3/historical,historical,html,true,200,true,text/html; charset=utf-8,true,false,false,74696,false,https://winningnumbers.us/states/md/pick-3/historical,
/states/md/pick-3/midday,https://winningnumbers.us/states/md/pick-3/midday,session,html,true,200,true,text/html; charset=utf-8,true,false,false,188859,false,https://winningnumbers.us/states/md/pick-3/midday,
/states/md/pick-3/stats,https://winningnumbers.us/states/md/pick-3/stats,stats,html,true,200,true,text/html; charset=utf-8,true,false,false,112627,false,https://winningnumbers.us/states/md/pick-3/stats,
/states/md/pick-4,https://winningnumbers.us/states/md/pick-4,game_family,html,true,200,true,text/html; charset=utf-8,true,false,false,233280,false,https://winningnumbers.us/states/md/pick-4,
/states/md/pick-4/evening,https://winningnumbers.us/states/md/pick-4/evening,session,html,true,200,true,text/html; charset=utf-8,true,false,false,198427,false,https://winningnumbers.us/states/md/pick-4/evening,
/states/md/pick-4/historical,https://winningnumbers.us/states/md/pick-4/historical,historical,html,true,200,true,text/html; charset=utf-8,true,false,false,74696,false,https://winningnumbers.us/states/md/pick-4/historical,
/states/md/pick-4/midday,https://winningnumbers.us/states/md/pick-4/midday,session,html,true,200,true,text/html; charset=utf-8,true,false,false,198338,false,https://winningnumbers.us/states/md/pick-4/midday,
/states/md/pick-4/stats,https://winningnumbers.us/states/md/pick-4/stats,stats,html,true,200,true,text/html; charset=utf-8,true,false,false,112732,false,https://winningnumbers.us/states/md/pick-4/stats,
/states/md/pick-5,https://winningnumbers.us/states/md/pick-5,game_family,html,true,200,true,text/html; charset=utf-8,true,false,false,243530,false,https://winningnumbers.us/states/md/pick-5,
/states/md/pick-5/evening,https://winningnumbers.us/states/md/pick-5/evening,session,html,true,200,true,text/html; charset=utf-8,true,false,false,207901,false,https://winningnumbers.us/states/md/pick-5/evening,
/states/md/pick-5/historical,https://winningnumbers.us/states/md/pick-5/historical,historical,html,true,200,true,text/html; charset=utf-8,true,false,false,74696,false,https://winningnumbers.us/states/md/pick-5/historical,
/states/md/pick-5/midday,https://winningnumbers.us/states/md/pick-5/midday,session,html,true,200,true,text/html; charset=utf-8,true,false,false,207810,false,https://winningnumbers.us/states/md/pick-5/midday,
/states/md/pick-5/stats,https://winningnumbers.us/states/md/pick-5/stats,stats,html,true,200,true,text/html; charset=utf-8,true,false,false,112737,false,https://winningnumbers.us/states/md/pick-5/stats,
/states/md/powerball,https://winningnumbers.us/states/md/powerball,game_family,html,true,200,true,text/html; charset=utf-8,true,false,false,240923,false,https://winningnumbers.us/states/md/powerball,
/states/md/powerball-double-play,https://winningnumbers.us/states/md/powerball-double-play,game_family,html,true,200,true,text/html; charset=utf-8,true,false,false,234695,false,https://winningnumbers.us/states/md/powerball-double-play,
/states/md/powerball-double-play/historical,https://winningnumbers.us/states/md/powerball-double-play/historical,historical,html,true,200,true,text/html; charset=utf-8,true,false,false,75003,false,https://winningnumbers.us/states/md/powerball-double-play/historical,
/states/md/powerball-double-play/stats,https://winningnumbers.us/states/md/powerball-double-play/stats,stats,html,true,200,true,text/html; charset=utf-8,true,false,false,122014,false,https://winningnumbers.us/states/md/powerball-double-play/stats,
/states/md/powerball/historical,https://winningnumbers.us/states/md/powerball/historical,historical,html,true,200,true,text/html; charset=utf-8,true,false,false,74760,false,https://winningnumbers.us/states/md/powerball/historical,
/states/md/powerball/stats,https://winningnumbers.us/states/md/powerball/stats,stats,html,true,200,true,text/html; charset=utf-8,true,false,false,121371,false,https://winningnumbers.us/states/md/powerball/stats,
/states/me,https://winningnumbers.us/states/me,state,html,true,200,true,text/html; charset=utf-8,true,false,false,311033,false,https://winningnumbers.us/states/me,
/states/me/cash-pop,https://winningnumbers.us/states/me/cash-pop,game_family,html,true,200,true,text/html; charset=utf-8,true,false,false,271700,false,https://winningnumbers.us/states/me/cash-pop,
/states/me/cash-pop/brunch,https://winningnumbers.us/states/me/cash-pop/brunch,session,html,true,200,true,text/html; charset=utf-8,true,false,false,177175,false,https://winningnumbers.us/states/me/cash-pop/brunch,
/states/me/cash-pop/earlybird,https://winningnumbers.us/states/me/cash-pop/earlybird,session,html,true,200,true,text/html; charset=utf-8,true,false,false,177511,false,https://winningnumbers.us/states/me/cash-pop/earlybird,
/states/me/cash-pop/historical,https://winningnumbers.us/states/me/cash-pop/historical,historical,html,true,200,true,text/html; charset=utf-8,true,false,false,74741,false,https://winningnumbers.us/states/me/cash-pop/historical,
/states/me/cash-pop/matinee,https://winningnumbers.us/states/me/cash-pop/matinee,session,html,true,200,true,text/html; charset=utf-8,true,false,false,177284,false,https://winningnumbers.us/states/me/cash-pop/matinee,
/states/me/cash-pop/nightowl,https://winningnumbers.us/states/me/cash-pop/nightowl,session,html,true,200,true,text/html; charset=utf-8,true,false,false,177452,false,https://winningnumbers.us/states/me/cash-pop/nightowl,
/states/me/cash-pop/stats,https://winningnumbers.us/states/me/cash-pop/stats,stats,html,true,200,true,text/html; charset=utf-8,true,false,false,112703,false,https://winningnumbers.us/states/me/cash-pop/stats,
/states/me/cash-pop/suppertime,https://winningnumbers.us/states/me/cash-pop/suppertime,session,html,true,200,true,text/html; charset=utf-8,true,false,false,177558,false,https://winningnumbers.us/states/me/cash-pop/suppertime,
/states/me/gimme-5,https://winningnumbers.us/states/me/gimme-5,game_family,html,true,200,true,text/html; charset=utf-8,true,false,false,213452,false,https://winningnumbers.us/states/me/gimme-5,
/states/me/gimme-5/historical,https://winningnumbers.us/states/me/gimme-5/historical,historical,html,true,200,true,text/html; charset=utf-8,true,false,false,74721,false,https://winningnumbers.us/states/me/gimme-5/historical,
/states/me/gimme-5/stats,https://winningnumbers.us/states/me/gimme-5/stats,stats,html,true,200,true,text/html; charset=utf-8,true,false,false,112718,false,https://winningnumbers.us/states/me/gimme-5/stats,
/states/me/lotto-america,https://winningnumbers.us/states/me/lotto-america,game_family,html,true,200,true,text/html; charset=utf-8,true,false,false,243834,false,https://winningnumbers.us/states/me/lotto-america,
/states/me/lotto-america/historical,https://winningnumbers.us/states/me/lotto-america/historical,historical,html,true,200,true,text/html; charset=utf-8,true,false,false,74843,false,https://winningnumbers.us/states/me/lotto-america/historical,
/states/me/lotto-america/stats,https://winningnumbers.us/states/me/lotto-america/stats,stats,html,true,200,true,text/html; charset=utf-8,true,false,false,123378,false,https://winningnumbers.us/states/me/lotto-america/stats,
/states/me/mega-millions,https://winningnumbers.us/states/me/mega-millions,game_family,html,true,200,true,text/html; charset=utf-8,true,false,false,231469,false,https://winningnumbers.us/states/me/mega-millions,
/states/me/mega-millions/historical,https://winningnumbers.us/states/me/mega-millions/historical,historical,html,true,200,true,text/html; charset=utf-8,true,false,false,74845,false,https://winningnumbers.us/states/me/mega-millions/historical,
/states/me/mega-millions/stats,https://winningnumbers.us/states/me/mega-millions/stats,stats,html,true,200,true,text/html; charset=utf-8,true,false,false,121160,false,https://winningnumbers.us/states/me/mega-millions/stats,
/states/me/megabucks,https://winningnumbers.us/states/me/megabucks,game_family,html,true,200,true,text/html; charset=utf-8,true,false,false,234726,false,https://winningnumbers.us/states/me/megabucks,
/states/me/megabucks/historical,https://winningnumbers.us/states/me/megabucks/historical,historical,html,true,200,true,text/html; charset=utf-8,true,false,false,74764,false,https://winningnumbers.us/states/me/megabucks/historical,
/states/me/megabucks/stats,https://winningnumbers.us/states/me/megabucks/stats,stats,html,true,200,true,text/html; charset=utf-8,true,false,false,131160,false,https://winningnumbers.us/states/me/megabucks/stats,
/states/me/millionaire-for-life,https://winningnumbers.us/states/me/millionaire-for-life,game_family,html,true,200,true,text/html; charset=utf-8,true,false,false,234922,false,https://winningnumbers.us/states/me/millionaire-for-life,
/states/me/millionaire-for-life/historical,https://winningnumbers.us/states/me/millionaire-for-life/historical,historical,html,true,200,true,text/html; charset=utf-8,true,false,false,74991,false,https://winningnumbers.us/states/me/millionaire-for-life/historical,
/states/me/millionaire-for-life/stats,https://winningnumbers.us/states/me/millionaire-for-life/stats,stats,html,true,200,true,text/html; charset=utf-8,true,false,false,131608,false,https://winningnumbers.us/states/me/millionaire-for-life/stats,
/states/me/pick-3,https://winningnumbers.us/states/me/pick-3,game_family,html,true,200,true,text/html; charset=utf-8,true,false,false,222948,false,https://winningnumbers.us/states/me/pick-3,
/states/me/pick-3/day,https://winningnumbers.us/states/me/pick-3/day,session,html,true,200,true,text/html; charset=utf-8,true,false,false,188512,false,https://winningnumbers.us/states/me/pick-3/day,
/states/me/pick-3/evening,https://winningnumbers.us/states/me/pick-3/evening,session,html,true,200,true,text/html; charset=utf-8,true,false,false,188870,false,https://winningnumbers.us/states/me/pick-3/evening,
/states/me/pick-3/historical,https://winningnumbers.us/states/me/pick-3/historical,historical,html,true,200,true,text/html; charset=utf-8,true,false,false,74698,false,https://winningnumbers.us/states/me/pick-3/historical,
/states/me/pick-3/stats,https://winningnumbers.us/states/me/pick-3/stats,stats,html,true,200,true,text/html; charset=utf-8,true,false,false,112690,false,https://winningnumbers.us/states/me/pick-3/stats,
/states/me/pick-4,https://winningnumbers.us/states/me/pick-4,game_family,html,true,200,true,text/html; charset=utf-8,true,false,false,232965,false,https://winningnumbers.us/states/me/pick-4,
/states/me/pick-4/day,https://winningnumbers.us/states/me/pick-4/day,session,html,true,200,true,text/html; charset=utf-8,true,false,false,197966,false,https://winningnumbers.us/states/me/pick-4/day,
/states/me/pick-4/evening,https://winningnumbers.us/states/me/pick-4/evening,session,html,true,200,true,text/html; charset=utf-8,true,false,false,198346,false,https://winningnumbers.us/states/me/pick-4/evening,
/states/me/pick-4/historical,https://winningnumbers.us/states/me/pick-4/historical,historical,html,true,200,true,text/html; charset=utf-8,true,false,false,74698,false,https://winningnumbers.us/states/me/pick-4/historical,
/states/me/pick-4/stats,https://winningnumbers.us/states/me/pick-4/stats,stats,html,true,200,true,text/html; charset=utf-8,true,false,false,112675,false,https://winningnumbers.us/states/me/pick-4/stats,
/states/me/powerball,https://winningnumbers.us/states/me/powerball,game_family,html,true,200,true,text/html; charset=utf-8,true,false,false,241073,false,https://winningnumbers.us/states/me/powerball,
/states/me/powerball-double-play,https://winningnumbers.us/states/me/powerball-double-play,game_family,html,true,200,true,text/html; charset=utf-8,true,false,false,234699,false,https://winningnumbers.us/states/me/powerball-double-play,
/states/me/powerball-double-play/historical,https://winningnumbers.us/states/me/powerball-double-play/historical,historical,html,true,200,true,text/html; charset=utf-8,true,false,false,75003,false,https://winningnumbers.us/states/me/powerball-double-play/historical,
/states/me/powerball-double-play/stats,https://winningnumbers.us/states/me/powerball-double-play/stats,stats,html,true,200,true,text/html; charset=utf-8,true,false,false,121969,false,https://winningnumbers.us/states/me/powerball-double-play/stats,
/states/me/powerball/historical,https://winningnumbers.us/states/me/powerball/historical,historical,html,true,200,true,text/html; charset=utf-8,true,false,false,74760,false,https://winningnumbers.us/states/me/powerball/historical,
/states/me/powerball/stats,https://winningnumbers.us/states/me/powerball/stats,stats,html,true,200,true,text/html; charset=utf-8,true,false,false,121326,false,https://winningnumbers.us/states/me/powerball/stats,
/states/mi,https://winningnumbers.us/states/mi,state,html,true,200,true,text/html; charset=utf-8,true,false,false,290252,false,https://winningnumbers.us/states/mi,
/states/mi/daily-3,https://winningnumbers.us/states/mi/daily-3,game_family,html,true,200,true,text/html; charset=utf-8,true,false,false,226661,false,https://winningnumbers.us/states/mi/daily-3,
/states/mi/daily-3/evening,https://winningnumbers.us/states/mi/daily-3/evening,session,html,true,200,true,text/html; charset=utf-8,true,false,false,189117,false,https://winningnumbers.us/states/mi/daily-3/evening,
/states/mi/daily-3/historical,https://winningnumbers.us/states/mi/daily-3/historical,historical,html,true,200,true,text/html; charset=utf-8,true,false,false,74719,false,https://winningnumbers.us/states/mi/daily-3/historical,
/states/mi/daily-3/midday,https://winningnumbers.us/states/mi/daily-3/midday,session,html,true,200,true,text/html; charset=utf-8,true,false,false,189055,false,https://winningnumbers.us/states/mi/daily-3/midday,
/states/mi/daily-3/stats,https://winningnumbers.us/states/mi/daily-3/stats,stats,html,true,200,true,text/html; charset=utf-8,true,false,false,112763,false,https://winningnumbers.us/states/mi/daily-3/stats,
/states/mi/daily-4,https://winningnumbers.us/states/mi/daily-4,game_family,html,true,200,true,text/html; charset=utf-8,true,false,false,236766,false,https://winningnumbers.us/states/mi/daily-4,
/states/mi/daily-4/evening,https://winningnumbers.us/states/mi/daily-4/evening,session,html,true,200,true,text/html; charset=utf-8,true,false,false,198564,false,https://winningnumbers.us/states/mi/daily-4/evening,
/states/mi/daily-4/historical,https://winningnumbers.us/states/mi/daily-4/historical,historical,html,true,200,true,text/html; charset=utf-8,true,false,false,74719,false,https://winningnumbers.us/states/mi/daily-4/historical,
/states/mi/daily-4/midday,https://winningnumbers.us/states/mi/daily-4/midday,session,html,true,200,true,text/html; charset=utf-8,true,false,false,198520,false,https://winningnumbers.us/states/mi/daily-4/midday,
/states/mi/daily-4/stats,https://winningnumbers.us/states/mi/daily-4/stats,stats,html,true,200,true,text/html; charset=utf-8,true,false,false,112752,false,https://winningnumbers.us/states/mi/daily-4/stats,
/states/mi/fantasy-5,https://winningnumbers.us/states/mi/fantasy-5,game_family,html,true,200,true,text/html; charset=utf-8,true,false,false,270198,false,https://winningnumbers.us/states/mi/fantasy-5,
/states/mi/fantasy-5/historical,https://winningnumbers.us/states/mi/fantasy-5/historical,historical,html,true,200,true,text/html; charset=utf-8,true,false,false,74761,false,https://winningnumbers.us/states/mi/fantasy-5/historical,
/states/mi/fantasy-5/stats,https://winningnumbers.us/states/mi/fantasy-5/stats,stats,html,true,200,true,text/html; charset=utf-8,true,false,false,112838,false,https://winningnumbers.us/states/mi/fantasy-5/stats,
/states/mi/keno,https://winningnumbers.us/states/mi/keno,game_family,html,true,200,true,text/html; charset=utf-8,true,false,false,375495,false,https://winningnumbers.us/states/mi/keno,
/states/mi/keno/historical,https://winningnumbers.us/states/mi/keno/historical,historical,html,true,200,true,text/html; charset=utf-8,true,false,false,74657,false,https://winningnumbers.us/states/mi/keno/historical,
/states/mi/keno/stats,https://winningnumbers.us/states/mi/keno/stats,stats,html,true,200,true,text/html; charset=utf-8,true,false,false,112663,false,https://winningnumbers.us/states/mi/keno/stats,
/states/mi/lotto-47,https://winningnumbers.us/states/mi/lotto-47,game_family,html,true,200,true,text/html; charset=utf-8,true,false,false,288782,false,https://winningnumbers.us/states/mi/lotto-47,
/states/mi/lotto-47/historical,https://winningnumbers.us/states/mi/lotto-47/historical,historical,html,true,200,true,text/html; charset=utf-8,true,false,false,74740,false,https://winningnumbers.us/states/mi/lotto-47/historical,
/states/mi/lotto-47/stats,https://winningnumbers.us/states/mi/lotto-47/stats,stats,html,true,200,true,text/html; charset=utf-8,true,false,false,112793,false,https://winningnumbers.us/states/mi/lotto-47/stats,
/states/mi/mega-millions,https://winningnumbers.us/states/mi/mega-millions,game_family,html,true,200,true,text/html; charset=utf-8,true,false,false,232566,false,https://winningnumbers.us/states/mi/mega-millions,
/states/mi/mega-millions/historical,https://winningnumbers.us/states/mi/mega-millions/historical,historical,html,true,200,true,text/html; charset=utf-8,true,false,false,74845,false,https://winningnumbers.us/states/mi/mega-millions/historical,
/states/mi/mega-millions/stats,https://winningnumbers.us/states/mi/mega-millions/stats,stats,html,true,200,true,text/html; charset=utf-8,true,false,false,121205,false,https://winningnumbers.us/states/mi/mega-millions/stats,
/states/mi/millionaire-for-life,https://winningnumbers.us/states/mi/millionaire-for-life,game_family,html,true,200,true,text/html; charset=utf-8,true,false,false,215567,false,https://winningnumbers.us/states/mi/millionaire-for-life,
/states/mi/millionaire-for-life/historical,https://winningnumbers.us/states/mi/millionaire-for-life/historical,historical,html,true,200,true,text/html; charset=utf-8,true,false,false,74991,false,https://winningnumbers.us/states/mi/millionaire-for-life/historical,
/states/mi/millionaire-for-life/stats,https://winningnumbers.us/states/mi/millionaire-for-life/stats,stats,html,true,200,true,text/html; charset=utf-8,true,false,false,113071,false,https://winningnumbers.us/states/mi/millionaire-for-life/stats,
/states/mi/poker-lotto,https://winningnumbers.us/states/mi/poker-lotto,game_family,html,true,200,true,text/html; charset=utf-8,true,false,false,183908,false,https://winningnumbers.us/states/mi/poker-lotto,
/states/mi/poker-lotto/historical,https://winningnumbers.us/states/mi/poker-lotto/historical,historical,html,true,200,true,text/html; charset=utf-8,true,false,false,74802,false,https://winningnumbers.us/states/mi/poker-lotto/historical,
/states/mi/poker-lotto/stats,https://winningnumbers.us/states/mi/poker-lotto/stats,stats,html,true,200,true,text/html; charset=utf-8,true,false,false,92562,false,https://winningnumbers.us/states/mi/poker-lotto/stats,
/states/mi/powerball,https://winningnumbers.us/states/mi/powerball,game_family,html,true,200,true,text/html; charset=utf-8,true,false,false,242239,false,https://winningnumbers.us/states/mi/powerball,
/states/mi/powerball-double-play,https://winningnumbers.us/states/mi/powerball-double-play,game_family,html,true,200,true,text/html; charset=utf-8,true,false,false,234728,false,https://winningnumbers.us/states/mi/powerball-double-play,
/states/mi/powerball-double-play/historical,https://winningnumbers.us/states/mi/powerball-double-play/historical,historical,html,true,200,true,text/html; charset=utf-8,true,false,false,75003,false,https://winningnumbers.us/states/mi/powerball-double-play/historical,
/states/mi/powerball-double-play/stats,https://winningnumbers.us/states/mi/powerball-double-play/stats,stats,html,true,200,true,text/html; charset=utf-8,true,false,false,122014,false,https://winningnumbers.us/states/mi/powerball-double-play/stats,
/states/mi/powerball/historical,https://winningnumbers.us/states/mi/powerball/historical,historical,html,true,200,true,text/html; charset=utf-8,true,false,false,74760,false,https://winningnumbers.us/states/mi/powerball/historical,
/states/mi/powerball/stats,https://winningnumbers.us/states/mi/powerball/stats,stats,html,true,200,true,text/html; charset=utf-8,true,false,false,121371,false,https://winningnumbers.us/states/mi/powerball/stats,
/states/mn,https://winningnumbers.us/states/mn,state,html,true,200,true,text/html; charset=utf-8,true,false,false,190290,false,https://winningnumbers.us/states/mn,
/states/mn/gopher-5,https://winningnumbers.us/states/mn/gopher-5,game_family,html,true,200,true,text/html; charset=utf-8,true,false,false,215021,false,https://winningnumbers.us/states/mn/gopher-5,
/states/mn/gopher-5/historical,https://winningnumbers.us/states/mn/gopher-5/historical,historical,html,true,200,true,text/html; charset=utf-8,true,false,false,74738,false,https://winningnumbers.us/states/mn/gopher-5/historical,
/states/mn/gopher-5/stats,https://winningnumbers.us/states/mn/gopher-5/stats,stats,html,true,200,true,text/html; charset=utf-8,true,false,false,112813,false,https://winningnumbers.us/states/mn/gopher-5/stats,
/states/mn/lotto-america,https://winningnumbers.us/states/mn/lotto-america,game_family,html,true,200,true,text/html; charset=utf-8,true,false,false,244963,false,https://winningnumbers.us/states/mn/lotto-america,
/states/mn/lotto-america/historical,https://winningnumbers.us/states/mn/lotto-america/historical,historical,html,true,200,true,text/html; charset=utf-8,true,false,false,74843,false,https://winningnumbers.us/states/mn/lotto-america/historical,
/states/mn/lotto-america/stats,https://winningnumbers.us/states/mn/lotto-america/stats,stats,html,true,200,true,text/html; charset=utf-8,true,false,false,123438,false,https://winningnumbers.us/states/mn/lotto-america/stats,
/states/mn/mega-millions,https://winningnumbers.us/states/mn/mega-millions,game_family,html,true,200,true,text/html; charset=utf-8,true,false,false,232506,false,https://winningnumbers.us/states/mn/mega-millions,
/states/mn/mega-millions/historical,https://winningnumbers.us/states/mn/mega-millions/historical,historical,html,true,200,true,text/html; charset=utf-8,true,false,false,74845,false,https://winningnumbers.us/states/mn/mega-millions/historical,
/states/mn/mega-millions/stats,https://winningnumbers.us/states/mn/mega-millions/stats,stats,html,true,200,true,text/html; charset=utf-8,true,false,false,121220,false,https://winningnumbers.us/states/mn/mega-millions/stats,
/states/mn/north-5,https://winningnumbers.us/states/mn/north-5,game_family,html,true,200,true,text/html; charset=utf-8,true,false,false,214888,false,https://winningnumbers.us/states/mn/north-5,
/states/mn/north-5/historical,https://winningnumbers.us/states/mn/north-5/historical,historical,html,true,200,true,text/html; charset=utf-8,true,false,false,74717,false,https://winningnumbers.us/states/mn/north-5/historical,
/states/mn/north-5/stats,https://winningnumbers.us/states/mn/north-5/stats,stats,html,true,200,true,text/html; charset=utf-8,true,false,false,112779,false,https://winningnumbers.us/states/mn/north-5/stats,
/states/mn/pick-3,https://winningnumbers.us/states/mn/pick-3,game_family,html,true,200,true,text/html; charset=utf-8,true,false,false,190958,false,https://winningnumbers.us/states/mn/pick-3,
/states/mn/pick-3/historical,https://winningnumbers.us/states/mn/pick-3/historical,historical,html,true,200,true,text/html; charset=utf-8,true,false,false,74696,false,https://winningnumbers.us/states/mn/pick-3/historical,
/states/mn/pick-3/stats,https://winningnumbers.us/states/mn/pick-3/stats,stats,html,true,200,true,text/html; charset=utf-8,true,false,false,112741,false,https://winningnumbers.us/states/mn/pick-3/stats,
/states/mn/powerball,https://winningnumbers.us/states/mn/powerball,game_family,html,true,200,true,text/html; charset=utf-8,true,false,false,242175,false,https://winningnumbers.us/states/mn/powerball,
/states/mn/powerball/historical,https://winningnumbers.us/states/mn/powerball/historical,historical,html,true,200,true,text/html; charset=utf-8,true,false,false,74763,false,https://winningnumbers.us/states/mn/powerball/historical,
/states/mn/powerball/stats,https://winningnumbers.us/states/mn/powerball/stats,stats,html,true,200,true,text/html; charset=utf-8,true,false,false,121392,false,https://winningnumbers.us/states/mn/powerball/stats,
/states/mo,https://winningnumbers.us/states/mo,state,html,true,200,true,text/html; charset=utf-8,true,false,false,291322,false,https://winningnumbers.us/states/mo,
/states/mo/cash-pop,https://winningnumbers.us/states/mo/cash-pop,game_family,html,true,200,true,text/html; charset=utf-8,true,false,false,250538,false,https://winningnumbers.us/states/mo/cash-pop,
/states/mo/cash-pop-late,https://winningnumbers.us/states/mo/cash-pop-late,game_family,html,true,200,true,text/html; charset=utf-8,true,false,false,176410,false,https://winningnumbers.us/states/mo/cash-pop-late,
/states/mo/cash-pop-late/historical,https://winningnumbers.us/states/mo/cash-pop-late/historical,historical,html,true,200,true,text/html; charset=utf-8,true,false,false,74876,false,https://winningnumbers.us/states/mo/cash-pop-late/historical,
/states/mo/cash-pop-late/stats,https://winningnumbers.us/states/mo/cash-pop-late/stats,stats,html,true,200,true,text/html; charset=utf-8,true,false,false,112975,false,https://winningnumbers.us/states/mo/cash-pop-late/stats,
/states/mo/cash-pop/earlybird,https://winningnumbers.us/states/mo/cash-pop/earlybird,session,html,true,200,true,text/html; charset=utf-8,true,false,false,175221,false,https://winningnumbers.us/states/mo/cash-pop/earlybird,
/states/mo/cash-pop/historical,https://winningnumbers.us/states/mo/cash-pop/historical,historical,html,true,200,true,text/html; charset=utf-8,true,false,false,74740,false,https://winningnumbers.us/states/mo/cash-pop/historical,
/states/mo/cash-pop/matinee,https://winningnumbers.us/states/mo/cash-pop/matinee,session,html,true,200,true,text/html; charset=utf-8,true,false,false,175001,false,https://winningnumbers.us/states/mo/cash-pop/matinee,
/states/mo/cash-pop/nightowl,https://winningnumbers.us/states/mo/cash-pop/nightowl,session,html,true,200,true,text/html; charset=utf-8,true,false,false,175092,false,https://winningnumbers.us/states/mo/cash-pop/nightowl,
/states/mo/cash-pop/primetime,https://winningnumbers.us/states/mo/cash-pop/primetime,session,html,true,200,true,text/html; charset=utf-8,true,false,false,175242,false,https://winningnumbers.us/states/mo/cash-pop/primetime,
/states/mo/cash-pop/stats,https://winningnumbers.us/states/mo/cash-pop/stats,stats,html,true,200,true,text/html; charset=utf-8,true,false,false,112738,false,https://winningnumbers.us/states/mo/cash-pop/stats,
/states/mo/mega-millions,https://winningnumbers.us/states/mo/mega-millions,game_family,html,true,200,true,text/html; charset=utf-8,true,false,false,231604,false,https://winningnumbers.us/states/mo/mega-millions,
/states/mo/mega-millions/historical,https://winningnumbers.us/states/mo/mega-millions/historical,historical,html,true,200,true,text/html; charset=utf-8,true,false,false,74845,false,https://winningnumbers.us/states/mo/mega-millions/historical,
/states/mo/mega-millions/stats,https://winningnumbers.us/states/mo/mega-millions/stats,stats,html,true,200,true,text/html; charset=utf-8,true,false,false,121015,false,https://winningnumbers.us/states/mo/mega-millions/stats,
/states/mo/mo-millions,https://winningnumbers.us/states/mo/mo-millions,game_family,html,true,200,true,text/html; charset=utf-8,true,false,false,307203,false,https://winningnumbers.us/states/mo/mo-millions,
/states/mo/mo-millions/historical,https://winningnumbers.us/states/mo/mo-millions/historical,historical,html,true,200,true,text/html; charset=utf-8,true,false,false,74802,false,https://winningnumbers.us/states/mo/mo-millions/historical,
/states/mo/mo-millions/stats,https://winningnumbers.us/states/mo/mo-millions/stats,stats,html,true,200,true,text/html; charset=utf-8,true,false,false,112822,false,https://winningnumbers.us/states/mo/mo-millions/stats,
/states/mo/pick-3,https://winningnumbers.us/states/mo/pick-3,game_family,html,true,200,true,text/html; charset=utf-8,true,false,false,245321,false,https://winningnumbers.us/states/mo/pick-3,
/states/mo/pick-3/evening,https://winningnumbers.us/states/mo/pick-3/evening,session,html,true,200,true,text/html; charset=utf-8,true,false,false,208753,false,https://winningnumbers.us/states/mo/pick-3/evening,
/states/mo/pick-3/historical,https://winningnumbers.us/states/mo/pick-3/historical,historical,html,true,200,true,text/html; charset=utf-8,true,false,false,74698,false,https://winningnumbers.us/states/mo/pick-3/historical,
/states/mo/pick-3/midday,https://winningnumbers.us/states/mo/pick-3/midday,session,html,true,200,true,text/html; charset=utf-8,true,false,false,208748,false,https://winningnumbers.us/states/mo/pick-3/midday,
/states/mo/pick-3/stats,https://winningnumbers.us/states/mo/pick-3/stats,stats,html,true,200,true,text/html; charset=utf-8,true,false,false,112708,false,https://winningnumbers.us/states/mo/pick-3/stats,
/states/mo/pick-4,https://winningnumbers.us/states/mo/pick-4,game_family,html,true,200,true,text/html; charset=utf-8,true,false,false,255329,false,https://winningnumbers.us/states/mo/pick-4,
/states/mo/pick-4/evening,https://winningnumbers.us/states/mo/pick-4/evening,session,html,true,200,true,text/html; charset=utf-8,true,false,false,218234,false,https://winningnumbers.us/states/mo/pick-4/evening,
/states/mo/pick-4/historical,https://winningnumbers.us/states/mo/pick-4/historical,historical,html,true,200,true,text/html; charset=utf-8,true,false,false,74698,false,https://winningnumbers.us/states/mo/pick-4/historical,
/states/mo/pick-4/midday,https://winningnumbers.us/states/mo/pick-4/midday,session,html,true,200,true,text/html; charset=utf-8,true,false,false,218225,false,https://winningnumbers.us/states/mo/pick-4/midday,
/states/mo/pick-4/stats,https://winningnumbers.us/states/mo/pick-4/stats,stats,html,true,200,true,text/html; charset=utf-8,true,false,false,112677,false,https://winningnumbers.us/states/mo/pick-4/stats,
/states/mo/powerball,https://winningnumbers.us/states/mo/powerball,game_family,html,true,200,true,text/html; charset=utf-8,true,false,false,241050,false,https://winningnumbers.us/states/mo/powerball,
/states/mo/powerball-double-play,https://winningnumbers.us/states/mo/powerball-double-play,game_family,html,true,200,true,text/html; charset=utf-8,true,false,false,234720,false,https://winningnumbers.us/states/mo/powerball-double-play,
/states/mo/powerball-double-play/historical,https://winningnumbers.us/states/mo/powerball-double-play/historical,historical,html,true,200,true,text/html; charset=utf-8,true,false,false,75003,false,https://winningnumbers.us/states/mo/powerball-double-play/historical,
/states/mo/powerball-double-play/stats,https://winningnumbers.us/states/mo/powerball-double-play/stats,stats,html,true,200,true,text/html; charset=utf-8,true,false,false,125110,false,https://winningnumbers.us/states/mo/powerball-double-play/stats,
/states/mo/powerball/historical,https://winningnumbers.us/states/mo/powerball/historical,historical,html,true,200,true,text/html; charset=utf-8,true,false,false,74760,false,https://winningnumbers.us/states/mo/powerball/historical,
/states/mo/powerball/stats,https://winningnumbers.us/states/mo/powerball/stats,stats,html,true,200,true,text/html; charset=utf-8,true,false,false,121261,false,https://winningnumbers.us/states/mo/powerball/stats,
/states/mo/show-me-cash,https://winningnumbers.us/states/mo/show-me-cash,game_family,html,true,200,true,text/html; charset=utf-8,true,false,false,215273,false,https://winningnumbers.us/states/mo/show-me-cash,
/states/mo/show-me-cash/historical,https://winningnumbers.us/states/mo/show-me-cash/historical,historical,html,true,200,true,text/html; charset=utf-8,true,false,false,74823,false,https://winningnumbers.us/states/mo/show-me-cash/historical,
/states/mo/show-me-cash/stats,https://winningnumbers.us/states/mo/show-me-cash/stats,stats,html,true,200,true,text/html; charset=utf-8,true,false,false,112824,false,https://winningnumbers.us/states/mo/show-me-cash/stats,
/states/ms,https://winningnumbers.us/states/ms,state,html,true,200,true,text/html; charset=utf-8,true,false,false,280346,false,https://winningnumbers.us/states/ms,
/states/ms/cash-3,https://winningnumbers.us/states/ms/cash-3,game_family,html,true,200,true,text/html; charset=utf-8,true,false,false,248843,false,https://winningnumbers.us/states/ms/cash-3,
/states/ms/cash-3/evening,https://winningnumbers.us/states/ms/cash-3/evening,session,html,true,200,true,text/html; charset=utf-8,true,false,false,209090,false,https://winningnumbers.us/states/ms/cash-3/evening,
/states/ms/cash-3/historical,https://winningnumbers.us/states/ms/cash-3/historical,historical,html,true,200,true,text/html; charset=utf-8,true,false,false,74698,false,https://winningnumbers.us/states/ms/cash-3/historical,
/states/ms/cash-3/midday,https://winningnumbers.us/states/ms/cash-3/midday,session,html,true,200,true,text/html; charset=utf-8,true,false,false,209080,false,https://winningnumbers.us/states/ms/cash-3/midday,
/states/ms/cash-3/stats,https://winningnumbers.us/states/ms/cash-3/stats,stats,html,true,200,true,text/html; charset=utf-8,true,false,false,121536,false,https://winningnumbers.us/states/ms/cash-3/stats,
/states/ms/cash-4,https://winningnumbers.us/states/ms/cash-4,game_family,html,true,200,true,text/html; charset=utf-8,true,false,false,258954,false,https://winningnumbers.us/states/ms/cash-4,
/states/ms/cash-4/evening,https://winningnumbers.us/states/ms/cash-4/evening,session,html,true,200,true,text/html; charset=utf-8,true,false,false,218585,false,https://winningnumbers.us/states/ms/cash-4/evening,
/states/ms/cash-4/historical,https://winningnumbers.us/states/ms/cash-4/historical,historical,html,true,200,true,text/html; charset=utf-8,true,false,false,74698,false,https://winningnumbers.us/states/ms/cash-4/historical,
/states/ms/cash-4/midday,https://winningnumbers.us/states/ms/cash-4/midday,session,html,true,200,true,text/html; charset=utf-8,true,false,false,218572,false,https://winningnumbers.us/states/ms/cash-4/midday,
/states/ms/cash-4/stats,https://winningnumbers.us/states/ms/cash-4/stats,stats,html,true,200,true,text/html; charset=utf-8,true,false,false,121542,false,https://winningnumbers.us/states/ms/cash-4/stats,
/states/ms/cash-pop,https://winningnumbers.us/states/ms/cash-pop,game_family,html,true,200,true,text/html; charset=utf-8,true,false,false,207235,false,https://winningnumbers.us/states/ms/cash-pop,
/states/ms/cash-pop/evening,https://winningnumbers.us/states/ms/cash-pop/evening,session,html,true,200,true,text/html; charset=utf-8,true,false,false,170576,false,https://winningnumbers.us/states/ms/cash-pop/evening,
/states/ms/cash-pop/historical,https://winningnumbers.us/states/ms/cash-pop/historical,historical,html,true,200,true,text/html; charset=utf-8,true,false,false,74740,false,https://winningnumbers.us/states/ms/cash-pop/historical,
/states/ms/cash-pop/midday,https://winningnumbers.us/states/ms/cash-pop/midday,session,html,true,200,true,text/html; charset=utf-8,true,false,false,170552,false,https://winningnumbers.us/states/ms/cash-pop/midday,
/states/ms/cash-pop/stats,https://winningnumbers.us/states/ms/cash-pop/stats,stats,html,true,200,true,text/html; charset=utf-8,true,false,false,112776,false,https://winningnumbers.us/states/ms/cash-pop/stats,
/states/ms/lotto-america,https://winningnumbers.us/states/ms/lotto-america,game_family,html,true,200,true,text/html; charset=utf-8,true,false,false,245417,false,https://winningnumbers.us/states/ms/lotto-america,
/states/ms/lotto-america/historical,https://winningnumbers.us/states/ms/lotto-america/historical,historical,html,true,200,true,text/html; charset=utf-8,true,false,false,74845,false,https://winningnumbers.us/states/ms/lotto-america/historical,
/states/ms/lotto-america/stats,https://winningnumbers.us/states/ms/lotto-america/stats,stats,html,true,200,true,text/html; charset=utf-8,true,false,false,123472,false,https://winningnumbers.us/states/ms/lotto-america/stats,
/states/ms/mega-millions,https://winningnumbers.us/states/ms/mega-millions,game_family,html,true,200,true,text/html; charset=utf-8,true,false,false,233071,false,https://winningnumbers.us/states/ms/mega-millions,
/states/ms/mega-millions/historical,https://winningnumbers.us/states/ms/mega-millions/historical,historical,html,true,200,true,text/html; charset=utf-8,true,false,false,74845,false,https://winningnumbers.us/states/ms/mega-millions/historical,
/states/ms/mega-millions/stats,https://winningnumbers.us/states/ms/mega-millions/stats,stats,html,true,200,true,text/html; charset=utf-8,true,false,false,121250,false,https://winningnumbers.us/states/ms/mega-millions/stats,
/states/ms/millionaire-for-life,https://winningnumbers.us/states/ms/millionaire-for-life,game_family,html,true,200,true,text/html; charset=utf-8,true,false,false,236622,false,https://winningnumbers.us/states/ms/millionaire-for-life,
/states/ms/millionaire-for-life/historical,https://winningnumbers.us/states/ms/millionaire-for-life/historical,historical,html,true,200,true,text/html; charset=utf-8,true,false,false,74991,false,https://winningnumbers.us/states/ms/millionaire-for-life/historical,
/states/ms/millionaire-for-life/stats,https://winningnumbers.us/states/ms/millionaire-for-life/stats,stats,html,true,200,true,text/html; charset=utf-8,true,false,false,131698,false,https://winningnumbers.us/states/ms/millionaire-for-life/stats,
/states/ms/mississippi-match-5,https://winningnumbers.us/states/ms/mississippi-match-5,game_family,html,true,200,true,text/html; charset=utf-8,true,false,false,216617,false,https://winningnumbers.us/states/ms/mississippi-match-5,
/states/ms/mississippi-match-5/historical,https://winningnumbers.us/states/ms/mississippi-match-5/historical,historical,html,true,200,true,text/html; charset=utf-8,true,false,false,74970,false,https://winningnumbers.us/states/ms/mississippi-match-5/historical,
/states/ms/mississippi-match-5/stats,https://winningnumbers.us/states/ms/mississippi-match-5/stats,stats,html,true,200,true,text/html; charset=utf-8,true,false,false,113217,false,https://winningnumbers.us/states/ms/mississippi-match-5/stats,
/states/ms/powerball,https://winningnumbers.us/states/ms/powerball,game_family,html,true,200,true,text/html; charset=utf-8,true,false,false,297938,false,https://winningnumbers.us/states/ms/powerball,
/states/ms/powerball-double-play,https://winningnumbers.us/states/ms/powerball-double-play,game_family,html,true,200,true,text/html; charset=utf-8,true,false,false,236022,false,https://winningnumbers.us/states/ms/powerball-double-play,
/states/ms/powerball-double-play/historical,https://winningnumbers.us/states/ms/powerball-double-play/historical,historical,html,true,200,true,text/html; charset=utf-8,true,false,false,75003,false,https://winningnumbers.us/states/ms/powerball-double-play/historical,
/states/ms/powerball-double-play/stats,https://winningnumbers.us/states/ms/powerball-double-play/stats,stats,html,true,200,true,text/html; charset=utf-8,true,false,false,122059,false,https://winningnumbers.us/states/ms/powerball-double-play/stats,
/states/ms/powerball/historical,https://winningnumbers.us/states/ms/powerball/historical,historical,html,true,200,true,text/html; charset=utf-8,true,false,false,74760,false,https://winningnumbers.us/states/ms/powerball/historical,
/states/ms/powerball/stats,https://winningnumbers.us/states/ms/powerball/stats,stats,html,true,200,true,text/html; charset=utf-8,true,false,false,121416,false,https://winningnumbers.us/states/ms/powerball/stats,
/states/mt,https://winningnumbers.us/states/mt,state,html,true,200,true,text/html; charset=utf-8,true,false,false,209093,false,https://winningnumbers.us/states/mt,
/states/mt/big-sky-bonus,https://winningnumbers.us/states/mt/big-sky-bonus,game_family,html,true,200,true,text/html; charset=utf-8,true,false,false,226845,false,https://winningnumbers.us/states/mt/big-sky-bonus,
/states/mt/big-sky-bonus/historical,https://winningnumbers.us/states/mt/big-sky-bonus/historical,historical,html,true,200,true,text/html; charset=utf-8,true,false,false,74844,false,https://winningnumbers.us/states/mt/big-sky-bonus/historical,
/states/mt/big-sky-bonus/stats,https://winningnumbers.us/states/mt/big-sky-bonus/stats,stats,html,true,200,true,text/html; charset=utf-8,true,false,false,121726,false,https://winningnumbers.us/states/mt/big-sky-bonus/stats,
/states/mt/lotto-america,https://winningnumbers.us/states/mt/lotto-america,game_family,html,true,200,true,text/html; charset=utf-8,true,false,false,244749,false,https://winningnumbers.us/states/mt/lotto-america,
/states/mt/lotto-america/historical,https://winningnumbers.us/states/mt/lotto-america/historical,historical,html,true,200,true,text/html; charset=utf-8,true,false,false,74843,false,https://winningnumbers.us/states/mt/lotto-america/historical,
/states/mt/lotto-america/stats,https://winningnumbers.us/states/mt/lotto-america/stats,stats,html,true,200,true,text/html; charset=utf-8,true,false,false,125539,false,https://winningnumbers.us/states/mt/lotto-america/stats,
/states/mt/mega-millions,https://winningnumbers.us/states/mt/mega-millions,game_family,html,true,200,true,text/html; charset=utf-8,true,false,false,231290,false,https://winningnumbers.us/states/mt/mega-millions,
/states/mt/mega-millions/historical,https://winningnumbers.us/states/mt/mega-millions/historical,historical,html,true,200,true,text/html; charset=utf-8,true,false,false,74845,false,https://winningnumbers.us/states/mt/mega-millions/historical,
/states/mt/mega-millions/stats,https://winningnumbers.us/states/mt/mega-millions/stats,stats,html,true,200,true,text/html; charset=utf-8,true,false,false,121000,false,https://winningnumbers.us/states/mt/mega-millions/stats,
/states/mt/millionaire-for-life,https://winningnumbers.us/states/mt/millionaire-for-life,game_family,html,true,200,true,text/html; charset=utf-8,true,false,false,234757,false,https://winningnumbers.us/states/mt/millionaire-for-life,
/states/mt/millionaire-for-life/historical,https://winningnumbers.us/states/mt/millionaire-for-life/historical,historical,html,true,200,true,text/html; charset=utf-8,true,false,false,74991,false,https://winningnumbers.us/states/mt/millionaire-for-life/historical,
/states/mt/millionaire-for-life/stats,https://winningnumbers.us/states/mt/millionaire-for-life/stats,stats,html,true,200,true,text/html; charset=utf-8,true,false,false,131635,false,https://winningnumbers.us/states/mt/millionaire-for-life/stats,
/states/mt/montana-cash,https://winningnumbers.us/states/mt/montana-cash,game_family,html,true,200,true,text/html; charset=utf-8,true,false,false,215004,false,https://winningnumbers.us/states/mt/montana-cash,
/states/mt/montana-cash/historical,https://winningnumbers.us/states/mt/montana-cash/historical,historical,html,true,200,true,text/html; charset=utf-8,true,false,false,74824,false,https://winningnumbers.us/states/mt/montana-cash/historical,
/states/mt/montana-cash/stats,https://winningnumbers.us/states/mt/montana-cash/stats,stats,html,true,200,true,text/html; charset=utf-8,true,false,false,112869,false,https://winningnumbers.us/states/mt/montana-cash/stats,
/states/mt/powerball,https://winningnumbers.us/states/mt/powerball,game_family,html,true,200,true,text/html; charset=utf-8,true,false,false,240733,false,https://winningnumbers.us/states/mt/powerball,
/states/mt/powerball-double-play,https://winningnumbers.us/states/mt/powerball-double-play,game_family,html,true,200,true,text/html; charset=utf-8,true,false,false,234519,false,https://winningnumbers.us/states/mt/powerball-double-play,
/states/mt/powerball-double-play/historical,https://winningnumbers.us/states/mt/powerball-double-play/historical,historical,html,true,200,true,text/html; charset=utf-8,true,false,false,75003,false,https://winningnumbers.us/states/mt/powerball-double-play/historical,
/states/mt/powerball-double-play/stats,https://winningnumbers.us/states/mt/powerball-double-play/stats,stats,html,true,200,true,text/html; charset=utf-8,true,false,false,121993,false,https://winningnumbers.us/states/mt/powerball-double-play/stats,
/states/mt/powerball/historical,https://winningnumbers.us/states/mt/powerball/historical,historical,html,true,200,true,text/html; charset=utf-8,true,false,false,74760,false,https://winningnumbers.us/states/mt/powerball/historical,
/states/mt/powerball/stats,https://winningnumbers.us/states/mt/powerball/stats,stats,html,true,200,true,text/html; charset=utf-8,true,false,false,121317,false,https://winningnumbers.us/states/mt/powerball/stats,
/states/nc,https://winningnumbers.us/states/nc,state,html,true,200,true,text/html; charset=utf-8,true,false,false,303593,false,https://winningnumbers.us/states/nc,
/states/nc/cash-5,https://winningnumbers.us/states/nc/cash-5,game_family,html,true,200,true,text/html; charset=utf-8,true,false,false,270730,false,https://winningnumbers.us/states/nc/cash-5,
/states/nc/cash-5/historical,https://winningnumbers.us/states/nc/cash-5/historical,historical,html,true,200,true,text/html; charset=utf-8,true,false,false,74696,false,https://winningnumbers.us/states/nc/cash-5/historical,
/states/nc/cash-5/stats,https://winningnumbers.us/states/nc/cash-5/stats,stats,html,true,200,true,text/html; charset=utf-8,true,false,false,113135,false,https://winningnumbers.us/states/nc/cash-5/stats,
/states/nc/cash-pop,https://winningnumbers.us/states/nc/cash-pop,game_family,html,true,200,true,text/html; charset=utf-8,true,false,false,176587,false,https://winningnumbers.us/states/nc/cash-pop,
/states/nc/cash-pop-clock-out-cash,https://winningnumbers.us/states/nc/cash-pop-clock-out-cash,game_family,html,true,200,true,text/html; charset=utf-8,true,false,false,176703,false,https://winningnumbers.us/states/nc/cash-pop-clock-out-cash,
/states/nc/cash-pop-clock-out-cash/historical,https://winningnumbers.us/states/nc/cash-pop-clock-out-cash/historical,historical,html,true,200,true,text/html; charset=utf-8,true,false,false,75040,false,https://winningnumbers.us/states/nc/cash-pop-clock-out-cash/historical,
/states/nc/cash-pop-clock-out-cash/stats,https://winningnumbers.us/states/nc/cash-pop-clock-out-cash/stats,stats,html,true,200,true,text/html; charset=utf-8,true,false,false,113263,false,https://winningnumbers.us/states/nc/cash-pop-clock-out-cash/stats,
/states/nc/cash-pop-lunch-rush,https://winningnumbers.us/states/nc/cash-pop-lunch-rush,game_family,html,true,200,true,text/html; charset=utf-8,true,false,false,176383,false,https://winningnumbers.us/states/nc/cash-pop-lunch-rush,
/states/nc/cash-pop-lunch-rush/historical,https://winningnumbers.us/states/nc/cash-pop-lunch-rush/historical,historical,html,true,200,true,text/html; charset=utf-8,true,false,false,74960,false,https://winningnumbers.us/states/nc/cash-pop-lunch-rush/historical,
/states/nc/cash-pop-lunch-rush/stats,https://winningnumbers.us/states/nc/cash-pop-lunch-rush/stats,stats,html,true,200,true,text/html; charset=utf-8,true,false,false,113161,false,https://winningnumbers.us/states/nc/cash-pop-lunch-rush/stats,
/states/nc/cash-pop-midnight-money,https://winningnumbers.us/states/nc/cash-pop-midnight-money,game_family,html,true,200,true,text/html; charset=utf-8,true,false,false,176710,false,https://winningnumbers.us/states/nc/cash-pop-midnight-money,
/states/nc/cash-pop-midnight-money/historical,https://winningnumbers.us/states/nc/cash-pop-midnight-money/historical,historical,html,true,200,true,text/html; charset=utf-8,true,false,false,75040,false,https://winningnumbers.us/states/nc/cash-pop-midnight-money/historical,
/states/nc/cash-pop-midnight-money/stats,https://winningnumbers.us/states/nc/cash-pop-midnight-money/stats,stats,html,true,200,true,text/html; charset=utf-8,true,false,false,113262,false,https://winningnumbers.us/states/nc/cash-pop-midnight-money/stats,
/states/nc/cash-pop-primetime-pop,https://winningnumbers.us/states/nc/cash-pop-primetime-pop,game_family,html,true,200,true,text/html; charset=utf-8,true,false,false,176704,false,https://winningnumbers.us/states/nc/cash-pop-primetime-pop,
/states/nc/cash-pop-primetime-pop/historical,https://winningnumbers.us/states/nc/cash-pop-primetime-pop/historical,historical,html,true,200,true,text/html; charset=utf-8,true,false,false,75065,false,https://winningnumbers.us/states/nc/cash-pop-primetime-pop/historical,
/states/nc/cash-pop-primetime-pop/stats,https://winningnumbers.us/states/nc/cash-pop-primetime-pop/stats,stats,html,true,200,true,text/html; charset=utf-8,true,false,false,113325,false,https://winningnumbers.us/states/nc/cash-pop-primetime-pop/stats,
/states/nc/cash-pop/historical,https://winningnumbers.us/states/nc/cash-pop/historical,historical,html,true,200,true,text/html; charset=utf-8,true,false,false,74740,false,https://winningnumbers.us/states/nc/cash-pop/historical,
/states/nc/cash-pop/stats,https://winningnumbers.us/states/nc/cash-pop/stats,stats,html,true,200,true,text/html; charset=utf-8,true,false,false,112802,false,https://winningnumbers.us/states/nc/cash-pop/stats,
/states/nc/mega-millions,https://winningnumbers.us/states/nc/mega-millions,game_family,html,true,200,true,text/html; charset=utf-8,true,false,false,231809,false,https://winningnumbers.us/states/nc/mega-millions,
/states/nc/mega-millions/historical,https://winningnumbers.us/states/nc/mega-millions/historical,historical,html,true,200,true,text/html; charset=utf-8,true,false,false,74845,false,https://winningnumbers.us/states/nc/mega-millions/historical,
/states/nc/mega-millions/stats,https://winningnumbers.us/states/nc/mega-millions/stats,stats,html,true,200,true,text/html; charset=utf-8,true,false,false,121295,false,https://winningnumbers.us/states/nc/mega-millions/stats,
/states/nc/millionaire-for-life,https://winningnumbers.us/states/nc/millionaire-for-life,game_family,html,true,200,true,text/html; charset=utf-8,true,false,false,235185,false,https://winningnumbers.us/states/nc/millionaire-for-life,
/states/nc/millionaire-for-life/historical,https://winningnumbers.us/states/nc/millionaire-for-life/historical,historical,html,true,200,true,text/html; charset=utf-8,true,false,false,74991,false,https://winningnumbers.us/states/nc/millionaire-for-life/historical,
/states/nc/millionaire-for-life/stats,https://winningnumbers.us/states/nc/millionaire-for-life/stats,stats,html,true,200,true,text/html; charset=utf-8,true,false,false,131743,false,https://winningnumbers.us/states/nc/millionaire-for-life/stats,
/states/nc/pick-3,https://winningnumbers.us/states/nc/pick-3,game_family,html,true,200,true,text/html; charset=utf-8,true,false,false,225216,false,https://winningnumbers.us/states/nc/pick-3,
/states/nc/pick-3/daytime,https://winningnumbers.us/states/nc/pick-3/daytime,session,html,true,200,true,text/html; charset=utf-8,true,false,false,190025,false,https://winningnumbers.us/states/nc/pick-3/daytime,
/states/nc/pick-3/evening,https://winningnumbers.us/states/nc/pick-3/evening,session,html,true,200,true,text/html; charset=utf-8,true,false,false,190026,false,https://winningnumbers.us/states/nc/pick-3/evening,
/states/nc/pick-3/historical,https://winningnumbers.us/states/nc/pick-3/historical,historical,html,true,200,true,text/html; charset=utf-8,true,false,false,74698,false,https://winningnumbers.us/states/nc/pick-3/historical,
/states/nc/pick-3/stats,https://winningnumbers.us/states/nc/pick-3/stats,stats,html,true,200,true,text/html; charset=utf-8,true,false,false,121593,false,https://winningnumbers.us/states/nc/pick-3/stats,
/states/nc/pick-4,https://winningnumbers.us/states/nc/pick-4,game_family,html,true,200,true,text/html; charset=utf-8,true,false,false,235233,false,https://winningnumbers.us/states/nc/pick-4,
/states/nc/pick-4/daytime,https://winningnumbers.us/states/nc/pick-4/daytime,session,html,true,200,true,text/html; charset=utf-8,true,false,false,199511,false,https://winningnumbers.us/states/nc/pick-4/daytime,
/states/nc/pick-4/evening,https://winningnumbers.us/states/nc/pick-4/evening,session,html,true,200,true,text/html; charset=utf-8,true,false,false,199509,false,https://winningnumbers.us/states/nc/pick-4/evening,
/states/nc/pick-4/historical,https://winningnumbers.us/states/nc/pick-4/historical,historical,html,true,200,true,text/html; charset=utf-8,true,false,false,74698,false,https://winningnumbers.us/states/nc/pick-4/historical,
/states/nc/pick-4/stats,https://winningnumbers.us/states/nc/pick-4/stats,stats,html,true,200,true,text/html; charset=utf-8,true,false,false,121581,false,https://winningnumbers.us/states/nc/pick-4/stats,
/states/nc/powerball,https://winningnumbers.us/states/nc/powerball,game_family,html,true,200,true,text/html; charset=utf-8,true,false,false,241336,false,https://winningnumbers.us/states/nc/powerball,
/states/nc/powerball-double-play,https://winningnumbers.us/states/nc/powerball-double-play,game_family,html,true,200,true,text/html; charset=utf-8,true,false,false,234960,false,https://winningnumbers.us/states/nc/powerball-double-play,
/states/nc/powerball-double-play/historical,https://winningnumbers.us/states/nc/powerball-double-play/historical,historical,html,true,200,true,text/html; charset=utf-8,true,false,false,75003,false,https://winningnumbers.us/states/nc/powerball-double-play/historical,
/states/nc/powerball-double-play/stats,https://winningnumbers.us/states/nc/powerball-double-play/stats,stats,html,true,200,true,text/html; charset=utf-8,true,false,false,122033,false,https://winningnumbers.us/states/nc/powerball-double-play/stats,
/states/nc/powerball/historical,https://winningnumbers.us/states/nc/powerball/historical,historical,html,true,200,true,text/html; charset=utf-8,true,false,false,74760,false,https://winningnumbers.us/states/nc/powerball/historical,
/states/nc/powerball/stats,https://winningnumbers.us/states/nc/powerball/stats,stats,html,true,200,true,text/html; charset=utf-8,true,false,false,121461,false,https://winningnumbers.us/states/nc/powerball/stats,
/states/nd,https://winningnumbers.us/states/nd,state,html,true,200,true,text/html; charset=utf-8,true,false,false,173101,false,https://winningnumbers.us/states/nd,
/states/nd/2by2,https://winningnumbers.us/states/nd/2by2,game_family,html,true,200,true,text/html; charset=utf-8,true,false,false,194217,false,https://winningnumbers.us/states/nd/2by2,
/states/nd/2by2/historical,https://winningnumbers.us/states/nd/2by2/historical,historical,html,true,200,true,text/html; charset=utf-8,true,false,false,74657,false,https://winningnumbers.us/states/nd/2by2/historical,
/states/nd/2by2/stats,https://winningnumbers.us/states/nd/2by2/stats,stats,html,true,200,true,text/html; charset=utf-8,true,false,false,121875,false,https://winningnumbers.us/states/nd/2by2/stats,
/states/nd/lotto-america,https://winningnumbers.us/states/nd/lotto-america,game_family,html,true,200,true,text/html; charset=utf-8,true,false,false,244676,false,https://winningnumbers.us/states/nd/lotto-america,
/states/nd/lotto-america/historical,https://winningnumbers.us/states/nd/lotto-america/historical,historical,html,true,200,true,text/html; charset=utf-8,true,false,false,74845,false,https://winningnumbers.us/states/nd/lotto-america/historical,
/states/nd/lotto-america/stats,https://winningnumbers.us/states/nd/lotto-america/stats,stats,html,true,200,true,text/html; charset=utf-8,true,false,false,125639,false,https://winningnumbers.us/states/nd/lotto-america/stats,
/states/nd/mega-millions,https://winningnumbers.us/states/nd/mega-millions,game_family,html,true,200,true,text/html; charset=utf-8,true,false,false,231888,false,https://winningnumbers.us/states/nd/mega-millions,
/states/nd/mega-millions/historical,https://winningnumbers.us/states/nd/mega-millions/historical,historical,html,true,200,true,text/html; charset=utf-8,true,false,false,74845,false,https://winningnumbers.us/states/nd/mega-millions/historical,
/states/nd/mega-millions/stats,https://winningnumbers.us/states/nd/mega-millions/stats,stats,html,true,200,true,text/html; charset=utf-8,true,false,false,126203,false,https://winningnumbers.us/states/nd/mega-millions/stats,
/states/nd/millionaire-for-life,https://winningnumbers.us/states/nd/millionaire-for-life,game_family,html,true,200,true,text/html; charset=utf-8,true,false,false,235097,false,https://winningnumbers.us/states/nd/millionaire-for-life,
/states/nd/millionaire-for-life/historical,https://winningnumbers.us/states/nd/millionaire-for-life/historical,historical,html,true,200,true,text/html; charset=utf-8,true,false,false,74991,false,https://winningnumbers.us/states/nd/millionaire-for-life/historical,
/states/nd/millionaire-for-life/stats,https://winningnumbers.us/states/nd/millionaire-for-life/stats,stats,html,true,200,true,text/html; charset=utf-8,true,false,false,127750,false,https://winningnumbers.us/states/nd/millionaire-for-life/stats,
/states/nd/powerball,https://winningnumbers.us/states/nd/powerball,game_family,html,true,200,true,text/html; charset=utf-8,true,false,false,241411,false,https://winningnumbers.us/states/nd/powerball,
/states/nd/powerball/historical,https://winningnumbers.us/states/nd/powerball/historical,historical,html,true,200,true,text/html; charset=utf-8,true,false,false,74762,false,https://winningnumbers.us/states/nd/powerball/historical,
/states/nd/powerball/stats,https://winningnumbers.us/states/nd/powerball/stats,stats,html,true,200,true,text/html; charset=utf-8,true,false,false,125957,false,https://winningnumbers.us/states/nd/powerball/stats,
/states/ne,https://winningnumbers.us/states/ne,state,html,true,200,true,text/html; charset=utf-8,true,false,false,251400,false,https://winningnumbers.us/states/ne,
/states/ne/2by2,https://winningnumbers.us/states/ne/2by2,game_family,html,true,200,true,text/html; charset=utf-8,true,false,false,192577,false,https://winningnumbers.us/states/ne/2by2,
/states/ne/2by2/historical,https://winningnumbers.us/states/ne/2by2/historical,historical,html,true,200,true,text/html; charset=utf-8,true,false,false,74657,false,https://winningnumbers.us/states/ne/2by2/historical,
/states/ne/2by2/stats,https://winningnumbers.us/states/ne/2by2/stats,stats,html,true,200,true,text/html; charset=utf-8,true,false,false,112487,false,https://winningnumbers.us/states/ne/2by2/stats,
/states/ne/lotto-america,https://winningnumbers.us/states/ne/lotto-america,game_family,html,true,200,true,text/html; charset=utf-8,true,false,false,243815,false,https://winningnumbers.us/states/ne/lotto-america,
/states/ne/lotto-america/historical,https://winningnumbers.us/states/ne/lotto-america/historical,historical,html,true,200,true,text/html; charset=utf-8,true,false,false,74845,false,https://winningnumbers.us/states/ne/lotto-america/historical,
/states/ne/lotto-america/stats,https://winningnumbers.us/states/ne/lotto-america/stats,stats,html,true,200,true,text/html; charset=utf-8,true,false,false,125329,false,https://winningnumbers.us/states/ne/lotto-america/stats,
/states/ne/mega-millions,https://winningnumbers.us/states/ne/mega-millions,game_family,html,true,200,true,text/html; charset=utf-8,true,false,false,222499,false,https://winningnumbers.us/states/ne/mega-millions,
/states/ne/mega-millions/historical,https://winningnumbers.us/states/ne/mega-millions/historical,historical,html,true,200,true,text/html; charset=utf-8,true,false,false,74845,false,https://winningnumbers.us/states/ne/mega-millions/historical,
/states/ne/mega-millions/stats,https://winningnumbers.us/states/ne/mega-millions/stats,stats,html,true,200,true,text/html; charset=utf-8,true,false,false,124036,false,https://winningnumbers.us/states/ne/mega-millions/stats,
/states/ne/millionaire-for-life,https://winningnumbers.us/states/ne/millionaire-for-life,game_family,html,true,200,true,text/html; charset=utf-8,true,false,false,234781,false,https://winningnumbers.us/states/ne/millionaire-for-life,
/states/ne/millionaire-for-life/historical,https://winningnumbers.us/states/ne/millionaire-for-life/historical,historical,html,true,200,true,text/html; charset=utf-8,true,false,false,74991,false,https://winningnumbers.us/states/ne/millionaire-for-life/historical,
/states/ne/millionaire-for-life/stats,https://winningnumbers.us/states/ne/millionaire-for-life/stats,stats,html,true,200,true,text/html; charset=utf-8,true,false,false,129616,false,https://winningnumbers.us/states/ne/millionaire-for-life/stats,
/states/ne/myday,https://winningnumbers.us/states/ne/myday,game_family,html,true,200,true,text/html; charset=utf-8,true,false,false,194005,false,https://winningnumbers.us/states/ne/myday,
/states/ne/myday/historical,https://winningnumbers.us/states/ne/myday/historical,historical,html,true,200,true,text/html; charset=utf-8,true,false,false,74676,false,https://winningnumbers.us/states/ne/myday/historical,
/states/ne/myday/stats,https://winningnumbers.us/states/ne/myday/stats,stats,html,true,200,true,text/html; charset=utf-8,true,false,false,112511,false,https://winningnumbers.us/states/ne/myday/stats,
/states/ne/pick-3,https://winningnumbers.us/states/ne/pick-3,game_family,html,true,200,true,text/html; charset=utf-8,true,false,false,190861,false,https://winningnumbers.us/states/ne/pick-3,
/states/ne/pick-3/historical,https://winningnumbers.us/states/ne/pick-3/historical,historical,html,true,200,true,text/html; charset=utf-8,true,false,false,74698,false,https://winningnumbers.us/states/ne/pick-3/historical,
/states/ne/pick-3/stats,https://winningnumbers.us/states/ne/pick-3/stats,stats,html,true,200,true,text/html; charset=utf-8,true,false,false,112651,false,https://winningnumbers.us/states/ne/pick-3/stats,
/states/ne/pick-4,https://winningnumbers.us/states/ne/pick-4,game_family,html,true,200,true,text/html; charset=utf-8,true,false,false,200280,false,https://winningnumbers.us/states/ne/pick-4,
/states/ne/pick-4/historical,https://winningnumbers.us/states/ne/pick-4/historical,historical,html,true,200,true,text/html; charset=utf-8,true,false,false,74698,false,https://winningnumbers.us/states/ne/pick-4/historical,
/states/ne/pick-4/stats,https://winningnumbers.us/states/ne/pick-4/stats,stats,html,true,200,true,text/html; charset=utf-8,true,false,false,112542,false,https://winningnumbers.us/states/ne/pick-4/stats,
/states/ne/pick-5,https://winningnumbers.us/states/ne/pick-5,game_family,html,true,200,true,text/html; charset=utf-8,true,false,false,211676,false,https://winningnumbers.us/states/ne/pick-5,
/states/ne/pick-5/historical,https://winningnumbers.us/states/ne/pick-5/historical,historical,html,true,200,true,text/html; charset=utf-8,true,false,false,74698,false,https://winningnumbers.us/states/ne/pick-5/historical,
/states/ne/pick-5/stats,https://winningnumbers.us/states/ne/pick-5/stats,stats,html,true,200,true,text/html; charset=utf-8,true,false,false,112558,false,https://winningnumbers.us/states/ne/pick-5/stats,
/states/ne/powerball,https://winningnumbers.us/states/ne/powerball,game_family,html,true,200,true,text/html; charset=utf-8,true,false,false,240952,false,https://winningnumbers.us/states/ne/powerball,
/states/ne/powerball-double-play,https://winningnumbers.us/states/ne/powerball-double-play,game_family,html,true,200,true,text/html; charset=utf-8,true,false,false,235234,false,https://winningnumbers.us/states/ne/powerball-double-play,
/states/ne/powerball-double-play/historical,https://winningnumbers.us/states/ne/powerball-double-play/historical,historical,html,true,200,true,text/html; charset=utf-8,true,false,false,75003,false,https://winningnumbers.us/states/ne/powerball-double-play/historical,
/states/ne/powerball-double-play/stats,https://winningnumbers.us/states/ne/powerball-double-play/stats,stats,html,true,200,true,text/html; charset=utf-8,true,false,false,122014,false,https://winningnumbers.us/states/ne/powerball-double-play/stats,
/states/ne/powerball/historical,https://winningnumbers.us/states/ne/powerball/historical,historical,html,true,200,true,text/html; charset=utf-8,true,false,false,74760,false,https://winningnumbers.us/states/ne/powerball/historical,
/states/ne/powerball/stats,https://winningnumbers.us/states/ne/powerball/stats,stats,html,true,200,true,text/html; charset=utf-8,true,false,false,120909,false,https://winningnumbers.us/states/ne/powerball/stats,
/states/nh,https://winningnumbers.us/states/nh,state,html,true,200,true,text/html; charset=utf-8,true,false,false,227974,false,https://winningnumbers.us/states/nh,
/states/nh/gimme-5,https://winningnumbers.us/states/nh/gimme-5,game_family,html,true,200,true,text/html; charset=utf-8,true,false,false,214907,false,https://winningnumbers.us/states/nh/gimme-5,
/states/nh/gimme-5/historical,https://winningnumbers.us/states/nh/gimme-5/historical,historical,html,true,200,true,text/html; charset=utf-8,true,false,false,74721,false,https://winningnumbers.us/states/nh/gimme-5/historical,
/states/nh/gimme-5/stats,https://winningnumbers.us/states/nh/gimme-5/stats,stats,html,true,200,true,text/html; charset=utf-8,true,false,false,113211,false,https://winningnumbers.us/states/nh/gimme-5/stats,
/states/nh/mega-millions,https://winningnumbers.us/states/nh/mega-millions,game_family,html,true,200,true,text/html; charset=utf-8,true,false,false,232476,false,https://winningnumbers.us/states/nh/mega-millions,
/states/nh/mega-millions/historical,https://winningnumbers.us/states/nh/mega-millions/historical,historical,html,true,200,true,text/html; charset=utf-8,true,false,false,74845,false,https://winningnumbers.us/states/nh/mega-millions/historical,
/states/nh/mega-millions/stats,https://winningnumbers.us/states/nh/mega-millions/stats,stats,html,true,200,true,text/html; charset=utf-8,true,false,false,121280,false,https://winningnumbers.us/states/nh/mega-millions/stats,
/states/nh/megabucks,https://winningnumbers.us/states/nh/megabucks,game_family,html,true,200,true,text/html; charset=utf-8,true,false,false,235935,false,https://winningnumbers.us/states/nh/megabucks,
/states/nh/megabucks/historical,https://winningnumbers.us/states/nh/megabucks/historical,historical,html,true,200,true,text/html; charset=utf-8,true,false,false,74764,false,https://winningnumbers.us/states/nh/megabucks/historical,
/states/nh/megabucks/stats,https://winningnumbers.us/states/nh/megabucks/stats,stats,html,true,200,true,text/html; charset=utf-8,true,false,false,131270,false,https://winningnumbers.us/states/nh/megabucks/stats,
/states/nh/millionaire-for-life,https://winningnumbers.us/states/nh/millionaire-for-life,game_family,html,true,200,true,text/html; charset=utf-8,true,false,false,235718,false,https://winningnumbers.us/states/nh/millionaire-for-life,
/states/nh/millionaire-for-life/historical,https://winningnumbers.us/states/nh/millionaire-for-life/historical,historical,html,true,200,true,text/html; charset=utf-8,true,false,false,74991,false,https://winningnumbers.us/states/nh/millionaire-for-life/historical,
/states/nh/millionaire-for-life/stats,https://winningnumbers.us/states/nh/millionaire-for-life/stats,stats,html,true,200,true,text/html; charset=utf-8,true,false,false,131667,false,https://winningnumbers.us/states/nh/millionaire-for-life/stats,
/states/nh/pick-3,https://winningnumbers.us/states/nh/pick-3,game_family,html,true,200,true,text/html; charset=utf-8,true,false,false,225344,false,https://winningnumbers.us/states/nh/pick-3,
/states/nh/pick-3/day,https://winningnumbers.us/states/nh/pick-3/day,session,html,true,200,true,text/html; charset=utf-8,true,false,false,189773,false,https://winningnumbers.us/states/nh/pick-3/day,
/states/nh/pick-3/evening,https://winningnumbers.us/states/nh/pick-3/evening,session,html,true,200,true,text/html; charset=utf-8,true,false,false,190085,false,https://winningnumbers.us/states/nh/pick-3/evening,
/states/nh/pick-3/historical,https://winningnumbers.us/states/nh/pick-3/historical,historical,html,true,200,true,text/html; charset=utf-8,true,false,false,74698,false,https://winningnumbers.us/states/nh/pick-3/historical,
/states/nh/pick-3/stats,https://winningnumbers.us/states/nh/pick-3/stats,stats,html,true,200,true,text/html; charset=utf-8,true,false,false,112810,false,https://winningnumbers.us/states/nh/pick-3/stats,
/states/nh/pick-4,https://winningnumbers.us/states/nh/pick-4,game_family,html,true,200,true,text/html; charset=utf-8,true,false,false,235340,false,https://winningnumbers.us/states/nh/pick-4,
/states/nh/pick-4/day,https://winningnumbers.us/states/nh/pick-4/day,session,html,true,200,true,text/html; charset=utf-8,true,false,false,199238,false,https://winningnumbers.us/states/nh/pick-4/day,
/states/nh/pick-4/evening,https://winningnumbers.us/states/nh/pick-4/evening,session,html,true,200,true,text/html; charset=utf-8,true,false,false,199572,false,https://winningnumbers.us/states/nh/pick-4/evening,
/states/nh/pick-4/historical,https://winningnumbers.us/states/nh/pick-4/historical,historical,html,true,200,true,text/html; charset=utf-8,true,false,false,74698,false,https://winningnumbers.us/states/nh/pick-4/historical,
/states/nh/pick-4/stats,https://winningnumbers.us/states/nh/pick-4/stats,stats,html,true,200,true,text/html; charset=utf-8,true,false,false,112795,false,https://winningnumbers.us/states/nh/pick-4/stats,
/states/nh/powerball,https://winningnumbers.us/states/nh/powerball,game_family,html,true,200,true,text/html; charset=utf-8,true,false,false,241377,false,https://winningnumbers.us/states/nh/powerball,
/states/nh/powerball/historical,https://winningnumbers.us/states/nh/powerball/historical,historical,html,true,200,true,text/html; charset=utf-8,true,false,false,74762,false,https://winningnumbers.us/states/nh/powerball/historical,
/states/nh/powerball/stats,https://winningnumbers.us/states/nh/powerball/stats,stats,html,true,200,true,text/html; charset=utf-8,true,false,false,121407,false,https://winningnumbers.us/states/nh/powerball/stats,
/states/nj,https://winningnumbers.us/states/nj,state,html,true,200,true,text/html; charset=utf-8,true,false,false,255080,false,https://winningnumbers.us/states/nj,
/states/nj/jersey-cash-5,https://winningnumbers.us/states/nj/jersey-cash-5,game_family,html,true,200,true,text/html; charset=utf-8,true,false,false,236175,false,https://winningnumbers.us/states/nj/jersey-cash-5,
/states/nj/jersey-cash-5/historical,https://winningnumbers.us/states/nj/jersey-cash-5/historical,historical,html,true,200,true,text/html; charset=utf-8,true,false,false,74836,false,https://winningnumbers.us/states/nj/jersey-cash-5/historical,
/states/nj/jersey-cash-5/stats,https://winningnumbers.us/states/nj/jersey-cash-5/stats,stats,html,true,200,true,text/html; charset=utf-8,true,false,false,125970,false,https://winningnumbers.us/states/nj/jersey-cash-5/stats,
/states/nj/mega-millions,https://winningnumbers.us/states/nj/mega-millions,game_family,html,true,200,true,text/html; charset=utf-8,true,false,false,232951,false,https://winningnumbers.us/states/nj/mega-millions,
/states/nj/mega-millions/historical,https://winningnumbers.us/states/nj/mega-millions/historical,historical,html,true,200,true,text/html; charset=utf-8,true,false,false,74845,false,https://winningnumbers.us/states/nj/mega-millions/historical,
/states/nj/mega-millions/stats,https://winningnumbers.us/states/nj/mega-millions/stats,stats,html,true,200,true,text/html; charset=utf-8,true,false,false,121235,false,https://winningnumbers.us/states/nj/mega-millions/stats,
/states/nj/millionaire-for-life,https://winningnumbers.us/states/nj/millionaire-for-life,game_family,html,true,200,true,text/html; charset=utf-8,true,false,false,235150,false,https://winningnumbers.us/states/nj/millionaire-for-life,
/states/nj/millionaire-for-life/historical,https://winningnumbers.us/states/nj/millionaire-for-life/historical,historical,html,true,200,true,text/html; charset=utf-8,true,false,false,74991,false,https://winningnumbers.us/states/nj/millionaire-for-life/historical,
/states/nj/millionaire-for-life/stats,https://winningnumbers.us/states/nj/millionaire-for-life/stats,stats,html,true,200,true,text/html; charset=utf-8,true,false,false,131683,false,https://winningnumbers.us/states/nj/millionaire-for-life/stats,
/states/nj/pick-3,https://winningnumbers.us/states/nj/pick-3,game_family,html,true,200,true,text/html; charset=utf-8,true,false,false,245364,false,https://winningnumbers.us/states/nj/pick-3,
/states/nj/pick-3/evening,https://winningnumbers.us/states/nj/pick-3/evening,session,html,true,200,true,text/html; charset=utf-8,true,false,false,208881,false,https://winningnumbers.us/states/nj/pick-3/evening,
/states/nj/pick-3/historical,https://winningnumbers.us/states/nj/pick-3/historical,historical,html,true,200,true,text/html; charset=utf-8,true,false,false,74698,false,https://winningnumbers.us/states/nj/pick-3/historical,
/states/nj/pick-3/midday,https://winningnumbers.us/states/nj/pick-3/midday,session,html,true,200,true,text/html; charset=utf-8,true,false,false,208887,false,https://winningnumbers.us/states/nj/pick-3/midday,
/states/nj/pick-3/stats,https://winningnumbers.us/states/nj/pick-3/stats,stats,html,true,200,true,text/html; charset=utf-8,true,false,false,121535,false,https://winningnumbers.us/states/nj/pick-3/stats,
/states/nj/pick-4,https://winningnumbers.us/states/nj/pick-4,game_family,html,true,200,true,text/html; charset=utf-8,true,false,false,255378,false,https://winningnumbers.us/states/nj/pick-4,
/states/nj/pick-4/evening,https://winningnumbers.us/states/nj/pick-4/evening,session,html,true,200,true,text/html; charset=utf-8,true,false,false,218366,false,https://winningnumbers.us/states/nj/pick-4/evening,
/states/nj/pick-4/historical,https://winningnumbers.us/states/nj/pick-4/historical,historical,html,true,200,true,text/html; charset=utf-8,true,false,false,74698,false,https://winningnumbers.us/states/nj/pick-4/historical,
/states/nj/pick-4/midday,https://winningnumbers.us/states/nj/pick-4/midday,session,html,true,200,true,text/html; charset=utf-8,true,false,false,218370,false,https://winningnumbers.us/states/nj/pick-4/midday,
/states/nj/pick-4/stats,https://winningnumbers.us/states/nj/pick-4/stats,stats,html,true,200,true,text/html; charset=utf-8,true,false,false,121541,false,https://winningnumbers.us/states/nj/pick-4/stats,
/states/nj/pick-6,https://winningnumbers.us/states/nj/pick-6,game_family,html,true,200,true,text/html; charset=utf-8,true,false,false,285531,false,https://winningnumbers.us/states/nj/pick-6,
/states/nj/pick-6/historical,https://winningnumbers.us/states/nj/pick-6/historical,historical,html,true,200,true,text/html; charset=utf-8,true,false,false,74698,false,https://winningnumbers.us/states/nj/pick-6/historical,
/states/nj/pick-6/stats,https://winningnumbers.us/states/nj/pick-6/stats,stats,html,true,200,true,text/html; charset=utf-8,true,false,false,112763,false,https://winningnumbers.us/states/nj/pick-6/stats,
/states/nj/powerball,https://winningnumbers.us/states/nj/powerball,game_family,html,true,200,true,text/html; charset=utf-8,true,false,false,242443,false,https://winningnumbers.us/states/nj/powerball,
/states/nj/powerball-double-play,https://winningnumbers.us/states/nj/powerball-double-play,game_family,html,true,200,true,text/html; charset=utf-8,true,false,false,236069,false,https://winningnumbers.us/states/nj/powerball-double-play,
/states/nj/powerball-double-play/historical,https://winningnumbers.us/states/nj/powerball-double-play/historical,historical,html,true,200,true,text/html; charset=utf-8,true,false,false,75005,false,https://winningnumbers.us/states/nj/powerball-double-play/historical,
/states/nj/powerball-double-play/stats,https://winningnumbers.us/states/nj/powerball-double-play/stats,stats,html,true,200,true,text/html; charset=utf-8,true,false,false,122048,false,https://winningnumbers.us/states/nj/powerball-double-play/stats,
/states/nj/powerball/historical,https://winningnumbers.us/states/nj/powerball/historical,historical,html,true,200,true,text/html; charset=utf-8,true,false,false,74762,false,https://winningnumbers.us/states/nj/powerball/historical,
/states/nj/powerball/stats,https://winningnumbers.us/states/nj/powerball/stats,stats,html,true,200,true,text/html; charset=utf-8,true,false,false,121405,false,https://winningnumbers.us/states/nj/powerball/stats,
/states/nm,https://winningnumbers.us/states/nm,state,html,true,200,true,text/html; charset=utf-8,true,false,false,230112,false,https://winningnumbers.us/states/nm,
/states/nm/lotto-america,https://winningnumbers.us/states/nm/lotto-america,game_family,html,true,200,true,text/html; charset=utf-8,true,false,false,245395,false,https://winningnumbers.us/states/nm/lotto-america,
/states/nm/lotto-america/historical,https://winningnumbers.us/states/nm/lotto-america/historical,historical,html,true,200,true,text/html; charset=utf-8,true,false,false,74843,false,https://winningnumbers.us/states/nm/lotto-america/historical,
/states/nm/lotto-america/stats,https://winningnumbers.us/states/nm/lotto-america/stats,stats,html,true,200,true,text/html; charset=utf-8,true,false,false,127865,false,https://winningnumbers.us/states/nm/lotto-america/stats,
/states/nm/mega-millions,https://winningnumbers.us/states/nm/mega-millions,game_family,html,true,200,true,text/html; charset=utf-8,true,false,false,231844,false,https://winningnumbers.us/states/nm/mega-millions,
/states/nm/mega-millions/historical,https://winningnumbers.us/states/nm/mega-millions/historical,historical,html,true,200,true,text/html; charset=utf-8,true,false,false,74845,false,https://winningnumbers.us/states/nm/mega-millions/historical,
/states/nm/mega-millions/stats,https://winningnumbers.us/states/nm/mega-millions/stats,stats,html,true,200,true,text/html; charset=utf-8,true,false,false,120754,false,https://winningnumbers.us/states/nm/mega-millions/stats,
/states/nm/pick-3,https://winningnumbers.us/states/nm/pick-3,game_family,html,true,200,true,text/html; charset=utf-8,true,false,false,223773,false,https://winningnumbers.us/states/nm/pick-3,
/states/nm/pick-3/day,https://winningnumbers.us/states/nm/pick-3/day,session,html,true,200,true,text/html; charset=utf-8,true,false,false,188958,false,https://winningnumbers.us/states/nm/pick-3/day,
/states/nm/pick-3/evening,https://winningnumbers.us/states/nm/pick-3/evening,session,html,true,200,true,text/html; charset=utf-8,true,false,false,189308,false,https://winningnumbers.us/states/nm/pick-3/evening,
/states/nm/pick-3/historical,https://winningnumbers.us/states/nm/pick-3/historical,historical,html,true,200,true,text/html; charset=utf-8,true,false,false,74729,false,https://winningnumbers.us/states/nm/pick-3/historical,
/states/nm/pick-3/stats,https://winningnumbers.us/states/nm/pick-3/stats,stats,html,true,200,true,text/html; charset=utf-8,true,false,false,112797,false,https://winningnumbers.us/states/nm/pick-3/stats,
/states/nm/pick-4,https://winningnumbers.us/states/nm/pick-4,game_family,html,true,200,true,text/html; charset=utf-8,true,false,false,233783,false,https://winningnumbers.us/states/nm/pick-4,
/states/nm/pick-4/day,https://winningnumbers.us/states/nm/pick-4/day,session,html,true,200,true,text/html; charset=utf-8,true,false,false,198437,false,https://winningnumbers.us/states/nm/pick-4/day,
/states/nm/pick-4/evening,https://winningnumbers.us/states/nm/pick-4/evening,session,html,true,200,true,text/html; charset=utf-8,true,false,false,198787,false,https://winningnumbers.us/states/nm/pick-4/evening,
/states/nm/pick-4/historical,https://winningnumbers.us/states/nm/pick-4/historical,historical,html,true,200,true,text/html; charset=utf-8,true,false,false,74729,false,https://winningnumbers.us/states/nm/pick-4/historical,
/states/nm/pick-4/stats,https://winningnumbers.us/states/nm/pick-4/stats,stats,html,true,200,true,text/html; charset=utf-8,true,false,false,112753,false,https://winningnumbers.us/states/nm/pick-4/stats,
/states/nm/powerball,https://winningnumbers.us/states/nm/powerball,game_family,html,true,200,true,text/html; charset=utf-8,true,false,false,241444,false,https://winningnumbers.us/states/nm/powerball,
/states/nm/powerball-double-play,https://winningnumbers.us/states/nm/powerball-double-play,game_family,html,true,200,true,text/html; charset=utf-8,true,false,false,234974,false,https://winningnumbers.us/states/nm/powerball-double-play,
/states/nm/powerball-double-play/historical,https://winningnumbers.us/states/nm/powerball-double-play/historical,historical,html,true,200,true,text/html; charset=utf-8,true,false,false,75003,false,https://winningnumbers.us/states/nm/powerball-double-play/historical,
/states/nm/powerball-double-play/stats,https://winningnumbers.us/states/nm/powerball-double-play/stats,stats,html,true,200,true,text/html; charset=utf-8,true,false,false,121276,false,https://winningnumbers.us/states/nm/powerball-double-play/stats,
/states/nm/powerball/historical,https://winningnumbers.us/states/nm/powerball/historical,historical,html,true,200,true,text/html; charset=utf-8,true,false,false,74760,false,https://winningnumbers.us/states/nm/powerball/historical,
/states/nm/powerball/stats,https://winningnumbers.us/states/nm/powerball/stats,stats,html,true,200,true,text/html; charset=utf-8,true,false,false,124213,false,https://winningnumbers.us/states/nm/powerball/stats,
/states/nm/road-runner-cash,https://winningnumbers.us/states/nm/road-runner-cash,game_family,html,true,200,true,text/html; charset=utf-8,true,false,false,214896,false,https://winningnumbers.us/states/nm/road-runner-cash,
/states/nm/road-runner-cash/historical,https://winningnumbers.us/states/nm/road-runner-cash/historical,historical,html,true,200,true,text/html; charset=utf-8,true,false,false,74939,false,https://winningnumbers.us/states/nm/road-runner-cash/historical,
/states/nm/road-runner-cash/stats,https://winningnumbers.us/states/nm/road-runner-cash/stats,stats,html,true,200,true,text/html; charset=utf-8,true,false,false,113155,false,https://winningnumbers.us/states/nm/road-runner-cash/stats,
/states/ny,https://winningnumbers.us/states/ny,state,html,true,200,true,text/html; charset=utf-8,true,false,false,261465,false,https://winningnumbers.us/states/ny,
/states/ny/lotto,https://winningnumbers.us/states/ny/lotto,game_family,html,true,200,true,text/html; charset=utf-8,true,false,false,243840,false,https://winningnumbers.us/states/ny/lotto,
/states/ny/lotto/historical,https://winningnumbers.us/states/ny/lotto/historical,historical,html,true,200,true,text/html; charset=utf-8,true,false,false,74676,false,https://winningnumbers.us/states/ny/lotto/historical,
/states/ny/lotto/stats,https://winningnumbers.us/states/ny/lotto/stats,stats,html,true,200,true,text/html; charset=utf-8,true,false,false,121410,false,https://winningnumbers.us/states/ny/lotto/stats,
/states/ny/mega-millions,https://winningnumbers.us/states/ny/mega-millions,game_family,html,true,200,true,text/html; charset=utf-8,true,false,false,232216,false,https://winningnumbers.us/states/ny/mega-millions,
/states/ny/mega-millions/historical,https://winningnumbers.us/states/ny/mega-millions/historical,historical,html,true,200,true,text/html; charset=utf-8,true,false,false,74845,false,https://winningnumbers.us/states/ny/mega-millions/historical,
/states/ny/mega-millions/stats,https://winningnumbers.us/states/ny/mega-millions/stats,stats,html,true,200,true,text/html; charset=utf-8,true,false,false,121205,false,https://winningnumbers.us/states/ny/mega-millions/stats,
/states/ny/millionaire-for-life,https://winningnumbers.us/states/ny/millionaire-for-life,game_family,html,true,200,true,text/html; charset=utf-8,true,false,false,235379,false,https://winningnumbers.us/states/ny/millionaire-for-life,
/states/ny/millionaire-for-life/historical,https://winningnumbers.us/states/ny/millionaire-for-life/historical,historical,html,true,200,true,text/html; charset=utf-8,true,false,false,74991,false,https://winningnumbers.us/states/ny/millionaire-for-life/historical,
/states/ny/millionaire-for-life/stats,https://winningnumbers.us/states/ny/millionaire-for-life/stats,stats,html,true,200,true,text/html; charset=utf-8,true,false,false,131650,false,https://winningnumbers.us/states/ny/millionaire-for-life/stats,
/states/ny/numbers,https://winningnumbers.us/states/ny/numbers,game_family,html,true,200,true,text/html; charset=utf-8,true,false,false,228432,false,https://winningnumbers.us/states/ny/numbers,
/states/ny/numbers/evening,https://winningnumbers.us/states/ny/numbers/evening,session,html,true,200,true,text/html; charset=utf-8,true,false,false,189978,false,https://winningnumbers.us/states/ny/numbers/evening,
/states/ny/numbers/historical,https://winningnumbers.us/states/ny/numbers/historical,historical,html,true,200,true,text/html; charset=utf-8,true,false,false,74718,false,https://winningnumbers.us/states/ny/numbers/historical,
/states/ny/numbers/midday,https://winningnumbers.us/states/ny/numbers/midday,session,html,true,200,true,text/html; charset=utf-8,true,false,false,189926,false,https://winningnumbers.us/states/ny/numbers/midday,
/states/ny/numbers/stats,https://winningnumbers.us/states/ny/numbers/stats,stats,html,true,200,true,text/html; charset=utf-8,true,false,false,112766,false,https://winningnumbers.us/states/ny/numbers/stats,
/states/ny/pick-10,https://winningnumbers.us/states/ny/pick-10,game_family,html,true,200,true,text/html; charset=utf-8,true,false,false,354408,false,https://winningnumbers.us/states/ny/pick-10,
/states/ny/pick-10/historical,https://winningnumbers.us/states/ny/pick-10/historical,historical,html,true,200,true,text/html; charset=utf-8,true,false,false,74717,false,https://winningnumbers.us/states/ny/pick-10/historical,
/states/ny/pick-10/stats,https://winningnumbers.us/states/ny/pick-10/stats,stats,html,true,200,true,text/html; charset=utf-8,true,false,false,112788,false,https://winningnumbers.us/states/ny/pick-10/stats,
/states/ny/powerball,https://winningnumbers.us/states/ny/powerball,game_family,html,true,200,true,text/html; charset=utf-8,true,false,false,241641,false,https://winningnumbers.us/states/ny/powerball,
/states/ny/powerball/historical,https://winningnumbers.us/states/ny/powerball/historical,historical,html,true,200,true,text/html; charset=utf-8,true,false,false,74760,false,https://winningnumbers.us/states/ny/powerball/historical,
/states/ny/powerball/stats,https://winningnumbers.us/states/ny/powerball/stats,stats,html,true,200,true,text/html; charset=utf-8,true,false,false,121371,false,https://winningnumbers.us/states/ny/powerball/stats,
/states/ny/take-5,https://winningnumbers.us/states/ny/take-5,game_family,html,true,200,true,text/html; charset=utf-8,true,false,false,247122,false,https://winningnumbers.us/states/ny/take-5,
/states/ny/take-5/evening,https://winningnumbers.us/states/ny/take-5/evening,session,html,true,200,true,text/html; charset=utf-8,true,false,false,208251,false,https://winningnumbers.us/states/ny/take-5/evening,
/states/ny/take-5/historical,https://winningnumbers.us/states/ny/take-5/historical,historical,html,true,200,true,text/html; charset=utf-8,true,false,false,74696,false,https://winningnumbers.us/states/ny/take-5/historical,
/states/ny/take-5/midday,https://winningnumbers.us/states/ny/take-5/midday,session,html,true,200,true,text/html; charset=utf-8,true,false,false,208184,false,https://winningnumbers.us/states/ny/take-5/midday,
/states/ny/take-5/stats,https://winningnumbers.us/states/ny/take-5/stats,stats,html,true,200,true,text/html; charset=utf-8,true,false,false,112736,false,https://winningnumbers.us/states/ny/take-5/stats,
/states/ny/win-4,https://winningnumbers.us/states/ny/win-4,game_family,html,true,200,true,text/html; charset=utf-8,true,false,false,236476,false,https://winningnumbers.us/states/ny/win-4,
/states/ny/win-4/evening,https://winningnumbers.us/states/ny/win-4/evening,session,html,true,200,true,text/html; charset=utf-8,true,false,false,198388,false,https://winningnumbers.us/states/ny/win-4/evening,
/states/ny/win-4/historical,https://winningnumbers.us/states/ny/win-4/historical,historical,html,true,200,true,text/html; charset=utf-8,true,false,false,74675,false,https://winningnumbers.us/states/ny/win-4/historical,
/states/ny/win-4/midday,https://winningnumbers.us/states/ny/win-4/midday,session,html,true,200,true,text/html; charset=utf-8,true,false,false,198347,false,https://winningnumbers.us/states/ny/win-4/midday,
/states/ny/win-4/stats,https://winningnumbers.us/states/ny/win-4/stats,stats,html,true,200,true,text/html; charset=utf-8,true,false,false,112685,false,https://winningnumbers.us/states/ny/win-4/stats,
/states/oh,https://winningnumbers.us/states/oh,state,html,true,200,true,text/html; charset=utf-8,true,false,false,272918,false,https://winningnumbers.us/states/oh,
/states/oh/classic-lotto,https://winningnumbers.us/states/oh/classic-lotto,game_family,html,true,200,true,text/html; charset=utf-8,true,false,false,225713,false,https://winningnumbers.us/states/oh/classic-lotto,
/states/oh/classic-lotto/historical,https://winningnumbers.us/states/oh/classic-lotto/historical,historical,html,true,200,true,text/html; charset=utf-8,true,false,false,74845,false,https://winningnumbers.us/states/oh/classic-lotto/historical,
/states/oh/classic-lotto/stats,https://winningnumbers.us/states/oh/classic-lotto/stats,stats,html,true,200,true,text/html; charset=utf-8,true,false,false,113287,false,https://winningnumbers.us/states/oh/classic-lotto/stats,
/states/oh/kicker,https://winningnumbers.us/states/oh/kicker,game_family,html,true,200,true,text/html; charset=utf-8,true,false,false,222872,false,https://winningnumbers.us/states/oh/kicker,
/states/oh/kicker/historical,https://winningnumbers.us/states/oh/kicker/historical,historical,html,true,200,true,text/html; charset=utf-8,true,false,false,74699,false,https://winningnumbers.us/states/oh/kicker/historical,
/states/oh/kicker/stats,https://winningnumbers.us/states/oh/kicker/stats,stats,html,true,200,true,text/html; charset=utf-8,true,false,false,112656,false,https://winningnumbers.us/states/oh/kicker/stats,
/states/oh/mega-millions,https://winningnumbers.us/states/oh/mega-millions,game_family,html,true,200,true,text/html; charset=utf-8,true,false,false,232696,false,https://winningnumbers.us/states/oh/mega-millions,
/states/oh/mega-millions/historical,https://winningnumbers.us/states/oh/mega-millions/historical,historical,html,true,200,true,text/html; charset=utf-8,true,false,false,74845,false,https://winningnumbers.us/states/oh/mega-millions/historical,
/states/oh/mega-millions/stats,https://winningnumbers.us/states/oh/mega-millions/stats,stats,html,true,200,true,text/html; charset=utf-8,true,false,false,121145,false,https://winningnumbers.us/states/oh/mega-millions/stats,
/states/oh/millionaire-for-life,https://winningnumbers.us/states/oh/millionaire-for-life,game_family,html,true,200,true,text/html; charset=utf-8,true,false,false,234927,false,https://winningnumbers.us/states/oh/millionaire-for-life,
/states/oh/millionaire-for-life/historical,https://winningnumbers.us/states/oh/millionaire-for-life/historical,historical,html,true,200,true,text/html; charset=utf-8,true,false,false,74991,false,https://winningnumbers.us/states/oh/millionaire-for-life/historical,
/states/oh/millionaire-for-life/stats,https://winningnumbers.us/states/oh/millionaire-for-life/stats,stats,html,true,200,true,text/html; charset=utf-8,true,false,false,131593,false,https://winningnumbers.us/states/oh/millionaire-for-life/stats,
/states/oh/pick-3,https://winningnumbers.us/states/oh/pick-3,game_family,html,true,200,true,text/html; charset=utf-8,true,false,false,223918,false,https://winningnumbers.us/states/oh/pick-3,
/states/oh/pick-3/evening,https://winningnumbers.us/states/oh/pick-3/evening,session,html,true,200,true,text/html; charset=utf-8,true,false,false,189255,false,https://winningnumbers.us/states/oh/pick-3/evening,
/states/oh/pick-3/historical,https://winningnumbers.us/states/oh/pick-3/historical,historical,html,true,200,true,text/html; charset=utf-8,true,false,false,74698,false,https://winningnumbers.us/states/oh/pick-3/historical,
/states/oh/pick-3/midday,https://winningnumbers.us/states/oh/pick-3/midday,session,html,true,200,true,text/html; charset=utf-8,true,false,false,189106,false,https://winningnumbers.us/states/oh/pick-3/midday,
/states/oh/pick-3/stats,https://winningnumbers.us/states/oh/pick-3/stats,stats,html,true,200,true,text/html; charset=utf-8,true,false,false,112657,false,https://winningnumbers.us/states/oh/pick-3/stats,
/states/oh/pick-4,https://winningnumbers.us/states/oh/pick-4,game_family,html,true,200,true,text/html; charset=utf-8,true,false,false,233932,false,https://winningnumbers.us/states/oh/pick-4,
/states/oh/pick-4/evening,https://winningnumbers.us/states/oh/pick-4/evening,session,html,true,200,true,text/html; charset=utf-8,true,false,false,198736,false,https://winningnumbers.us/states/oh/pick-4/evening,
/states/oh/pick-4/historical,https://winningnumbers.us/states/oh/pick-4/historical,historical,html,true,200,true,text/html; charset=utf-8,true,false,false,74698,false,https://winningnumbers.us/states/oh/pick-4/historical,
/states/oh/pick-4/midday,https://winningnumbers.us/states/oh/pick-4/midday,session,html,true,200,true,text/html; charset=utf-8,true,false,false,198589,false,https://winningnumbers.us/states/oh/pick-4/midday,
/states/oh/pick-4/stats,https://winningnumbers.us/states/oh/pick-4/stats,stats,html,true,200,true,text/html; charset=utf-8,true,false,false,112675,false,https://winningnumbers.us/states/oh/pick-4/stats,
/states/oh/pick-5,https://winningnumbers.us/states/oh/pick-5,game_family,html,true,200,true,text/html; charset=utf-8,true,false,false,244131,false,https://winningnumbers.us/states/oh/pick-5,
/states/oh/pick-5/evening,https://winningnumbers.us/states/oh/pick-5/evening,session,html,true,200,true,text/html; charset=utf-8,true,false,false,208208,false,https://winningnumbers.us/states/oh/pick-5/evening,
/states/oh/pick-5/historical,https://winningnumbers.us/states/oh/pick-5/historical,historical,html,true,200,true,text/html; charset=utf-8,true,false,false,74698,false,https://winningnumbers.us/states/oh/pick-5/historical,
/states/oh/pick-5/midday,https://winningnumbers.us/states/oh/pick-5/midday,session,html,true,200,true,text/html; charset=utf-8,true,false,false,208053,false,https://winningnumbers.us/states/oh/pick-5/midday,
/states/oh/pick-5/stats,https://winningnumbers.us/states/oh/pick-5/stats,stats,html,true,200,true,text/html; charset=utf-8,true,false,false,112651,false,https://winningnumbers.us/states/oh/pick-5/stats,
/states/oh/powerball,https://winningnumbers.us/states/oh/powerball,game_family,html,true,200,true,text/html; charset=utf-8,true,false,false,242352,false,https://winningnumbers.us/states/oh/powerball,
/states/oh/powerball/historical,https://winningnumbers.us/states/oh/powerball/historical,historical,html,true,200,true,text/html; charset=utf-8,true,false,false,74760,false,https://winningnumbers.us/states/oh/powerball/historical,
/states/oh/powerball/stats,https://winningnumbers.us/states/oh/powerball/stats,stats,html,true,200,true,text/html; charset=utf-8,true,false,false,121283,false,https://winningnumbers.us/states/oh/powerball/stats,
/states/oh/rolling-cash-5,https://winningnumbers.us/states/oh/rolling-cash-5,game_family,html,true,200,true,text/html; charset=utf-8,true,false,false,215756,false,https://winningnumbers.us/states/oh/rolling-cash-5,
/states/oh/rolling-cash-5/historical,https://winningnumbers.us/states/oh/rolling-cash-5/historical,historical,html,true,200,true,text/html; charset=utf-8,true,false,false,74865,false,https://winningnumbers.us/states/oh/rolling-cash-5/historical,
/states/oh/rolling-cash-5/stats,https://winningnumbers.us/states/oh/rolling-cash-5/stats,stats,html,true,200,true,text/html; charset=utf-8,true,false,false,112928,false,https://winningnumbers.us/states/oh/rolling-cash-5/stats,
/states/ok,https://winningnumbers.us/states/ok,state,html,true,200,true,text/html; charset=utf-8,true,false,false,206320,false,https://winningnumbers.us/states/ok,
/states/ok/cash-5,https://winningnumbers.us/states/ok/cash-5,game_family,html,true,200,true,text/html; charset=utf-8,true,false,false,213550,false,https://winningnumbers.us/states/ok/cash-5,
/states/ok/cash-5/historical,https://winningnumbers.us/states/ok/cash-5/historical,historical,html,true,200,true,text/html; charset=utf-8,true,false,false,74698,false,https://winningnumbers.us/states/ok/cash-5/historical,
/states/ok/cash-5/stats,https://winningnumbers.us/states/ok/cash-5/stats,stats,html,true,200,true,text/html; charset=utf-8,true,false,false,112723,false,https://winningnumbers.us/states/ok/cash-5/stats,
/states/ok/lotto-america,https://winningnumbers.us/states/ok/lotto-america,game_family,html,true,200,true,text/html; charset=utf-8,true,false,false,244916,false,https://winningnumbers.us/states/ok/lotto-america,
/states/ok/lotto-america/historical,https://winningnumbers.us/states/ok/lotto-america/historical,historical,html,true,200,true,text/html; charset=utf-8,true,false,false,74843,false,https://winningnumbers.us/states/ok/lotto-america/historical,
/states/ok/lotto-america/stats,https://winningnumbers.us/states/ok/lotto-america/stats,stats,html,true,200,true,text/html; charset=utf-8,true,false,false,123423,false,https://winningnumbers.us/states/ok/lotto-america/stats,
/states/ok/mega-millions,https://winningnumbers.us/states/ok/mega-millions,game_family,html,true,200,true,text/html; charset=utf-8,true,false,false,231542,false,https://winningnumbers.us/states/ok/mega-millions,
/states/ok/mega-millions/historical,https://winningnumbers.us/states/ok/mega-millions/historical,historical,html,true,200,true,text/html; charset=utf-8,true,false,false,74845,false,https://winningnumbers.us/states/ok/mega-millions/historical,
/states/ok/mega-millions/stats,https://winningnumbers.us/states/ok/mega-millions/stats,stats,html,true,200,true,text/html; charset=utf-8,true,false,false,121205,false,https://winningnumbers.us/states/ok/mega-millions/stats,
/states/ok/millionaire-for-life,https://winningnumbers.us/states/ok/millionaire-for-life,game_family,html,true,200,true,text/html; charset=utf-8,true,false,false,234929,false,https://winningnumbers.us/states/ok/millionaire-for-life,
/states/ok/millionaire-for-life/historical,https://winningnumbers.us/states/ok/millionaire-for-life/historical,historical,html,true,200,true,text/html; charset=utf-8,true,false,false,74991,false,https://winningnumbers.us/states/ok/millionaire-for-life/historical,
/states/ok/millionaire-for-life/stats,https://winningnumbers.us/states/ok/millionaire-for-life/stats,stats,html,true,200,true,text/html; charset=utf-8,true,false,false,131653,false,https://winningnumbers.us/states/ok/millionaire-for-life/stats,
/states/ok/pick-3,https://winningnumbers.us/states/ok/pick-3,game_family,html,true,200,true,text/html; charset=utf-8,true,false,false,188800,false,https://winningnumbers.us/states/ok/pick-3,
/states/ok/pick-3/historical,https://winningnumbers.us/states/ok/pick-3/historical,historical,html,true,200,true,text/html; charset=utf-8,true,false,false,74698,false,https://winningnumbers.us/states/ok/pick-3/historical,
/states/ok/pick-3/stats,https://winningnumbers.us/states/ok/pick-3/stats,stats,html,true,200,true,text/html; charset=utf-8,true,false,false,110737,false,https://winningnumbers.us/states/ok/pick-3/stats,
/states/ok/powerball,https://winningnumbers.us/states/ok/powerball,game_family,html,true,200,true,text/html; charset=utf-8,true,false,false,241080,false,https://winningnumbers.us/states/ok/powerball,
/states/ok/powerball-double-play,https://winningnumbers.us/states/ok/powerball-double-play,game_family,html,true,200,true,text/html; charset=utf-8,true,false,false,234702,false,https://winningnumbers.us/states/ok/powerball-double-play,
/states/ok/powerball-double-play/historical,https://winningnumbers.us/states/ok/powerball-double-play/historical,historical,html,true,200,true,text/html; charset=utf-8,true,false,false,75003,false,https://winningnumbers.us/states/ok/powerball-double-play/historical,
/states/ok/powerball-double-play/stats,https://winningnumbers.us/states/ok/powerball-double-play/stats,stats,html,true,200,true,text/html; charset=utf-8,true,false,false,122014,false,https://winningnumbers.us/states/ok/powerball-double-play/stats,
/states/ok/powerball/historical,https://winningnumbers.us/states/ok/powerball/historical,historical,html,true,200,true,text/html; charset=utf-8,true,false,false,74762,false,https://winningnumbers.us/states/ok/powerball/historical,
/states/ok/powerball/stats,https://winningnumbers.us/states/ok/powerball/stats,stats,html,true,200,true,text/html; charset=utf-8,true,false,false,121375,false,https://winningnumbers.us/states/ok/powerball/stats,
/states/or,https://winningnumbers.us/states/or,state,html,true,200,true,text/html; charset=utf-8,true,false,false,204332,false,https://winningnumbers.us/states/or,
/states/or/mega-millions,https://winningnumbers.us/states/or/mega-millions,game_family,html,true,200,true,text/html; charset=utf-8,true,false,false,232661,false,https://winningnumbers.us/states/or/mega-millions,
/states/or/mega-millions/historical,https://winningnumbers.us/states/or/mega-millions/historical,historical,html,true,200,true,text/html; charset=utf-8,true,false,false,74845,false,https://winningnumbers.us/states/or/mega-millions/historical,
/states/or/mega-millions/stats,https://winningnumbers.us/states/or/mega-millions/stats,stats,html,true,200,true,text/html; charset=utf-8,true,false,false,121175,false,https://winningnumbers.us/states/or/mega-millions/stats,
/states/or/megabucks,https://winningnumbers.us/states/or/megabucks,game_family,html,true,200,true,text/html; charset=utf-8,true,false,false,224803,false,https://winningnumbers.us/states/or/megabucks,
/states/or/megabucks/historical,https://winningnumbers.us/states/or/megabucks/historical,historical,html,true,200,true,text/html; charset=utf-8,true,false,false,74760,false,https://winningnumbers.us/states/or/megabucks/historical,
/states/or/megabucks/stats,https://winningnumbers.us/states/or/megabucks/stats,stats,html,true,200,true,text/html; charset=utf-8,true,false,false,112784,false,https://winningnumbers.us/states/or/megabucks/stats,
/states/or/pick-4,https://winningnumbers.us/states/or/pick-4,game_family,html,true,200,true,text/html; charset=utf-8,true,false,false,278874,false,https://winningnumbers.us/states/or/pick-4,
/states/or/pick-4/10pm,https://winningnumbers.us/states/or/pick-4/10pm,session,html,true,200,true,text/html; charset=utf-8,true,false,false,202722,false,https://winningnumbers.us/states/or/pick-4/10pm,
/states/or/pick-4/1pm,https://winningnumbers.us/states/or/pick-4/1pm,session,html,true,200,true,text/html; charset=utf-8,true,false,false,202619,false,https://winningnumbers.us/states/or/pick-4/1pm,
/states/or/pick-4/4pm,https://winningnumbers.us/states/or/pick-4/4pm,session,html,true,200,true,text/html; charset=utf-8,true,false,false,202627,false,https://winningnumbers.us/states/or/pick-4/4pm,
/states/or/pick-4/7pm,https://winningnumbers.us/states/or/pick-4/7pm,session,html,true,200,true,text/html; charset=utf-8,true,false,false,202631,false,https://winningnumbers.us/states/or/pick-4/7pm,
/states/or/pick-4/historical,https://winningnumbers.us/states/or/pick-4/historical,historical,html,true,200,true,text/html; charset=utf-8,true,false,false,74696,false,https://winningnumbers.us/states/or/pick-4/historical,
/states/or/pick-4/stats,https://winningnumbers.us/states/or/pick-4/stats,stats,html,true,200,true,text/html; charset=utf-8,true,false,false,112709,false,https://winningnumbers.us/states/or/pick-4/stats,
/states/or/powerball,https://winningnumbers.us/states/or/powerball,game_family,html,true,200,true,text/html; charset=utf-8,true,false,false,242283,false,https://winningnumbers.us/states/or/powerball,
/states/or/powerball/historical,https://winningnumbers.us/states/or/powerball/historical,historical,html,true,200,true,text/html; charset=utf-8,true,false,false,74760,false,https://winningnumbers.us/states/or/powerball/historical,
/states/or/powerball/stats,https://winningnumbers.us/states/or/powerball/stats,stats,html,true,200,true,text/html; charset=utf-8,true,false,false,121341,false,https://winningnumbers.us/states/or/powerball/stats,
/states/or/win-for-life,https://winningnumbers.us/states/or/win-for-life,game_family,html,true,200,true,text/html; charset=utf-8,true,false,false,204570,false,https://winningnumbers.us/states/or/win-for-life,
/states/or/win-for-life/historical,https://winningnumbers.us/states/or/win-for-life/historical,historical,html,true,200,true,text/html; charset=utf-8,true,false,false,74821,false,https://winningnumbers.us/states/or/win-for-life/historical,
/states/or/win-for-life/stats,https://winningnumbers.us/states/or/win-for-life/stats,stats,html,true,200,true,text/html; charset=utf-8,true,false,false,112848,false,https://winningnumbers.us/states/or/win-for-life/stats,
/states/pa,https://winningnumbers.us/states/pa,state,html,true,200,true,text/html; charset=utf-8,true,false,false,363214,false,https://winningnumbers.us/states/pa,
/states/pa/cash-5,https://winningnumbers.us/states/pa/cash-5,game_family,html,true,200,true,text/html; charset=utf-8,true,false,false,215486,false,https://winningnumbers.us/states/pa/cash-5,
/states/pa/cash-5/historical,https://winningnumbers.us/states/pa/cash-5/historical,historical,html,true,200,true,text/html; charset=utf-8,true,false,false,74696,false,https://winningnumbers.us/states/pa/cash-5/historical,
/states/pa/cash-5/stats,https://winningnumbers.us/states/pa/cash-5/stats,stats,html,true,200,true,text/html; charset=utf-8,true,false,false,113125,false,https://winningnumbers.us/states/pa/cash-5/stats,
/states/pa/cash-pop,https://winningnumbers.us/states/pa/cash-pop,game_family,html,true,200,true,text/html; charset=utf-8,true,false,false,254270,false,https://winningnumbers.us/states/pa/cash-pop,
/states/pa/cash-pop/historical,https://winningnumbers.us/states/pa/cash-pop/historical,historical,html,true,200,true,text/html; charset=utf-8,true,false,false,74740,false,https://winningnumbers.us/states/pa/cash-pop/historical,
/states/pa/cash-pop/lunchbreak,https://winningnumbers.us/states/pa/cash-pop/lunchbreak,session,html,true,200,true,text/html; charset=utf-8,true,false,false,176234,false,https://winningnumbers.us/states/pa/cash-pop/lunchbreak,
/states/pa/cash-pop/morningbuzz,https://winningnumbers.us/states/pa/cash-pop/morningbuzz,session,html,true,200,true,text/html; charset=utf-8,true,false,false,176310,false,https://winningnumbers.us/states/pa/cash-pop/morningbuzz,
/states/pa/cash-pop/nightowl,https://winningnumbers.us/states/pa/cash-pop/nightowl,session,html,true,200,true,text/html; charset=utf-8,true,false,false,176028,false,https://winningnumbers.us/states/pa/cash-pop/nightowl,
/states/pa/cash-pop/primetime,https://winningnumbers.us/states/pa/cash-pop/primetime,session,html,true,200,true,text/html; charset=utf-8,true,false,false,176128,false,https://winningnumbers.us/states/pa/cash-pop/primetime,
/states/pa/cash-pop/stats,https://winningnumbers.us/states/pa/cash-pop/stats,stats,html,true,200,true,text/html; charset=utf-8,true,false,false,112824,false,https://winningnumbers.us/states/pa/cash-pop/stats,
/states/pa/match-6,https://winningnumbers.us/states/pa/match-6,game_family,html,true,200,true,text/html; charset=utf-8,true,false,false,224863,false,https://winningnumbers.us/states/pa/match-6,
/states/pa/match-6/historical,https://winningnumbers.us/states/pa/match-6/historical,historical,html,true,200,true,text/html; charset=utf-8,true,false,false,74717,false,https://winningnumbers.us/states/pa/match-6/historical,
/states/pa/match-6/stats,https://winningnumbers.us/states/pa/match-6/stats,stats,html,true,200,true,text/html; charset=utf-8,true,false,false,112656,false,https://winningnumbers.us/states/pa/match-6/stats,
/states/pa/mega-millions,https://winningnumbers.us/states/pa/mega-millions,game_family,html,true,200,true,text/html; charset=utf-8,true,false,false,223917,false,https://winningnumbers.us/states/pa/mega-millions,
/states/pa/mega-millions/historical,https://winningnumbers.us/states/pa/mega-millions/historical,historical,html,true,200,true,text/html; charset=utf-8,true,false,false,74845,false,https://winningnumbers.us/states/pa/mega-millions/historical,
/states/pa/mega-millions/stats,https://winningnumbers.us/states/pa/mega-millions/stats,stats,html,true,200,true,text/html; charset=utf-8,true,false,false,124096,false,https://winningnumbers.us/states/pa/mega-millions/stats,
/states/pa/millionaire-for-life,https://winningnumbers.us/states/pa/millionaire-for-life,game_family,html,true,200,true,text/html; charset=utf-8,true,false,false,236477,false,https://winningnumbers.us/states/pa/millionaire-for-life,
/states/pa/millionaire-for-life/historical,https://winningnumbers.us/states/pa/millionaire-for-life/historical,historical,html,true,200,true,text/html; charset=utf-8,true,false,false,74991,false,https://winningnumbers.us/states/pa/millionaire-for-life/historical,
/states/pa/millionaire-for-life/stats,https://winningnumbers.us/states/pa/millionaire-for-life/stats,stats,html,true,200,true,text/html; charset=utf-8,true,false,false,129611,false,https://winningnumbers.us/states/pa/millionaire-for-life/stats,
/states/pa/pick-2,https://winningnumbers.us/states/pa/pick-2,game_family,html,true,200,true,text/html; charset=utf-8,true,false,false,235203,false,https://winningnumbers.us/states/pa/pick-2,
/states/pa/pick-2/day,https://winningnumbers.us/states/pa/pick-2/day,session,html,true,200,true,text/html; charset=utf-8,true,false,false,199167,false,https://winningnumbers.us/states/pa/pick-2/day,
/states/pa/pick-2/evening,https://winningnumbers.us/states/pa/pick-2/evening,session,html,true,200,true,text/html; charset=utf-8,true,false,false,199486,false,https://winningnumbers.us/states/pa/pick-2/evening,
/states/pa/pick-2/historical,https://winningnumbers.us/states/pa/pick-2/historical,historical,html,true,200,true,text/html; charset=utf-8,true,false,false,74696,false,https://winningnumbers.us/states/pa/pick-2/historical,
/states/pa/pick-2/stats,https://winningnumbers.us/states/pa/pick-2/stats,stats,html,true,200,true,text/html; charset=utf-8,true,false,false,128229,false,https://winningnumbers.us/states/pa/pick-2/stats,
/states/pa/pick-3,https://winningnumbers.us/states/pa/pick-3,game_family,html,true,200,true,text/html; charset=utf-8,true,false,false,225074,false,https://winningnumbers.us/states/pa/pick-3,
/states/pa/pick-3/day,https://winningnumbers.us/states/pa/pick-3/day,session,html,true,200,true,text/html; charset=utf-8,true,false,false,189694,false,https://winningnumbers.us/states/pa/pick-3/day,
/states/pa/pick-3/evening,https://winningnumbers.us/states/pa/pick-3/evening,session,html,true,200,true,text/html; charset=utf-8,true,false,false,190060,false,https://winningnumbers.us/states/pa/pick-3/evening,
/states/pa/pick-3/historical,https://winningnumbers.us/states/pa/pick-3/historical,historical,html,true,200,true,text/html; charset=utf-8,true,false,false,74696,false,https://winningnumbers.us/states/pa/pick-3/historical,
/states/pa/pick-3/stats,https://winningnumbers.us/states/pa/pick-3/stats,stats,html,true,200,true,text/html; charset=utf-8,true,false,false,121541,false,https://winningnumbers.us/states/pa/pick-3/stats,
/states/pa/pick-4,https://winningnumbers.us/states/pa/pick-4,game_family,html,true,200,true,text/html; charset=utf-8,true,false,false,235092,false,https://winningnumbers.us/states/pa/pick-4,
/states/pa/pick-4/day,https://winningnumbers.us/states/pa/pick-4/day,session,html,true,200,true,text/html; charset=utf-8,true,false,false,199181,false,https://winningnumbers.us/states/pa/pick-4/day,
/states/pa/pick-4/evening,https://winningnumbers.us/states/pa/pick-4/evening,session,html,true,200,true,text/html; charset=utf-8,true,false,false,199545,false,https://winningnumbers.us/states/pa/pick-4/evening,
/states/pa/pick-4/historical,https://winningnumbers.us/states/pa/pick-4/historical,historical,html,true,200,true,text/html; charset=utf-8,true,false,false,74696,false,https://winningnumbers.us/states/pa/pick-4/historical,
/states/pa/pick-4/stats,https://winningnumbers.us/states/pa/pick-4/stats,stats,html,true,200,true,text/html; charset=utf-8,true,false,false,121548,false,https://winningnumbers.us/states/pa/pick-4/stats,
/states/pa/pick-5,https://winningnumbers.us/states/pa/pick-5,game_family,html,true,200,true,text/html; charset=utf-8,true,false,false,265512,false,https://winningnumbers.us/states/pa/pick-5,
/states/pa/pick-5/day,https://winningnumbers.us/states/pa/pick-5/day,session,html,true,200,true,text/html; charset=utf-8,true,false,false,227619,false,https://winningnumbers.us/states/pa/pick-5/day,
/states/pa/pick-5/evening,https://winningnumbers.us/states/pa/pick-5/evening,session,html,true,200,true,text/html; charset=utf-8,true,false,false,227941,false,https://winningnumbers.us/states/pa/pick-5/evening,
/states/pa/pick-5/historical,https://winningnumbers.us/states/pa/pick-5/historical,historical,html,true,200,true,text/html; charset=utf-8,true,false,false,74696,false,https://winningnumbers.us/states/pa/pick-5/historical,
/states/pa/pick-5/stats,https://winningnumbers.us/states/pa/pick-5/stats,stats,html,true,200,true,text/html; charset=utf-8,true,false,false,121534,false,https://winningnumbers.us/states/pa/pick-5/stats,
/states/pa/powerball,https://winningnumbers.us/states/pa/powerball,game_family,html,true,200,true,text/html; charset=utf-8,true,false,false,242402,false,https://winningnumbers.us/states/pa/powerball,
/states/pa/powerball-double-play,https://winningnumbers.us/states/pa/powerball-double-play,game_family,html,true,200,true,text/html; charset=utf-8,true,false,false,235456,false,https://winningnumbers.us/states/pa/powerball-double-play,
/states/pa/powerball-double-play/historical,https://winningnumbers.us/states/pa/powerball-double-play/historical,historical,html,true,200,true,text/html; charset=utf-8,true,false,false,75003,false,https://winningnumbers.us/states/pa/powerball-double-play/historical,
/states/pa/powerball-double-play/stats,https://winningnumbers.us/states/pa/powerball-double-play/stats,stats,html,true,200,true,text/html; charset=utf-8,true,false,false,122074,false,https://winningnumbers.us/states/pa/powerball-double-play/stats,
/states/pa/powerball/historical,https://winningnumbers.us/states/pa/powerball/historical,historical,html,true,200,true,text/html; charset=utf-8,true,false,false,74760,false,https://winningnumbers.us/states/pa/powerball/historical,
/states/pa/powerball/stats,https://winningnumbers.us/states/pa/powerball/stats,stats,html,true,200,true,text/html; charset=utf-8,true,false,false,123970,false,https://winningnumbers.us/states/pa/powerball/stats,
/states/pa/treasure-hunt,https://winningnumbers.us/states/pa/treasure-hunt,game_family,html,true,200,true,text/html; charset=utf-8,true,false,false,215754,false,https://winningnumbers.us/states/pa/treasure-hunt,
/states/pa/treasure-hunt/historical,https://winningnumbers.us/states/pa/treasure-hunt/historical,historical,html,true,200,true,text/html; charset=utf-8,true,false,false,74843,false,https://winningnumbers.us/states/pa/treasure-hunt/historical,
/states/pa/treasure-hunt/stats,https://winningnumbers.us/states/pa/treasure-hunt/stats,stats,html,true,200,true,text/html; charset=utf-8,true,false,false,113000,false,https://winningnumbers.us/states/pa/treasure-hunt/stats,
/states/pr,https://winningnumbers.us/states/pr,state,html,true,200,true,text/html; charset=utf-8,true,false,false,262406,false,https://winningnumbers.us/states/pr,
/states/pr/loteria-tradicional,https://winningnumbers.us/states/pr/loteria-tradicional,game_family,html,true,200,true,text/html; charset=utf-8,true,false,false,268691,false,https://winningnumbers.us/states/pr/loteria-tradicional,
/states/pr/loteria-tradicional/historical,https://winningnumbers.us/states/pr/loteria-tradicional/historical,historical,html,true,200,true,text/html; charset=utf-8,true,false,false,74970,false,https://winningnumbers.us/states/pr/loteria-tradicional/historical,
/states/pr/loteria-tradicional/stats,https://winningnumbers.us/states/pr/loteria-tradicional/stats,stats,html,true,200,true,text/html; charset=utf-8,true,false,false,113569,false,https://winningnumbers.us/states/pr/loteria-tradicional/stats,
/states/pr/loto-cash,https://winningnumbers.us/states/pr/loto-cash,game_family,html,true,200,true,text/html; charset=utf-8,true,false,false,225417,false,https://winningnumbers.us/states/pr/loto-cash,
/states/pr/loto-cash/historical,https://winningnumbers.us/states/pr/loto-cash/historical,historical,html,true,200,true,text/html; charset=utf-8,true,false,false,74761,false,https://winningnumbers.us/states/pr/loto-cash/historical,
/states/pr/loto-cash/stats,https://winningnumbers.us/states/pr/loto-cash/stats,stats,html,true,200,true,text/html; charset=utf-8,true,false,false,123719,false,https://winningnumbers.us/states/pr/loto-cash/stats,
/states/pr/pega-2,https://winningnumbers.us/states/pr/pega-2,game_family,html,true,200,true,text/html; charset=utf-8,true,false,false,244763,false,https://winningnumbers.us/states/pr/pega-2,
/states/pr/pega-2/dia,https://winningnumbers.us/states/pr/pega-2/dia,session,html,true,200,true,text/html; charset=utf-8,true,false,false,202162,false,https://winningnumbers.us/states/pr/pega-2/dia,
/states/pr/pega-2/historical,https://winningnumbers.us/states/pr/pega-2/historical,historical,html,true,200,true,text/html; charset=utf-8,true,false,false,74698,false,https://winningnumbers.us/states/pr/pega-2/historical,
/states/pr/pega-2/noche,https://winningnumbers.us/states/pr/pega-2/noche,session,html,true,200,true,text/html; charset=utf-8,true,false,false,202818,false,https://winningnumbers.us/states/pr/pega-2/noche,
/states/pr/pega-2/stats,https://winningnumbers.us/states/pr/pega-2/stats,stats,html,true,200,true,text/html; charset=utf-8,true,false,false,129576,false,https://winningnumbers.us/states/pr/pega-2/stats,
/states/pr/pega-3,https://winningnumbers.us/states/pr/pega-3,game_family,html,true,200,true,text/html; charset=utf-8,true,false,false,256976,false,https://winningnumbers.us/states/pr/pega-3,
/states/pr/pega-3/dia,https://winningnumbers.us/states/pr/pega-3/dia,session,html,true,200,true,text/html; charset=utf-8,true,false,false,212615,false,https://winningnumbers.us/states/pr/pega-3/dia,
/states/pr/pega-3/historical,https://winningnumbers.us/states/pr/pega-3/historical,historical,html,true,200,true,text/html; charset=utf-8,true,false,false,74698,false,https://winningnumbers.us/states/pr/pega-3/historical,
/states/pr/pega-3/noche,https://winningnumbers.us/states/pr/pega-3/noche,session,html,true,200,true,text/html; charset=utf-8,true,false,false,213420,false,https://winningnumbers.us/states/pr/pega-3/noche,
/states/pr/pega-3/stats,https://winningnumbers.us/states/pr/pega-3/stats,stats,html,true,200,true,text/html; charset=utf-8,true,false,false,127788,false,https://winningnumbers.us/states/pr/pega-3/stats,
/states/pr/pega-4,https://winningnumbers.us/states/pr/pega-4,game_family,html,true,200,true,text/html; charset=utf-8,true,false,false,269237,false,https://winningnumbers.us/states/pr/pega-4,
/states/pr/pega-4/dia,https://winningnumbers.us/states/pr/pega-4/dia,session,html,true,200,true,text/html; charset=utf-8,true,false,false,223082,false,https://winningnumbers.us/states/pr/pega-4/dia,
/states/pr/pega-4/historical,https://winningnumbers.us/states/pr/pega-4/historical,historical,html,true,200,true,text/html; charset=utf-8,true,false,false,74698,false,https://winningnumbers.us/states/pr/pega-4/historical,
/states/pr/pega-4/noche,https://winningnumbers.us/states/pr/pega-4/noche,session,html,true,200,true,text/html; charset=utf-8,true,false,false,224055,false,https://winningnumbers.us/states/pr/pega-4/noche,
/states/pr/pega-4/stats,https://winningnumbers.us/states/pr/pega-4/stats,stats,html,true,200,true,text/html; charset=utf-8,true,false,false,123894,false,https://winningnumbers.us/states/pr/pega-4/stats,
/states/pr/powerball,https://winningnumbers.us/states/pr/powerball,game_family,html,true,200,true,text/html; charset=utf-8,true,false,false,214858,false,https://winningnumbers.us/states/pr/powerball,
/states/pr/powerball-double-play,https://winningnumbers.us/states/pr/powerball-double-play,game_family,html,true,200,true,text/html; charset=utf-8,true,false,false,235472,false,https://winningnumbers.us/states/pr/powerball-double-play,
/states/pr/powerball-double-play/historical,https://winningnumbers.us/states/pr/powerball-double-play/historical,historical,html,true,200,true,text/html; charset=utf-8,true,false,false,75003,false,https://winningnumbers.us/states/pr/powerball-double-play/historical,
/states/pr/powerball-double-play/stats,https://winningnumbers.us/states/pr/powerball-double-play/stats,stats,html,true,200,true,text/html; charset=utf-8,true,false,false,122059,false,https://winningnumbers.us/states/pr/powerball-double-play/stats,
/states/pr/powerball/historical,https://winningnumbers.us/states/pr/powerball/historical,historical,html,true,200,true,text/html; charset=utf-8,true,false,false,74760,false,https://winningnumbers.us/states/pr/powerball/historical,
/states/pr/powerball/stats,https://winningnumbers.us/states/pr/powerball/stats,stats,html,true,200,true,text/html; charset=utf-8,true,false,false,126138,false,https://winningnumbers.us/states/pr/powerball/stats,
/states/pr/revancha,https://winningnumbers.us/states/pr/revancha,game_family,html,true,200,true,text/html; charset=utf-8,true,false,false,217137,false,https://winningnumbers.us/states/pr/revancha,
/states/pr/revancha/historical,https://winningnumbers.us/states/pr/revancha/historical,historical,html,true,200,true,text/html; charset=utf-8,true,false,false,74741,false,https://winningnumbers.us/states/pr/revancha/historical,
/states/pr/revancha/stats,https://winningnumbers.us/states/pr/revancha/stats,stats,html,true,200,true,text/html; charset=utf-8,true,false,false,125378,false,https://winningnumbers.us/states/pr/revancha/stats,
/states/ri,https://winningnumbers.us/states/ri,state,html,true,200,true,text/html; charset=utf-8,true,false,false,187387,false,https://winningnumbers.us/states/ri,
/states/ri/mega-millions,https://winningnumbers.us/states/ri/mega-millions,game_family,html,true,200,true,text/html; charset=utf-8,true,false,false,232818,false,https://winningnumbers.us/states/ri/mega-millions,
/states/ri/mega-millions/historical,https://winningnumbers.us/states/ri/mega-millions/historical,historical,html,true,200,true,text/html; charset=utf-8,true,false,false,74845,false,https://winningnumbers.us/states/ri/mega-millions/historical,
/states/ri/mega-millions/stats,https://winningnumbers.us/states/ri/mega-millions/stats,stats,html,true,200,true,text/html; charset=utf-8,true,false,false,120822,false,https://winningnumbers.us/states/ri/mega-millions/stats,
/states/ri/millionaire-for-life,https://winningnumbers.us/states/ri/millionaire-for-life,game_family,html,true,200,true,text/html; charset=utf-8,true,false,false,235288,false,https://winningnumbers.us/states/ri/millionaire-for-life,
/states/ri/millionaire-for-life/historical,https://winningnumbers.us/states/ri/millionaire-for-life/historical,historical,html,true,200,true,text/html; charset=utf-8,true,false,false,74991,false,https://winningnumbers.us/states/ri/millionaire-for-life/historical,
/states/ri/millionaire-for-life/stats,https://winningnumbers.us/states/ri/millionaire-for-life/stats,stats,html,true,200,true,text/html; charset=utf-8,true,false,false,131645,false,https://winningnumbers.us/states/ri/millionaire-for-life/stats,
/states/ri/numbers-game,https://winningnumbers.us/states/ri/numbers-game,game_family,html,true,200,true,text/html; charset=utf-8,true,false,false,238475,false,https://winningnumbers.us/states/ri/numbers-game,
/states/ri/numbers-game/evening,https://winningnumbers.us/states/ri/numbers-game/evening,session,html,true,200,true,text/html; charset=utf-8,true,false,false,199582,false,https://winningnumbers.us/states/ri/numbers-game/evening,
/states/ri/numbers-game/historical,https://winningnumbers.us/states/ri/numbers-game/historical,historical,html,true,200,true,text/html; charset=utf-8,true,false,false,74823,false,https://winningnumbers.us/states/ri/numbers-game/historical,
/states/ri/numbers-game/midday,https://winningnumbers.us/states/ri/numbers-game/midday,session,html,true,200,true,text/html; charset=utf-8,true,false,false,199509,false,https://winningnumbers.us/states/ri/numbers-game/midday,
/states/ri/numbers-game/stats,https://winningnumbers.us/states/ri/numbers-game/stats,stats,html,true,200,true,text/html; charset=utf-8,true,false,false,112904,false,https://winningnumbers.us/states/ri/numbers-game/stats,
/states/ri/powerball,https://winningnumbers.us/states/ri/powerball,game_family,html,true,200,true,text/html; charset=utf-8,true,false,false,242090,false,https://winningnumbers.us/states/ri/powerball,
/states/ri/powerball/historical,https://winningnumbers.us/states/ri/powerball/historical,historical,html,true,200,true,text/html; charset=utf-8,true,false,false,74760,false,https://winningnumbers.us/states/ri/powerball/historical,
/states/ri/powerball/stats,https://winningnumbers.us/states/ri/powerball/stats,stats,html,true,200,true,text/html; charset=utf-8,true,false,false,120822,false,https://winningnumbers.us/states/ri/powerball/stats,
/states/ri/wild-money,https://winningnumbers.us/states/ri/wild-money,game_family,html,true,200,true,text/html; charset=utf-8,true,false,false,226027,false,https://winningnumbers.us/states/ri/wild-money,
/states/ri/wild-money/historical,https://winningnumbers.us/states/ri/wild-money/historical,historical,html,true,200,true,text/html; charset=utf-8,true,false,false,74782,false,https://winningnumbers.us/states/ri/wild-money/historical,
/states/ri/wild-money/stats,https://winningnumbers.us/states/ri/wild-money/stats,stats,html,true,200,true,text/html; charset=utf-8,true,false,false,121677,false,https://winningnumbers.us/states/ri/wild-money/stats,
/states/sc,https://winningnumbers.us/states/sc,state,html,true,200,true,text/html; charset=utf-8,true,false,false,233754,false,https://winningnumbers.us/states/sc,
/states/sc/cash-pop,https://winningnumbers.us/states/sc/cash-pop,game_family,html,true,200,true,text/html; charset=utf-8,true,false,false,191415,false,https://winningnumbers.us/states/sc/cash-pop,
/states/sc/cash-pop/evening,https://winningnumbers.us/states/sc/cash-pop/evening,session,html,true,200,true,text/html; charset=utf-8,true,false,false,157253,false,https://winningnumbers.us/states/sc/cash-pop/evening,
/states/sc/cash-pop/historical,https://winningnumbers.us/states/sc/cash-pop/historical,historical,html,true,200,true,text/html; charset=utf-8,true,false,false,74738,false,https://winningnumbers.us/states/sc/cash-pop/historical,
/states/sc/cash-pop/midday,https://winningnumbers.us/states/sc/cash-pop/midday,session,html,true,200,true,text/html; charset=utf-8,true,false,false,157226,false,https://winningnumbers.us/states/sc/cash-pop/midday,
/states/sc/cash-pop/stats,https://winningnumbers.us/states/sc/cash-pop/stats,stats,html,true,200,true,text/html; charset=utf-8,true,false,false,106857,false,https://winningnumbers.us/states/sc/cash-pop/stats,
/states/sc/mega-millions,https://winningnumbers.us/states/sc/mega-millions,game_family,html,true,200,true,text/html; charset=utf-8,true,false,false,204864,false,https://winningnumbers.us/states/sc/mega-millions,
/states/sc/mega-millions/historical,https://winningnumbers.us/states/sc/mega-millions/historical,historical,html,true,200,true,text/html; charset=utf-8,true,false,false,74845,false,https://winningnumbers.us/states/sc/mega-millions/historical,
/states/sc/mega-millions/stats,https://winningnumbers.us/states/sc/mega-millions/stats,stats,html,true,200,true,text/html; charset=utf-8,true,false,false,124145,false,https://winningnumbers.us/states/sc/mega-millions/stats,
/states/sc/palmetto-cash-5,https://winningnumbers.us/states/sc/palmetto-cash-5,game_family,html,true,200,true,text/html; charset=utf-8,true,false,false,214697,false,https://winningnumbers.us/states/sc/palmetto-cash-5,
/states/sc/palmetto-cash-5/historical,https://winningnumbers.us/states/sc/palmetto-cash-5/historical,historical,html,true,200,true,text/html; charset=utf-8,true,false,false,74886,false,https://winningnumbers.us/states/sc/palmetto-cash-5/historical,
/states/sc/palmetto-cash-5/stats,https://winningnumbers.us/states/sc/palmetto-cash-5/stats,stats,html,true,200,true,text/html; charset=utf-8,true,false,false,112958,false,https://winningnumbers.us/states/sc/palmetto-cash-5/stats,
/states/sc/pick-3,https://winningnumbers.us/states/sc/pick-3,game_family,html,true,200,true,text/html; charset=utf-8,true,false,false,225084,false,https://winningnumbers.us/states/sc/pick-3,
/states/sc/pick-3/evening,https://winningnumbers.us/states/sc/pick-3/evening,session,html,true,200,true,text/html; charset=utf-8,true,false,false,190053,false,https://winningnumbers.us/states/sc/pick-3/evening,
/states/sc/pick-3/historical,https://winningnumbers.us/states/sc/pick-3/historical,historical,html,true,200,true,text/html; charset=utf-8,true,false,false,74729,false,https://winningnumbers.us/states/sc/pick-3/historical,
/states/sc/pick-3/midday,https://winningnumbers.us/states/sc/pick-3/midday,session,html,true,200,true,text/html; charset=utf-8,true,false,false,189831,false,https://winningnumbers.us/states/sc/pick-3/midday,
/states/sc/pick-3/stats,https://winningnumbers.us/states/sc/pick-3/stats,stats,html,true,200,true,text/html; charset=utf-8,true,false,false,128127,false,https://winningnumbers.us/states/sc/pick-3/stats,
/states/sc/pick-4,https://winningnumbers.us/states/sc/pick-4,game_family,html,true,200,true,text/html; charset=utf-8,true,false,false,235070,false,https://winningnumbers.us/states/sc/pick-4,
/states/sc/pick-4/evening,https://winningnumbers.us/states/sc/pick-4/evening,session,html,true,200,true,text/html; charset=utf-8,true,false,false,199486,false,https://winningnumbers.us/states/sc/pick-4/evening,
/states/sc/pick-4/historical,https://winningnumbers.us/states/sc/pick-4/historical,historical,html,true,200,true,text/html; charset=utf-8,true,false,false,74729,false,https://winningnumbers.us/states/sc/pick-4/historical,
/states/sc/pick-4/midday,https://winningnumbers.us/states/sc/pick-4/midday,session,html,true,200,true,text/html; charset=utf-8,true,false,false,199286,false,https://winningnumbers.us/states/sc/pick-4/midday,
/states/sc/pick-4/stats,https://winningnumbers.us/states/sc/pick-4/stats,stats,html,true,200,true,text/html; charset=utf-8,true,false,false,124124,false,https://winningnumbers.us/states/sc/pick-4/stats,
/states/sc/powerball,https://winningnumbers.us/states/sc/powerball,game_family,html,true,200,true,text/html; charset=utf-8,true,false,false,287736,false,https://winningnumbers.us/states/sc/powerball,
/states/sc/powerball-double-play,https://winningnumbers.us/states/sc/powerball-double-play,game_family,html,true,200,true,text/html; charset=utf-8,true,false,false,235023,false,https://winningnumbers.us/states/sc/powerball-double-play,
/states/sc/powerball-double-play/historical,https://winningnumbers.us/states/sc/powerball-double-play/historical,historical,html,true,200,true,text/html; charset=utf-8,true,false,false,75003,false,https://winningnumbers.us/states/sc/powerball-double-play/historical,
/states/sc/powerball-double-play/stats,https://winningnumbers.us/states/sc/powerball-double-play/stats,stats,html,true,200,true,text/html; charset=utf-8,true,false,false,124523,false,https://winningnumbers.us/states/sc/powerball-double-play/stats,
/states/sc/powerball/historical,https://winningnumbers.us/states/sc/powerball/historical,historical,html,true,200,true,text/html; charset=utf-8,true,false,false,74760,false,https://winningnumbers.us/states/sc/powerball/historical,
/states/sc/powerball/stats,https://winningnumbers.us/states/sc/powerball/stats,stats,html,true,200,true,text/html; charset=utf-8,true,false,false,124276,false,https://winningnumbers.us/states/sc/powerball/stats,
/states/sd,https://winningnumbers.us/states/sd,state,html,true,200,true,text/html; charset=utf-8,true,false,false,192216,false,https://winningnumbers.us/states/sd,
/states/sd/dakota-cash,https://winningnumbers.us/states/sd/dakota-cash,game_family,html,true,200,true,text/html; charset=utf-8,true,false,false,179442,false,https://winningnumbers.us/states/sd/dakota-cash,
/states/sd/dakota-cash/historical,https://winningnumbers.us/states/sd/dakota-cash/historical,historical,html,true,200,true,text/html; charset=utf-8,true,false,false,74803,false,https://winningnumbers.us/states/sd/dakota-cash/historical,
/states/sd/dakota-cash/stats,https://winningnumbers.us/states/sd/dakota-cash/stats,stats,html,true,200,true,text/html; charset=utf-8,true,false,false,113184,false,https://winningnumbers.us/states/sd/dakota-cash/stats,
/states/sd/lotto-america,https://winningnumbers.us/states/sd/lotto-america,game_family,html,true,200,true,text/html; charset=utf-8,true,false,false,205170,false,https://winningnumbers.us/states/sd/lotto-america,
/states/sd/lotto-america/historical,https://winningnumbers.us/states/sd/lotto-america/historical,historical,html,true,200,true,text/html; charset=utf-8,true,false,false,74845,false,https://winningnumbers.us/states/sd/lotto-america/historical,
/states/sd/lotto-america/stats,https://winningnumbers.us/states/sd/lotto-america/stats,stats,html,true,200,true,text/html; charset=utf-8,true,false,false,125600,false,https://winningnumbers.us/states/sd/lotto-america/stats,
/states/sd/mega-millions,https://winningnumbers.us/states/sd/mega-millions,game_family,html,true,200,true,text/html; charset=utf-8,true,false,false,186182,false,https://winningnumbers.us/states/sd/mega-millions,
/states/sd/mega-millions/historical,https://winningnumbers.us/states/sd/mega-millions/historical,historical,html,true,200,true,text/html; charset=utf-8,true,false,false,74845,false,https://winningnumbers.us/states/sd/mega-millions/historical,
/states/sd/mega-millions/stats,https://winningnumbers.us/states/sd/mega-millions/stats,stats,html,true,200,true,text/html; charset=utf-8,true,false,false,125821,false,https://winningnumbers.us/states/sd/mega-millions/stats,
/states/sd/millionaire-for-life,https://winningnumbers.us/states/sd/millionaire-for-life,game_family,html,true,200,true,text/html; charset=utf-8,true,false,false,216784,false,https://winningnumbers.us/states/sd/millionaire-for-life,
/states/sd/millionaire-for-life/historical,https://winningnumbers.us/states/sd/millionaire-for-life/historical,historical,html,true,200,true,text/html; charset=utf-8,true,false,false,74991,false,https://winningnumbers.us/states/sd/millionaire-for-life/historical,
/states/sd/millionaire-for-life/stats,https://winningnumbers.us/states/sd/millionaire-for-life/stats,stats,html,true,200,true,text/html; charset=utf-8,true,false,false,127704,false,https://winningnumbers.us/states/sd/millionaire-for-life/stats,
/states/sd/powerball,https://winningnumbers.us/states/sd/powerball,game_family,html,true,200,true,text/html; charset=utf-8,true,false,false,201197,false,https://winningnumbers.us/states/sd/powerball,
/states/sd/powerball-double-play,https://winningnumbers.us/states/sd/powerball-double-play,game_family,html,true,200,true,text/html; charset=utf-8,true,false,false,198547,false,https://winningnumbers.us/states/sd/powerball-double-play,
/states/sd/powerball-double-play/historical,https://winningnumbers.us/states/sd/powerball-double-play/historical,historical,html,true,200,true,text/html; charset=utf-8,true,false,false,75003,false,https://winningnumbers.us/states/sd/powerball-double-play/historical,
/states/sd/powerball-double-play/stats,https://winningnumbers.us/states/sd/powerball-double-play/stats,stats,html,true,200,true,text/html; charset=utf-8,true,false,false,128011,false,https://winningnumbers.us/states/sd/powerball-double-play/stats,
/states/sd/powerball/historical,https://winningnumbers.us/states/sd/powerball/historical,historical,html,true,200,true,text/html; charset=utf-8,true,false,false,74760,false,https://winningnumbers.us/states/sd/powerball/historical,
/states/sd/powerball/stats,https://winningnumbers.us/states/sd/powerball/stats,stats,html,true,200,true,text/html; charset=utf-8,true,false,false,129808,false,https://winningnumbers.us/states/sd/powerball/stats,
/states/tn,https://winningnumbers.us/states/tn,state,html,true,200,true,text/html; charset=utf-8,true,false,false,290480,false,https://winningnumbers.us/states/tn,
/states/tn/cash-3,https://winningnumbers.us/states/tn/cash-3,game_family,html,true,200,true,text/html; charset=utf-8,true,false,false,272872,false,https://winningnumbers.us/states/tn/cash-3,
/states/tn/cash-3/evening,https://winningnumbers.us/states/tn/cash-3/evening,session,html,true,200,true,text/html; charset=utf-8,true,false,false,211005,false,https://winningnumbers.us/states/tn/cash-3/evening,
/states/tn/cash-3/historical,https://winningnumbers.us/states/tn/cash-3/historical,historical,html,true,200,true,text/html; charset=utf-8,true,false,false,74698,false,https://winningnumbers.us/states/tn/cash-3/historical,
/states/tn/cash-3/midday,https://winningnumbers.us/states/tn/cash-3/midday,session,html,true,200,true,text/html; charset=utf-8,true,false,false,211022,false,https://winningnumbers.us/states/tn/cash-3/midday,
/states/tn/cash-3/morning,https://winningnumbers.us/states/tn/cash-3/morning,session,html,true,200,true,text/html; charset=utf-8,true,false,false,211064,false,https://winningnumbers.us/states/tn/cash-3/morning,
/states/tn/cash-3/stats,https://winningnumbers.us/states/tn/cash-3/stats,stats,html,true,200,true,text/html; charset=utf-8,true,false,false,121492,false,https://winningnumbers.us/states/tn/cash-3/stats,
/states/tn/cash-4,https://winningnumbers.us/states/tn/cash-4,game_family,html,true,200,true,text/html; charset=utf-8,true,false,false,283235,false,https://winningnumbers.us/states/tn/cash-4,
/states/tn/cash-4/evening,https://winningnumbers.us/states/tn/cash-4/evening,session,html,true,200,true,text/html; charset=utf-8,true,false,false,220483,false,https://winningnumbers.us/states/tn/cash-4/evening,
/states/tn/cash-4/historical,https://winningnumbers.us/states/tn/cash-4/historical,historical,html,true,200,true,text/html; charset=utf-8,true,false,false,74698,false,https://winningnumbers.us/states/tn/cash-4/historical,
/states/tn/cash-4/midday,https://winningnumbers.us/states/tn/cash-4/midday,session,html,true,200,true,text/html; charset=utf-8,true,false,false,220488,false,https://winningnumbers.us/states/tn/cash-4/midday,
/states/tn/cash-4/morning,https://winningnumbers.us/states/tn/cash-4/morning,session,html,true,200,true,text/html; charset=utf-8,true,false,false,220562,false,https://winningnumbers.us/states/tn/cash-4/morning,
/states/tn/cash-4/stats,https://winningnumbers.us/states/tn/cash-4/stats,stats,html,true,200,true,text/html; charset=utf-8,true,false,false,121512,false,https://winningnumbers.us/states/tn/cash-4/stats,
/states/tn/daily-tennessee-jackpot,https://winningnumbers.us/states/tn/daily-tennessee-jackpot,game_family,html,true,200,true,text/html; charset=utf-8,true,false,false,216572,false,https://winningnumbers.us/states/tn/daily-tennessee-jackpot,
/states/tn/daily-tennessee-jackpot/historical,https://winningnumbers.us/states/tn/daily-tennessee-jackpot/historical,historical,html,true,200,true,text/html; charset=utf-8,true,false,false,75054,false,https://winningnumbers.us/states/tn/daily-tennessee-jackpot/historical,
/states/tn/daily-tennessee-jackpot/stats,https://winningnumbers.us/states/tn/daily-tennessee-jackpot/stats,stats,html,true,200,true,text/html; charset=utf-8,true,false,false,113311,false,https://winningnumbers.us/states/tn/daily-tennessee-jackpot/stats,
/states/tn/lotto-america,https://winningnumbers.us/states/tn/lotto-america,game_family,html,true,200,true,text/html; charset=utf-8,true,false,false,245002,false,https://winningnumbers.us/states/tn/lotto-america,
/states/tn/lotto-america/historical,https://winningnumbers.us/states/tn/lotto-america/historical,historical,html,true,200,true,text/html; charset=utf-8,true,false,false,74843,false,https://winningnumbers.us/states/tn/lotto-america/historical,
/states/tn/lotto-america/stats,https://winningnumbers.us/states/tn/lotto-america/stats,stats,html,true,200,true,text/html; charset=utf-8,true,false,false,125744,false,https://winningnumbers.us/states/tn/lotto-america/stats,
/states/tn/mega-millions,https://winningnumbers.us/states/tn/mega-millions,game_family,html,true,200,true,text/html; charset=utf-8,true,false,false,232356,false,https://winningnumbers.us/states/tn/mega-millions,
/states/tn/mega-millions/historical,https://winningnumbers.us/states/tn/mega-millions/historical,historical,html,true,200,true,text/html; charset=utf-8,true,false,false,74845,false,https://winningnumbers.us/states/tn/mega-millions/historical,
/states/tn/mega-millions/stats,https://winningnumbers.us/states/tn/mega-millions/stats,stats,html,true,200,true,text/html; charset=utf-8,true,false,false,123923,false,https://winningnumbers.us/states/tn/mega-millions/stats,
/states/tn/millionaire-for-life,https://winningnumbers.us/states/tn/millionaire-for-life,game_family,html,true,200,true,text/html; charset=utf-8,true,false,false,234521,false,https://winningnumbers.us/states/tn/millionaire-for-life,
/states/tn/millionaire-for-life/historical,https://winningnumbers.us/states/tn/millionaire-for-life/historical,historical,html,true,200,true,text/html; charset=utf-8,true,false,false,74991,false,https://winningnumbers.us/states/tn/millionaire-for-life/historical,
/states/tn/millionaire-for-life/stats,https://winningnumbers.us/states/tn/millionaire-for-life/stats,stats,html,true,200,true,text/html; charset=utf-8,true,false,false,131607,false,https://winningnumbers.us/states/tn/millionaire-for-life/stats,
/states/tn/powerball,https://winningnumbers.us/states/tn/powerball,game_family,html,true,200,true,text/html; charset=utf-8,true,false,false,241856,false,https://winningnumbers.us/states/tn/powerball,
/states/tn/powerball-double-play,https://winningnumbers.us/states/tn/powerball-double-play,game_family,html,true,200,true,text/html; charset=utf-8,true,false,false,235521,false,https://winningnumbers.us/states/tn/powerball-double-play,
/states/tn/powerball-double-play/historical,https://winningnumbers.us/states/tn/powerball-double-play/historical,historical,html,true,200,true,text/html; charset=utf-8,true,false,false,75003,false,https://winningnumbers.us/states/tn/powerball-double-play/historical,
/states/tn/powerball-double-play/stats,https://winningnumbers.us/states/tn/powerball-double-play/stats,stats,html,true,200,true,text/html; charset=utf-8,true,false,false,121717,false,https://winningnumbers.us/states/tn/powerball-double-play/stats,
/states/tn/powerball/historical,https://winningnumbers.us/states/tn/powerball/historical,historical,html,true,200,true,text/html; charset=utf-8,true,false,false,74760,false,https://winningnumbers.us/states/tn/powerball/historical,
/states/tn/powerball/stats,https://winningnumbers.us/states/tn/powerball/stats,stats,html,true,200,true,text/html; charset=utf-8,true,false,false,120895,false,https://winningnumbers.us/states/tn/powerball/stats,
/states/tn/tennessee-cash,https://winningnumbers.us/states/tn/tennessee-cash,game_family,html,true,200,true,text/html; charset=utf-8,true,false,false,235112,false,https://winningnumbers.us/states/tn/tennessee-cash,
/states/tn/tennessee-cash/historical,https://winningnumbers.us/states/tn/tennessee-cash/historical,historical,html,true,200,true,text/html; charset=utf-8,true,false,false,74866,false,https://winningnumbers.us/states/tn/tennessee-cash/historical,
/states/tn/tennessee-cash/stats,https://winningnumbers.us/states/tn/tennessee-cash/stats,stats,html,true,200,true,text/html; charset=utf-8,true,false,false,129478,false,https://winningnumbers.us/states/tn/tennessee-cash/stats,
/states/tx,https://winningnumbers.us/states/tx,state,html,true,200,true,text/html; charset=utf-8,true,false,false,331969,false,https://winningnumbers.us/states/tx,
/states/tx/all-or-nothing,https://winningnumbers.us/states/tx/all-or-nothing,game_family,html,true,200,true,text/html; charset=utf-8,true,false,false,378985,false,https://winningnumbers.us/states/tx/all-or-nothing,
/states/tx/all-or-nothing/day,https://winningnumbers.us/states/tx/all-or-nothing/day,session,html,true,200,true,text/html; charset=utf-8,true,false,false,280822,false,https://winningnumbers.us/states/tx/all-or-nothing/day,
/states/tx/all-or-nothing/evening,https://winningnumbers.us/states/tx/all-or-nothing/evening,session,html,true,200,true,text/html; charset=utf-8,true,false,false,281129,false,https://winningnumbers.us/states/tx/all-or-nothing/evening,
/states/tx/all-or-nothing/historical,https://winningnumbers.us/states/tx/all-or-nothing/historical,historical,html,true,200,true,text/html; charset=utf-8,true,false,false,74863,false,https://winningnumbers.us/states/tx/all-or-nothing/historical,
/states/tx/all-or-nothing/morning,https://winningnumbers.us/states/tx/all-or-nothing/morning,session,html,true,200,true,text/html; charset=utf-8,true,false,false,280748,false,https://winningnumbers.us/states/tx/all-or-nothing/morning,
/states/tx/all-or-nothing/night,https://winningnumbers.us/states/tx/all-or-nothing/night,session,html,true,200,true,text/html; charset=utf-8,true,false,false,280602,false,https://winningnumbers.us/states/tx/all-or-nothing/night,
/states/tx/all-or-nothing/stats,https://winningnumbers.us/states/tx/all-or-nothing/stats,stats,html,true,200,true,text/html; charset=utf-8,true,false,false,112974,false,https://winningnumbers.us/states/tx/all-or-nothing/stats,
/states/tx/cash-5,https://winningnumbers.us/states/tx/cash-5,game_family,html,true,200,true,text/html; charset=utf-8,true,false,false,213453,false,https://winningnumbers.us/states/tx/cash-5,
/states/tx/cash-5/historical,https://winningnumbers.us/states/tx/cash-5/historical,historical,html,true,200,true,text/html; charset=utf-8,true,false,false,74696,false,https://winningnumbers.us/states/tx/cash-5/historical,
/states/tx/cash-5/stats,https://winningnumbers.us/states/tx/cash-5/stats,stats,html,true,200,true,text/html; charset=utf-8,true,false,false,112683,false,https://winningnumbers.us/states/tx/cash-5/stats,
/states/tx/daily-4,https://winningnumbers.us/states/tx/daily-4,game_family,html,true,200,true,text/html; charset=utf-8,true,false,false,309331,false,https://winningnumbers.us/states/tx/daily-4,
/states/tx/daily-4/day,https://winningnumbers.us/states/tx/daily-4/day,session,html,true,200,true,text/html; charset=utf-8,true,false,false,222786,false,https://winningnumbers.us/states/tx/daily-4/day,
/states/tx/daily-4/evening,https://winningnumbers.us/states/tx/daily-4/evening,session,html,true,200,true,text/html; charset=utf-8,true,false,false,223118,false,https://winningnumbers.us/states/tx/daily-4/evening,
/states/tx/daily-4/historical,https://winningnumbers.us/states/tx/daily-4/historical,historical,html,true,200,true,text/html; charset=utf-8,true,false,false,74719,false,https://winningnumbers.us/states/tx/daily-4/historical,
/states/tx/daily-4/morning,https://winningnumbers.us/states/tx/daily-4/morning,session,html,true,200,true,text/html; charset=utf-8,true,false,false,223105,false,https://winningnumbers.us/states/tx/daily-4/morning,
/states/tx/daily-4/night,https://winningnumbers.us/states/tx/daily-4/night,session,html,true,200,true,text/html; charset=utf-8,true,false,false,222957,false,https://winningnumbers.us/states/tx/daily-4/night,
/states/tx/daily-4/stats,https://winningnumbers.us/states/tx/daily-4/stats,stats,html,true,200,true,text/html; charset=utf-8,true,false,false,121443,false,https://winningnumbers.us/states/tx/daily-4/stats,
/states/tx/lotto-texas,https://winningnumbers.us/states/tx/lotto-texas,game_family,html,true,200,true,text/html; charset=utf-8,true,false,false,225674,false,https://winningnumbers.us/states/tx/lotto-texas,
/states/tx/lotto-texas/historical,https://winningnumbers.us/states/tx/lotto-texas/historical,historical,html,true,200,true,text/html; charset=utf-8,true,false,false,74802,false,https://winningnumbers.us/states/tx/lotto-texas/historical,
/states/tx/lotto-texas/stats,https://winningnumbers.us/states/tx/lotto-texas/stats,stats,html,true,200,true,text/html; charset=utf-8,true,false,false,112865,false,https://winningnumbers.us/states/tx/lotto-texas/stats,
/states/tx/mega-millions,https://winningnumbers.us/states/tx/mega-millions,game_family,html,true,200,true,text/html; charset=utf-8,true,false,false,233230,false,https://winningnumbers.us/states/tx/mega-millions,
/states/tx/mega-millions/historical,https://winningnumbers.us/states/tx/mega-millions/historical,historical,html,true,200,true,text/html; charset=utf-8,true,false,false,74845,false,https://winningnumbers.us/states/tx/mega-millions/historical,
/states/tx/mega-millions/stats,https://winningnumbers.us/states/tx/mega-millions/stats,stats,html,true,200,true,text/html; charset=utf-8,true,false,false,121160,false,https://winningnumbers.us/states/tx/mega-millions/stats,
/states/tx/pick-3,https://winningnumbers.us/states/tx/pick-3,game_family,html,true,200,true,text/html; charset=utf-8,true,false,false,271936,false,https://winningnumbers.us/states/tx/pick-3,
/states/tx/pick-3/day,https://winningnumbers.us/states/tx/pick-3/day,session,html,true,200,true,text/html; charset=utf-8,true,false,false,194238,false,https://winningnumbers.us/states/tx/pick-3/day,
/states/tx/pick-3/evening,https://winningnumbers.us/states/tx/pick-3/evening,session,html,true,200,true,text/html; charset=utf-8,true,false,false,194612,false,https://winningnumbers.us/states/tx/pick-3/evening,
/states/tx/pick-3/historical,https://winningnumbers.us/states/tx/pick-3/historical,historical,html,true,200,true,text/html; charset=utf-8,true,false,false,74698,false,https://winningnumbers.us/states/tx/pick-3/historical,
/states/tx/pick-3/morning,https://winningnumbers.us/states/tx/pick-3/morning,session,html,true,200,true,text/html; charset=utf-8,true,false,false,194604,false,https://winningnumbers.us/states/tx/pick-3/morning,
/states/tx/pick-3/night,https://winningnumbers.us/states/tx/pick-3/night,session,html,true,200,true,text/html; charset=utf-8,true,false,false,194436,false,https://winningnumbers.us/states/tx/pick-3/night,
/states/tx/pick-3/stats,https://winningnumbers.us/states/tx/pick-3/stats,stats,html,true,200,true,text/html; charset=utf-8,true,false,false,121450,false,https://winningnumbers.us/states/tx/pick-3/stats,
/states/tx/powerball,https://winningnumbers.us/states/tx/powerball,game_family,html,true,200,true,text/html; charset=utf-8,true,false,false,242812,false,https://winningnumbers.us/states/tx/powerball,
/states/tx/powerball/historical,https://winningnumbers.us/states/tx/powerball/historical,historical,html,true,200,true,text/html; charset=utf-8,true,false,false,74760,false,https://winningnumbers.us/states/tx/powerball/historical,
/states/tx/powerball/stats,https://winningnumbers.us/states/tx/powerball/stats,stats,html,true,200,true,text/html; charset=utf-8,true,false,false,121326,false,https://winningnumbers.us/states/tx/powerball/stats,
/states/tx/texas-two-step,https://winningnumbers.us/states/tx/texas-two-step,game_family,html,true,200,true,text/html; charset=utf-8,true,false,false,225862,false,https://winningnumbers.us/states/tx/texas-two-step,
/states/tx/texas-two-step/historical,https://winningnumbers.us/states/tx/texas-two-step/historical,historical,html,true,200,true,text/html; charset=utf-8,true,false,false,74863,false,https://winningnumbers.us/states/tx/texas-two-step/historical,
/states/tx/texas-two-step/stats,https://winningnumbers.us/states/tx/texas-two-step/stats,stats,html,true,200,true,text/html; charset=utf-8,true,false,false,121750,false,https://winningnumbers.us/states/tx/texas-two-step/stats,
/states/va,https://winningnumbers.us/states/va,state,html,true,200,true,text/html; charset=utf-8,true,false,false,326786,false,https://winningnumbers.us/states/va,
/states/va/bank-a-million,https://winningnumbers.us/states/va/bank-a-million,game_family,html,true,200,true,text/html; charset=utf-8,true,false,false,244816,false,https://winningnumbers.us/states/va/bank-a-million,
/states/va/bank-a-million/historical,https://winningnumbers.us/states/va/bank-a-million/historical,historical,html,true,200,true,text/html; charset=utf-8,true,false,false,74863,false,https://winningnumbers.us/states/va/bank-a-million/historical,
/states/va/bank-a-million/stats,https://winningnumbers.us/states/va/bank-a-million/stats,stats,html,true,200,true,text/html; charset=utf-8,true,false,false,121813,false,https://winningnumbers.us/states/va/bank-a-million/stats,
/states/va/cash-5,https://winningnumbers.us/states/va/cash-5,game_family,html,true,200,true,text/html; charset=utf-8,true,false,false,214995,false,https://winningnumbers.us/states/va/cash-5,
/states/va/cash-5/historical,https://winningnumbers.us/states/va/cash-5/historical,historical,html,true,200,true,text/html; charset=utf-8,true,false,false,74696,false,https://winningnumbers.us/states/va/cash-5/historical,
/states/va/cash-5/stats,https://winningnumbers.us/states/va/cash-5/stats,stats,html,true,200,true,text/html; charset=utf-8,true,false,false,112683,false,https://winningnumbers.us/states/va/cash-5/stats,
/states/va/cash-pop,https://winningnumbers.us/states/va/cash-pop,game_family,html,true,200,true,text/html; charset=utf-8,true,false,false,267042,false,https://winningnumbers.us/states/va/cash-pop,
/states/va/cash-pop-after-hours,https://winningnumbers.us/states/va/cash-pop-after-hours,game_family,html,true,200,true,text/html; charset=utf-8,true,false,false,186701,false,https://winningnumbers.us/states/va/cash-pop-after-hours,
/states/va/cash-pop-after-hours/historical,https://winningnumbers.us/states/va/cash-pop-after-hours/historical,historical,html,true,200,true,text/html; charset=utf-8,true,false,false,74978,false,https://winningnumbers.us/states/va/cash-pop-after-hours/historical,
/states/va/cash-pop-after-hours/stats,https://winningnumbers.us/states/va/cash-pop-after-hours/stats,stats,html,true,200,true,text/html; charset=utf-8,true,false,false,112877,false,https://winningnumbers.us/states/va/cash-pop-after-hours/stats,
/states/va/cash-pop/coffeebreak,https://winningnumbers.us/states/va/cash-pop/coffeebreak,session,html,true,200,true,text/html; charset=utf-8,true,false,false,185690,false,https://winningnumbers.us/states/va/cash-pop/coffeebreak,
/states/va/cash-pop/historical,https://winningnumbers.us/states/va/cash-pop/historical,historical,html,true,200,true,text/html; charset=utf-8,true,false,false,74738,false,https://winningnumbers.us/states/va/cash-pop/historical,
/states/va/cash-pop/lunchbreak,https://winningnumbers.us/states/va/cash-pop/lunchbreak,session,html,true,200,true,text/html; charset=utf-8,true,false,false,185609,false,https://winningnumbers.us/states/va/cash-pop/lunchbreak,
/states/va/cash-pop/primetime,https://winningnumbers.us/states/va/cash-pop/primetime,session,html,true,200,true,text/html; charset=utf-8,true,false,false,185509,false,https://winningnumbers.us/states/va/cash-pop/primetime,
/states/va/cash-pop/rushhour,https://winningnumbers.us/states/va/cash-pop/rushhour,session,html,true,200,true,text/html; charset=utf-8,true,false,false,185372,false,https://winningnumbers.us/states/va/cash-pop/rushhour,
/states/va/cash-pop/stats,https://winningnumbers.us/states/va/cash-pop/stats,stats,html,true,200,true,text/html; charset=utf-8,true,false,false,112759,false,https://winningnumbers.us/states/va/cash-pop/stats,
/states/va/mega-millions,https://winningnumbers.us/states/va/mega-millions,game_family,html,true,200,true,text/html; charset=utf-8,true,false,false,232671,false,https://winningnumbers.us/states/va/mega-millions,
/states/va/mega-millions/historical,https://winningnumbers.us/states/va/mega-millions/historical,historical,html,true,200,true,text/html; charset=utf-8,true,false,false,74845,false,https://winningnumbers.us/states/va/mega-millions/historical,
/states/va/mega-millions/stats,https://winningnumbers.us/states/va/mega-millions/stats,stats,html,true,200,true,text/html; charset=utf-8,true,false,false,121205,false,https://winningnumbers.us/states/va/mega-millions/stats,
/states/va/millionaire-for-life,https://winningnumbers.us/states/va/millionaire-for-life,game_family,html,true,200,true,text/html; charset=utf-8,true,false,false,236617,false,https://winningnumbers.us/states/va/millionaire-for-life,
/states/va/millionaire-for-life/historical,https://winningnumbers.us/states/va/millionaire-for-life/historical,historical,html,true,200,true,text/html; charset=utf-8,true,false,false,74991,false,https://winningnumbers.us/states/va/millionaire-for-life/historical,
/states/va/millionaire-for-life/stats,https://winningnumbers.us/states/va/millionaire-for-life/stats,stats,html,true,200,true,text/html; charset=utf-8,true,false,false,131583,false,https://winningnumbers.us/states/va/millionaire-for-life/stats,
/states/va/pick-3,https://winningnumbers.us/states/va/pick-3,game_family,html,true,200,true,text/html; charset=utf-8,true,false,false,226850,false,https://winningnumbers.us/states/va/pick-3,
/states/va/pick-3/day,https://winningnumbers.us/states/va/pick-3/day,session,html,true,200,true,text/html; charset=utf-8,true,false,false,190914,false,https://winningnumbers.us/states/va/pick-3/day,
/states/va/pick-3/historical,https://winningnumbers.us/states/va/pick-3/historical,historical,html,true,200,true,text/html; charset=utf-8,true,false,false,74696,false,https://winningnumbers.us/states/va/pick-3/historical,
/states/va/pick-3/night,https://winningnumbers.us/states/va/pick-3/night,session,html,true,200,true,text/html; charset=utf-8,true,false,false,191092,false,https://winningnumbers.us/states/va/pick-3/night,
/states/va/pick-3/stats,https://winningnumbers.us/states/va/pick-3/stats,stats,html,true,200,true,text/html; charset=utf-8,true,false,false,121509,false,https://winningnumbers.us/states/va/pick-3/stats,
/states/va/pick-4,https://winningnumbers.us/states/va/pick-4,game_family,html,true,200,true,text/html; charset=utf-8,true,false,false,236938,false,https://winningnumbers.us/states/va/pick-4,
/states/va/pick-4/day,https://winningnumbers.us/states/va/pick-4/day,session,html,true,200,true,text/html; charset=utf-8,true,false,false,200451,false,https://winningnumbers.us/states/va/pick-4/day,
/states/va/pick-4/historical,https://winningnumbers.us/states/va/pick-4/historical,historical,html,true,200,true,text/html; charset=utf-8,true,false,false,74696,false,https://winningnumbers.us/states/va/pick-4/historical,
/states/va/pick-4/night,https://winningnumbers.us/states/va/pick-4/night,session,html,true,200,true,text/html; charset=utf-8,true,false,false,200621,false,https://winningnumbers.us/states/va/pick-4/night,
/states/va/pick-4/stats,https://winningnumbers.us/states/va/pick-4/stats,stats,html,true,200,true,text/html; charset=utf-8,true,false,false,121510,false,https://winningnumbers.us/states/va/pick-4/stats,
/states/va/pick-5,https://winningnumbers.us/states/va/pick-5,game_family,html,true,200,true,text/html; charset=utf-8,true,false,false,267376,false,https://winningnumbers.us/states/va/pick-5,
/states/va/pick-5/day,https://winningnumbers.us/states/va/pick-5/day,session,html,true,200,true,text/html; charset=utf-8,true,false,false,228887,false,https://winningnumbers.us/states/va/pick-5/day,
/states/va/pick-5/historical,https://winningnumbers.us/states/va/pick-5/historical,historical,html,true,200,true,text/html; charset=utf-8,true,false,false,74698,false,https://winningnumbers.us/states/va/pick-5/historical,
/states/va/pick-5/night,https://winningnumbers.us/states/va/pick-5/night,session,html,true,200,true,text/html; charset=utf-8,true,false,false,229041,false,https://winningnumbers.us/states/va/pick-5/night,
/states/va/pick-5/stats,https://winningnumbers.us/states/va/pick-5/stats,stats,html,true,200,true,text/html; charset=utf-8,true,false,false,121515,false,https://winningnumbers.us/states/va/pick-5/stats,
/states/va/powerball,https://winningnumbers.us/states/va/powerball,game_family,html,true,200,true,text/html; charset=utf-8,true,false,false,242349,false,https://winningnumbers.us/states/va/powerball,
/states/va/powerball/historical,https://winningnumbers.us/states/va/powerball/historical,historical,html,true,200,true,text/html; charset=utf-8,true,false,false,74760,false,https://winningnumbers.us/states/va/powerball/historical,
/states/va/powerball/stats,https://winningnumbers.us/states/va/powerball/stats,stats,html,true,200,true,text/html; charset=utf-8,true,false,false,121371,false,https://winningnumbers.us/states/va/powerball/stats,
/states/vt,https://winningnumbers.us/states/vt,state,html,true,200,true,text/html; charset=utf-8,true,false,false,225273,false,https://winningnumbers.us/states/vt,
/states/vt/gimme-5,https://winningnumbers.us/states/vt/gimme-5,game_family,html,true,200,true,text/html; charset=utf-8,true,false,false,177632,false,https://winningnumbers.us/states/vt/gimme-5,
/states/vt/gimme-5/historical,https://winningnumbers.us/states/vt/gimme-5/historical,historical,html,true,200,true,text/html; charset=utf-8,true,false,false,74721,false,https://winningnumbers.us/states/vt/gimme-5/historical,
/states/vt/gimme-5/stats,https://winningnumbers.us/states/vt/gimme-5/stats,stats,html,true,200,true,text/html; charset=utf-8,true,false,false,112632,false,https://winningnumbers.us/states/vt/gimme-5/stats,
/states/vt/mega-millions,https://winningnumbers.us/states/vt/mega-millions,game_family,html,true,200,true,text/html; charset=utf-8,true,false,false,185905,false,https://winningnumbers.us/states/vt/mega-millions,
/states/vt/mega-millions/historical,https://winningnumbers.us/states/vt/mega-millions/historical,historical,html,true,200,true,text/html; charset=utf-8,true,false,false,74845,false,https://winningnumbers.us/states/vt/mega-millions/historical,
/states/vt/mega-millions/stats,https://winningnumbers.us/states/vt/mega-millions/stats,stats,html,true,200,true,text/html; charset=utf-8,true,false,false,125607,false,https://winningnumbers.us/states/vt/mega-millions/stats,
/states/vt/megabucks,https://winningnumbers.us/states/vt/megabucks,game_family,html,true,200,true,text/html; charset=utf-8,true,false,false,188126,false,https://winningnumbers.us/states/vt/megabucks,
/states/vt/megabucks/historical,https://winningnumbers.us/states/vt/megabucks/historical,historical,html,true,200,true,text/html; charset=utf-8,true,false,false,74764,false,https://winningnumbers.us/states/vt/megabucks/historical,
/states/vt/megabucks/stats,https://winningnumbers.us/states/vt/megabucks/stats,stats,html,true,200,true,text/html; charset=utf-8,true,false,false,125301,false,https://winningnumbers.us/states/vt/megabucks/stats,
/states/vt/millionaire-for-life,https://winningnumbers.us/states/vt/millionaire-for-life,game_family,html,true,200,true,text/html; charset=utf-8,true,false,false,189078,false,https://winningnumbers.us/states/vt/millionaire-for-life,
/states/vt/millionaire-for-life/historical,https://winningnumbers.us/states/vt/millionaire-for-life/historical,historical,html,true,200,true,text/html; charset=utf-8,true,false,false,74991,false,https://winningnumbers.us/states/vt/millionaire-for-life/historical,
/states/vt/millionaire-for-life/stats,https://winningnumbers.us/states/vt/millionaire-for-life/stats,stats,html,true,200,true,text/html; charset=utf-8,true,false,false,125661,false,https://winningnumbers.us/states/vt/millionaire-for-life/stats,
/states/vt/pick-3,https://winningnumbers.us/states/vt/pick-3,game_family,html,true,200,true,text/html; charset=utf-8,true,false,false,190176,false,https://winningnumbers.us/states/vt/pick-3,
/states/vt/pick-3/day,https://winningnumbers.us/states/vt/pick-3/day,session,html,true,200,true,text/html; charset=utf-8,true,false,false,162926,false,https://winningnumbers.us/states/vt/pick-3/day,
/states/vt/pick-3/evening,https://winningnumbers.us/states/vt/pick-3/evening,session,html,true,200,true,text/html; charset=utf-8,true,false,false,154760,false,https://winningnumbers.us/states/vt/pick-3/evening,
/states/vt/pick-3/historical,https://winningnumbers.us/states/vt/pick-3/historical,historical,html,true,200,true,text/html; charset=utf-8,true,false,false,74698,false,https://winningnumbers.us/states/vt/pick-3/historical,
/states/vt/pick-3/stats,https://winningnumbers.us/states/vt/pick-3/stats,stats,html,true,200,true,text/html; charset=utf-8,true,false,false,108645,false,https://winningnumbers.us/states/vt/pick-3/stats,
/states/vt/pick-4,https://winningnumbers.us/states/vt/pick-4,game_family,html,true,200,true,text/html; charset=utf-8,true,false,false,190274,false,https://winningnumbers.us/states/vt/pick-4,
/states/vt/pick-4/day,https://winningnumbers.us/states/vt/pick-4/day,session,html,true,200,true,text/html; charset=utf-8,true,false,false,162589,false,https://winningnumbers.us/states/vt/pick-4/day,
/states/vt/pick-4/evening,https://winningnumbers.us/states/vt/pick-4/evening,session,html,true,200,true,text/html; charset=utf-8,true,false,false,154537,false,https://winningnumbers.us/states/vt/pick-4/evening,
/states/vt/pick-4/historical,https://winningnumbers.us/states/vt/pick-4/historical,historical,html,true,200,true,text/html; charset=utf-8,true,false,false,74698,false,https://winningnumbers.us/states/vt/pick-4/historical,
/states/vt/pick-4/stats,https://winningnumbers.us/states/vt/pick-4/stats,stats,html,true,200,true,text/html; charset=utf-8,true,false,false,108589,false,https://winningnumbers.us/states/vt/pick-4/stats,
/states/vt/powerball,https://winningnumbers.us/states/vt/powerball,game_family,html,true,200,true,text/html; charset=utf-8,true,false,false,190767,false,https://winningnumbers.us/states/vt/powerball,
/states/vt/powerball/historical,https://winningnumbers.us/states/vt/powerball/historical,historical,html,true,200,true,text/html; charset=utf-8,true,false,false,74760,false,https://winningnumbers.us/states/vt/powerball/historical,
/states/vt/powerball/stats,https://winningnumbers.us/states/vt/powerball/stats,stats,html,true,200,true,text/html; charset=utf-8,true,false,false,127592,false,https://winningnumbers.us/states/vt/powerball/stats,
/states/wa,https://winningnumbers.us/states/wa,state,html,true,200,true,text/html; charset=utf-8,true,false,false,245231,false,https://winningnumbers.us/states/wa,
/states/wa/cash-pop,https://winningnumbers.us/states/wa/cash-pop,game_family,html,true,200,true,text/html; charset=utf-8,true,false,false,176589,false,https://winningnumbers.us/states/wa/cash-pop,
/states/wa/cash-pop/historical,https://winningnumbers.us/states/wa/cash-pop/historical,historical,html,true,200,true,text/html; charset=utf-8,true,false,false,74740,false,https://winningnumbers.us/states/wa/cash-pop/historical,
/states/wa/cash-pop/stats,https://winningnumbers.us/states/wa/cash-pop/stats,stats,html,true,200,true,text/html; charset=utf-8,true,false,false,113036,false,https://winningnumbers.us/states/wa/cash-pop/stats,
/states/wa/daily-keno,https://winningnumbers.us/states/wa/daily-keno,game_family,html,true,200,true,text/html; charset=utf-8,true,false,false,358516,false,https://winningnumbers.us/states/wa/daily-keno,
/states/wa/daily-keno/historical,https://winningnumbers.us/states/wa/daily-keno/historical,historical,html,true,200,true,text/html; charset=utf-8,true,false,false,74781,false,https://winningnumbers.us/states/wa/daily-keno/historical,
/states/wa/daily-keno/stats,https://winningnumbers.us/states/wa/daily-keno/stats,stats,html,true,200,true,text/html; charset=utf-8,true,false,false,112906,false,https://winningnumbers.us/states/wa/daily-keno/stats,
/states/wa/hit-5,https://winningnumbers.us/states/wa/hit-5,game_family,html,true,200,true,text/html; charset=utf-8,true,false,false,215561,false,https://winningnumbers.us/states/wa/hit-5,
/states/wa/hit-5/historical,https://winningnumbers.us/states/wa/hit-5/historical,historical,html,true,200,true,text/html; charset=utf-8,true,false,false,74677,false,https://winningnumbers.us/states/wa/hit-5/historical,
/states/wa/hit-5/stats,https://winningnumbers.us/states/wa/hit-5/stats,stats,html,true,200,true,text/html; charset=utf-8,true,false,false,112726,false,https://winningnumbers.us/states/wa/hit-5/stats,
/states/wa/lotto,https://winningnumbers.us/states/wa/lotto,game_family,html,true,200,true,text/html; charset=utf-8,true,false,false,225111,false,https://winningnumbers.us/states/wa/lotto,
/states/wa/lotto/historical,https://winningnumbers.us/states/wa/lotto/historical,historical,html,true,200,true,text/html; charset=utf-8,true,false,false,74678,false,https://winningnumbers.us/states/wa/lotto/historical,
/states/wa/lotto/stats,https://winningnumbers.us/states/wa/lotto/stats,stats,html,true,200,true,text/html; charset=utf-8,true,false,false,112521,false,https://winningnumbers.us/states/wa/lotto/stats,
/states/wa/match-4,https://winningnumbers.us/states/wa/match-4,game_family,html,true,200,true,text/html; charset=utf-8,true,false,false,204685,false,https://winningnumbers.us/states/wa/match-4,
/states/wa/match-4/historical,https://winningnumbers.us/states/wa/match-4/historical,historical,html,true,200,true,text/html; charset=utf-8,true,false,false,74719,false,https://winningnumbers.us/states/wa/match-4/historical,
/states/wa/match-4/stats,https://winningnumbers.us/states/wa/match-4/stats,stats,html,true,200,true,text/html; charset=utf-8,true,false,false,112663,false,https://winningnumbers.us/states/wa/match-4/stats,
/states/wa/mega-millions,https://winningnumbers.us/states/wa/mega-millions,game_family,html,true,200,true,text/html; charset=utf-8,true,false,false,232532,false,https://winningnumbers.us/states/wa/mega-millions,
/states/wa/mega-millions/historical,https://winningnumbers.us/states/wa/mega-millions/historical,historical,html,true,200,true,text/html; charset=utf-8,true,false,false,74845,false,https://winningnumbers.us/states/wa/mega-millions/historical,
/states/wa/mega-millions/stats,https://winningnumbers.us/states/wa/mega-millions/stats,stats,html,true,200,true,text/html; charset=utf-8,true,false,false,120912,false,https://winningnumbers.us/states/wa/mega-millions/stats,
/states/wa/pick-3,https://winningnumbers.us/states/wa/pick-3,game_family,html,true,200,true,text/html; charset=utf-8,true,false,false,191811,false,https://winningnumbers.us/states/wa/pick-3,
/states/wa/pick-3/historical,https://winningnumbers.us/states/wa/pick-3/historical,historical,html,true,200,true,text/html; charset=utf-8,true,false,false,74698,false,https://winningnumbers.us/states/wa/pick-3/historical,
/states/wa/pick-3/stats,https://winningnumbers.us/states/wa/pick-3/stats,stats,html,true,200,true,text/html; charset=utf-8,true,false,false,112631,false,https://winningnumbers.us/states/wa/pick-3/stats,
/states/wa/powerball,https://winningnumbers.us/states/wa/powerball,game_family,html,true,200,true,text/html; charset=utf-8,true,false,false,241933,false,https://winningnumbers.us/states/wa/powerball,
/states/wa/powerball-double-play,https://winningnumbers.us/states/wa/powerball-double-play,game_family,html,true,200,true,text/html; charset=utf-8,true,false,false,235422,false,https://winningnumbers.us/states/wa/powerball-double-play,
/states/wa/powerball-double-play/historical,https://winningnumbers.us/states/wa/powerball-double-play/historical,historical,html,true,200,true,text/html; charset=utf-8,true,false,false,75003,false,https://winningnumbers.us/states/wa/powerball-double-play/historical,
/states/wa/powerball-double-play/stats,https://winningnumbers.us/states/wa/powerball-double-play/stats,stats,html,true,200,true,text/html; charset=utf-8,true,false,false,122044,false,https://winningnumbers.us/states/wa/powerball-double-play/stats,
/states/wa/powerball/historical,https://winningnumbers.us/states/wa/powerball/historical,historical,html,true,200,true,text/html; charset=utf-8,true,false,false,74760,false,https://winningnumbers.us/states/wa/powerball/historical,
/states/wa/powerball/stats,https://winningnumbers.us/states/wa/powerball/stats,stats,html,true,200,true,text/html; charset=utf-8,true,false,false,121291,false,https://winningnumbers.us/states/wa/powerball/stats,
/states/wi,https://winningnumbers.us/states/wi,state,html,true,200,true,text/html; charset=utf-8,true,false,false,258599,false,https://winningnumbers.us/states/wi,
/states/wi/all-or-nothing,https://winningnumbers.us/states/wi/all-or-nothing,game_family,html,true,200,true,text/html; charset=utf-8,true,false,false,308843,false,https://winningnumbers.us/states/wi/all-or-nothing,
/states/wi/all-or-nothing/eve,https://winningnumbers.us/states/wi/all-or-nothing/eve,session,html,true,200,true,text/html; charset=utf-8,true,false,false,265895,false,https://winningnumbers.us/states/wi/all-or-nothing/eve,
/states/wi/all-or-nothing/historical,https://winningnumbers.us/states/wi/all-or-nothing/historical,historical,html,true,200,true,text/html; charset=utf-8,true,false,false,74863,false,https://winningnumbers.us/states/wi/all-or-nothing/historical,
/states/wi/all-or-nothing/mid,https://winningnumbers.us/states/wi/all-or-nothing/mid,session,html,true,200,true,text/html; charset=utf-8,true,false,false,265869,false,https://winningnumbers.us/states/wi/all-or-nothing/mid,
/states/wi/all-or-nothing/stats,https://winningnumbers.us/states/wi/all-or-nothing/stats,stats,html,true,200,true,text/html; charset=utf-8,true,false,false,113041,false,https://winningnumbers.us/states/wi/all-or-nothing/stats,
/states/wi/badger-5,https://winningnumbers.us/states/wi/badger-5,game_family,html,true,200,true,text/html; charset=utf-8,true,false,false,213691,false,https://winningnumbers.us/states/wi/badger-5,
/states/wi/badger-5/historical,https://winningnumbers.us/states/wi/badger-5/historical,historical,html,true,200,true,text/html; charset=utf-8,true,false,false,74738,false,https://winningnumbers.us/states/wi/badger-5/historical,
/states/wi/badger-5/stats,https://winningnumbers.us/states/wi/badger-5/stats,stats,html,true,200,true,text/html; charset=utf-8,true,false,false,112797,false,https://winningnumbers.us/states/wi/badger-5/stats,
/states/wi/mega-millions,https://winningnumbers.us/states/wi/mega-millions,game_family,html,true,200,true,text/html; charset=utf-8,true,false,false,231537,false,https://winningnumbers.us/states/wi/mega-millions,
/states/wi/mega-millions/historical,https://winningnumbers.us/states/wi/mega-millions/historical,historical,html,true,200,true,text/html; charset=utf-8,true,false,false,74845,false,https://winningnumbers.us/states/wi/mega-millions/historical,
/states/wi/mega-millions/stats,https://winningnumbers.us/states/wi/mega-millions/stats,stats,html,true,200,true,text/html; charset=utf-8,true,false,false,121220,false,https://winningnumbers.us/states/wi/mega-millions/stats,
/states/wi/megabucks,https://winningnumbers.us/states/wi/megabucks,game_family,html,true,200,true,text/html; charset=utf-8,true,false,false,225011,false,https://winningnumbers.us/states/wi/megabucks,
/states/wi/megabucks/historical,https://winningnumbers.us/states/wi/megabucks/historical,historical,html,true,200,true,text/html; charset=utf-8,true,false,false,74760,false,https://winningnumbers.us/states/wi/megabucks/historical,
/states/wi/megabucks/stats,https://winningnumbers.us/states/wi/megabucks/stats,stats,html,true,200,true,text/html; charset=utf-8,true,false,false,112702,false,https://winningnumbers.us/states/wi/megabucks/stats,
/states/wi/pick-3,https://winningnumbers.us/states/wi/pick-3,game_family,html,true,200,true,text/html; charset=utf-8,true,false,false,223177,false,https://winningnumbers.us/states/wi/pick-3,
/states/wi/pick-3/evening,https://winningnumbers.us/states/wi/pick-3/evening,session,html,true,200,true,text/html; charset=utf-8,true,false,false,188913,false,https://winningnumbers.us/states/wi/pick-3/evening,
/states/wi/pick-3/historical,https://winningnumbers.us/states/wi/pick-3/historical,historical,html,true,200,true,text/html; charset=utf-8,true,false,false,74696,false,https://winningnumbers.us/states/wi/pick-3/historical,
/states/wi/pick-3/midday,https://winningnumbers.us/states/wi/pick-3/midday,session,html,true,200,true,text/html; charset=utf-8,true,false,false,188814,false,https://winningnumbers.us/states/wi/pick-3/midday,
/states/wi/pick-3/stats,https://winningnumbers.us/states/wi/pick-3/stats,stats,html,true,200,true,text/html; charset=utf-8,true,false,false,112729,false,https://winningnumbers.us/states/wi/pick-3/stats,
/states/wi/pick-4,https://winningnumbers.us/states/wi/pick-4,game_family,html,true,200,true,text/html; charset=utf-8,true,false,false,233236,false,https://winningnumbers.us/states/wi/pick-4,
/states/wi/pick-4/evening,https://winningnumbers.us/states/wi/pick-4/evening,session,html,true,200,true,text/html; charset=utf-8,true,false,false,198402,false,https://winningnumbers.us/states/wi/pick-4/evening,
/states/wi/pick-4/historical,https://winningnumbers.us/states/wi/pick-4/historical,historical,html,true,200,true,text/html; charset=utf-8,true,false,false,74696,false,https://winningnumbers.us/states/wi/pick-4/historical,
/states/wi/pick-4/midday,https://winningnumbers.us/states/wi/pick-4/midday,session,html,true,200,true,text/html; charset=utf-8,true,false,false,198299,false,https://winningnumbers.us/states/wi/pick-4/midday,
/states/wi/pick-4/stats,https://winningnumbers.us/states/wi/pick-4/stats,stats,html,true,200,true,text/html; charset=utf-8,true,false,false,112750,false,https://winningnumbers.us/states/wi/pick-4/stats,
/states/wi/powerball,https://winningnumbers.us/states/wi/powerball,game_family,html,true,200,true,text/html; charset=utf-8,true,false,false,241117,false,https://winningnumbers.us/states/wi/powerball,
/states/wi/powerball/historical,https://winningnumbers.us/states/wi/powerball/historical,historical,html,true,200,true,text/html; charset=utf-8,true,false,false,74760,false,https://winningnumbers.us/states/wi/powerball/historical,
/states/wi/powerball/stats,https://winningnumbers.us/states/wi/powerball/stats,stats,html,true,200,true,text/html; charset=utf-8,true,false,false,121386,false,https://winningnumbers.us/states/wi/powerball/stats,
/states/wi/super-cash,https://winningnumbers.us/states/wi/super-cash,game_family,html,true,200,true,text/html; charset=utf-8,true,false,false,231596,false,https://winningnumbers.us/states/wi/super-cash,
/states/wi/super-cash/historical,https://winningnumbers.us/states/wi/super-cash/historical,historical,html,true,200,true,text/html; charset=utf-8,true,false,false,74780,false,https://winningnumbers.us/states/wi/super-cash/historical,
/states/wi/super-cash/stats,https://winningnumbers.us/states/wi/super-cash/stats,stats,html,true,200,true,text/html; charset=utf-8,true,false,false,112881,false,https://winningnumbers.us/states/wi/super-cash/stats,
/states/wv,https://winningnumbers.us/states/wv,state,html,true,200,true,text/html; charset=utf-8,true,false,false,204904,false,https://winningnumbers.us/states/wv,
/states/wv/cash-25,https://winningnumbers.us/states/wv/cash-25,game_family,html,true,200,true,text/html; charset=utf-8,true,false,false,224799,false,https://winningnumbers.us/states/wv/cash-25,
/states/wv/cash-25/historical,https://winningnumbers.us/states/wv/cash-25/historical,historical,html,true,200,true,text/html; charset=utf-8,true,false,false,74717,false,https://winningnumbers.us/states/wv/cash-25/historical,
/states/wv/cash-25/stats,https://winningnumbers.us/states/wv/cash-25/stats,stats,html,true,200,true,text/html; charset=utf-8,true,false,false,113139,false,https://winningnumbers.us/states/wv/cash-25/stats,
/states/wv/daily-3,https://winningnumbers.us/states/wv/daily-3,game_family,html,true,200,true,text/html; charset=utf-8,true,false,false,195268,false,https://winningnumbers.us/states/wv/daily-3,
/states/wv/daily-3/historical,https://winningnumbers.us/states/wv/daily-3/historical,historical,html,true,200,true,text/html; charset=utf-8,true,false,false,74717,false,https://winningnumbers.us/states/wv/daily-3/historical,
/states/wv/daily-3/stats,https://winningnumbers.us/states/wv/daily-3/stats,stats,html,true,200,true,text/html; charset=utf-8,true,false,false,112799,false,https://winningnumbers.us/states/wv/daily-3/stats,
/states/wv/daily-4,https://winningnumbers.us/states/wv/daily-4,game_family,html,true,200,true,text/html; charset=utf-8,true,false,false,204376,false,https://winningnumbers.us/states/wv/daily-4,
/states/wv/daily-4/historical,https://winningnumbers.us/states/wv/daily-4/historical,historical,html,true,200,true,text/html; charset=utf-8,true,false,false,74717,false,https://winningnumbers.us/states/wv/daily-4/historical,
/states/wv/daily-4/stats,https://winningnumbers.us/states/wv/daily-4/stats,stats,html,true,200,true,text/html; charset=utf-8,true,false,false,112777,false,https://winningnumbers.us/states/wv/daily-4/stats,
/states/wv/lotto-america,https://winningnumbers.us/states/wv/lotto-america,game_family,html,true,200,true,text/html; charset=utf-8,true,false,false,243806,false,https://winningnumbers.us/states/wv/lotto-america,
/states/wv/lotto-america/historical,https://winningnumbers.us/states/wv/lotto-america/historical,historical,html,true,200,true,text/html; charset=utf-8,true,false,false,74843,false,https://winningnumbers.us/states/wv/lotto-america/historical,
/states/wv/lotto-america/stats,https://winningnumbers.us/states/wv/lotto-america/stats,stats,html,true,200,true,text/html; charset=utf-8,true,false,false,123492,false,https://winningnumbers.us/states/wv/lotto-america/stats,
/states/wv/mega-millions,https://winningnumbers.us/states/wv/mega-millions,game_family,html,true,200,true,text/html; charset=utf-8,true,false,false,231789,false,https://winningnumbers.us/states/wv/mega-millions,
/states/wv/mega-millions/historical,https://winningnumbers.us/states/wv/mega-millions/historical,historical,html,true,200,true,text/html; charset=utf-8,true,false,false,74845,false,https://winningnumbers.us/states/wv/mega-millions/historical,
/states/wv/mega-millions/stats,https://winningnumbers.us/states/wv/mega-millions/stats,stats,html,true,200,true,text/html; charset=utf-8,true,false,false,121282,false,https://winningnumbers.us/states/wv/mega-millions/stats,
/states/wv/millionaire-for-life,https://winningnumbers.us/states/wv/millionaire-for-life,game_family,html,true,200,true,text/html; charset=utf-8,true,false,false,235542,false,https://winningnumbers.us/states/wv/millionaire-for-life,
/states/wv/millionaire-for-life/historical,https://winningnumbers.us/states/wv/millionaire-for-life/historical,historical,html,true,200,true,text/html; charset=utf-8,true,false,false,74991,false,https://winningnumbers.us/states/wv/millionaire-for-life/historical,
/states/wv/millionaire-for-life/stats,https://winningnumbers.us/states/wv/millionaire-for-life/stats,stats,html,true,200,true,text/html; charset=utf-8,true,false,false,131724,false,https://winningnumbers.us/states/wv/millionaire-for-life/stats,
/states/wv/powerball,https://winningnumbers.us/states/wv/powerball,game_family,html,true,200,true,text/html; charset=utf-8,true,false,false,241042,false,https://winningnumbers.us/states/wv/powerball,
/states/wv/powerball/historical,https://winningnumbers.us/states/wv/powerball/historical,historical,html,true,200,true,text/html; charset=utf-8,true,false,false,74760,false,https://winningnumbers.us/states/wv/powerball/historical,
/states/wv/powerball/stats,https://winningnumbers.us/states/wv/powerball/stats,stats,html,true,200,true,text/html; charset=utf-8,true,false,false,121407,false,https://winningnumbers.us/states/wv/powerball/stats,
/states/wy,https://winningnumbers.us/states/wy,state,html,true,200,true,text/html; charset=utf-8,true,false,false,172753,false,https://winningnumbers.us/states/wy,
/states/wy/2by2,https://winningnumbers.us/states/wy/2by2,game_family,html,true,200,true,text/html; charset=utf-8,true,false,false,195749,false,https://winningnumbers.us/states/wy/2by2,
/states/wy/2by2/historical,https://winningnumbers.us/states/wy/2by2/historical,historical,html,true,200,true,text/html; charset=utf-8,true,false,false,74657,false,https://winningnumbers.us/states/wy/2by2/historical,
/states/wy/2by2/stats,https://winningnumbers.us/states/wy/2by2/stats,stats,html,true,200,true,text/html; charset=utf-8,true,false,false,121555,false,https://winningnumbers.us/states/wy/2by2/stats,
/states/wy/cowboy-draw,https://winningnumbers.us/states/wy/cowboy-draw,game_family,html,true,200,true,text/html; charset=utf-8,true,false,false,214124,false,https://winningnumbers.us/states/wy/cowboy-draw,
/states/wy/cowboy-draw/historical,https://winningnumbers.us/states/wy/cowboy-draw/historical,historical,html,true,200,true,text/html; charset=utf-8,true,false,false,74803,false,https://winningnumbers.us/states/wy/cowboy-draw/historical,
/states/wy/cowboy-draw/stats,https://winningnumbers.us/states/wy/cowboy-draw/stats,stats,html,true,200,true,text/html; charset=utf-8,true,false,false,112840,false,https://winningnumbers.us/states/wy/cowboy-draw/stats,
/states/wy/mega-millions,https://winningnumbers.us/states/wy/mega-millions,game_family,html,true,200,true,text/html; charset=utf-8,true,false,false,231690,false,https://winningnumbers.us/states/wy/mega-millions,
/states/wy/mega-millions/historical,https://winningnumbers.us/states/wy/mega-millions/historical,historical,html,true,200,true,text/html; charset=utf-8,true,false,false,74845,false,https://winningnumbers.us/states/wy/mega-millions/historical,
/states/wy/mega-millions/stats,https://winningnumbers.us/states/wy/mega-millions/stats,stats,html,true,200,true,text/html; charset=utf-8,true,false,false,121190,false,https://winningnumbers.us/states/wy/mega-millions/stats,
/states/wy/millionaire-for-life,https://winningnumbers.us/states/wy/millionaire-for-life,game_family,html,true,200,true,text/html; charset=utf-8,true,false,false,234794,false,https://winningnumbers.us/states/wy/millionaire-for-life,
/states/wy/millionaire-for-life/historical,https://winningnumbers.us/states/wy/millionaire-for-life/historical,historical,html,true,200,true,text/html; charset=utf-8,true,false,false,74991,false,https://winningnumbers.us/states/wy/millionaire-for-life/historical,
/states/wy/millionaire-for-life/stats,https://winningnumbers.us/states/wy/millionaire-for-life/stats,stats,html,true,200,true,text/html; charset=utf-8,true,false,false,131578,false,https://winningnumbers.us/states/wy/millionaire-for-life/stats,
/states/wy/powerball,https://winningnumbers.us/states/wy/powerball,game_family,html,true,200,true,text/html; charset=utf-8,true,false,false,241241,false,https://winningnumbers.us/states/wy/powerball,
/states/wy/powerball/historical,https://winningnumbers.us/states/wy/powerball/historical,historical,html,true,200,true,text/html; charset=utf-8,true,false,false,74760,false,https://winningnumbers.us/states/wy/powerball/historical,
/states/wy/powerball/stats,https://winningnumbers.us/states/wy/powerball/stats,stats,html,true,200,true,text/html; charset=utf-8,true,false,false,121356,false,https://winningnumbers.us/states/wy/powerball/stats,
/terms,https://winningnumbers.us/terms,legal,html,true,200,true,text/html; charset=utf-8,true,false,false,73823,false,https://winningnumbers.us/terms,
