Keyword,AvgMonthlySearches,Competition,CPC,Difficulty
lottery,500000,Baja,0.14-2.85 USD,needs data
powerball,5000000,Baja,0.14-0.80 USD,needs data
mega millions,5000000,Baja,0.15-0.78 USD,needs data
lottery results,500000,Baja,0.10-0.66 USD,needs data
lotto online,500,Baja,1.25-7.29 USD,needs data
mega millions drawing,500000,Baja,0.14-0.70 USD,needs data
mega millions jackpot,500000,Baja,0.15-1.33 USD,needs data
powerball jackpot,500000,Baja,0.17-1.96 USD,needs data
powerball numbers,5000000,Baja,0.06-0.33 USD,needs data
buy powerball online,50000,Baja,1.86-20.68 USD,needs data
buy lottery tickets online,5000,Baja,3.08-18.57 USD,needs data
powerball drawing,5000000,Baja,0.11-0.50 USD,needs data
buy mega millions online,500,Baja,2.47-19.71 USD,needs data
cash 3,500000,Baja,0.30-0.50 USD,needs data
play lottery online,5000,Baja,2.90-22.54 USD,needs data
online lottery,50000,Baja,2.26-17.89 USD,needs data
powerball ticket,500000,Baja,1.03-7.97 USD,needs data
lottery tonight,50000,Baja,0.30-1.99 USD,needs data
lottery ticket,50000,Baja,1.25-6.84 USD,needs data
play powerball online,5000,Baja,2.21-18.81 USD,needs data
play mega millions online,500,Baja,2.22-19.12 USD,needs data
jackpocket app,5000,Media,1.95-7.00 USD,needs data
powerball tonight,50000,Baja,0.21-2.10 USD,needs data
powerball lottery,500000,Baja,0.26-2.42 USD,needs data
nys lottery,500000,Baja,0.13-0.15 USD,needs data
lottery numbers,500000,Baja,0.12-0.50 USD,needs data
powerball tickets online,50000,Baja,2.32-16.91 USD,needs data
home lottery,500,Baja,1.96-6.04 USD,needs data
cash 4,500000,Baja,0.30-0.50 USD,needs data
play lotto online,5000,Baja,3.12-20.12 USD,needs data
powerball results,500000,Baja,0.13-0.37 USD,needs data
powerball online,5000,Baja,1.31-14.49 USD,needs data
lottery mega millions,5000,Baja,0.23-2.18 USD,needs data
buy powerball tickets online,5000,Baja,2.26-18.30 USD,needs data
mega millions numbers,500000,Baja,0.05-0.48 USD,needs data
lotto app,5000,Baja,0.50-5.05 USD,needs data
power ball drawing,500000,Baja,0.14-0.55 USD,needs data
powerball winning numbers,5000000,Baja,0.09-0.40 USD,needs data
lottery app,5000,Baja,0.25-5.09 USD,needs data
megamillion,50000,Baja,0.15-0.95 USD,needs data
texas lottery mega millions,5000,Baja,needs data,needs data
superlotto,500000,Baja,0.03-0.29 USD,needs data
texas lottery app,50000,Baja,0.11-2.07 USD,needs data
palottery,5000000,Baja,0.57-2.32 USD,needs data
mega millions online,500,Baja,1.13-12.77 USD,needs data
michigan lottery online,5000,Baja,0.10-33.96 USD,needs data
mega millions winning numbers,500000,Baja,0.14-0.50 USD,needs data
mega millions results,50000,Baja,0.13-0.22 USD,needs data
the lotto,500,Baja,0.13-2.40 USD,needs data
next powerball drawing,500000,Baja,0.21-1.88 USD,needs data
jackpot lottery,50000,Baja,0.77-6.60 USD,needs data
lotto powerball,50000,Baja,0.23-1.45 USD,needs data
lotto go,50,Baja,3.12-14.22 USD,needs data
saturday lotto,500,Baja,0.19-0.99 USD,needs data
nylottery,5000000,Baja,0.14-0.20 USD,needs data
lottery mega millions powerball jackpot,5000,Baja,needs data,needs data
mega ball,50000,Baja,0.20-2.38 USD,needs data
txlottery,500000,Baja,2.42-127.17 USD,needs data
mega millions drawing tonight,50000,Baja,0.16-1.05 USD,needs data
buy mega millions ticket online,500,Baja,3.18-18.89 USD,needs data
billion dollar lottery,5000,Baja,1.69-6.19 USD,needs data
pick 3,5000000,Baja,0.04-0.34 USD,needs data
check lotto ticket,50000,Baja,0.16-1.78 USD,needs data
lotto ticket,5000,Baja,0.73-5.86 USD,needs data
mega millions tickets online,5000,Baja,1.84-15.99 USD,needs data
lotto check,500,Baja,0.16-1.25 USD,needs data
play lotto,5000,Baja,1.18-9.48 USD,needs data
powerball drawing days,50000,Baja,0.22-1.68 USD,needs data
texas lottery powerball,5000,Baja,needs data,needs data
lottery tickets near me,50000,Baja,2.45-7.80 USD,needs data
mega lotto,5000,Baja,0.19-1.69 USD,needs data
mega millions next drawing,50000,Baja,0.22-1.45 USD,needs data
the lott app,50,Baja,needs data,needs data
cash4life,50000,Baja,0.15-3.64 USD,needs data
pick 4,500000,Baja,0.07-0.38 USD,needs data
lotto tonight,5000,Baja,0.26-1.75 USD,needs data
mega lottery,5000,Baja,0.22-1.58 USD,needs data
set for life lottery,500,Baja,1.25-3.32 USD,needs data
powerball winner,500000,Baja,0.16-0.69 USD,needs data
keno results,50000,Baja,0.20-4.75 USD,needs data
mega millions ticket,5000,Baja,0.77-5.07 USD,needs data
mega millions online purchase,500,Baja,1.19-15.32 USD,needs data
my lotto,5000,Baja,0.27-2.80 USD,needs data
superlotto plus,500000,Baja,0.04-0.31 USD,needs data
win 4 evening,500000,Baja,0.17-6.01 USD,needs data
lottery ticket online,5000,Baja,2.51-16.49 USD,needs data
powerball drawing time,50000,Baja,0.20-1.45 USD,needs data
play powerball,5000,Baja,0.97-11.54 USD,needs data
check powerball ticket,5000,Baja,0.20-1.45 USD,needs data
ny lottery results,500000,Baja,0.14-0.18 USD,needs data
mega jackpot,5000,Baja,0.61-6.77 USD,needs data
lottery drawing,50000,Baja,0.29-2.46 USD,needs data
super lotto winning numbers,50000,Baja,0.05-0.31 USD,needs data
set for life results,500,Baja,needs data,needs data
100 million powerball,50,Baja,needs data,needs data
california lottery results,50000,Baja,0.06-0.31 USD,needs data
winning lottery numbers,50000,Baja,0.01-0.23 USD,needs data
cash 3 midday,50000,Baja,0.30-0.50 USD,needs data
purchase powerball online,500,Baja,0.81-11.11 USD,needs data
lotto drawing,5000,Baja,0.20-1.61 USD,needs data
win for life,5000,Baja,1.16-11.63 USD,needs data
cash 3 evening,50000,Baja,0.30-0.50 USD,needs data
powerball jackpot today,50000,Baja,0.15-1.12 USD,needs data
buy powerball ticket,5000,Baja,1.71-13.13 USD,needs data
win 4,50000,Baja,0.15-0.22 USD,needs data
powerball tickets near me,5000,Baja,1.79-8.34 USD,needs data
mega millions winner,50000,Baja,0.15-0.65 USD,needs data
lottery drawing tonight,50000,Baja,0.35-2.41 USD,needs data
va lottery results,500000,Baja,0.47-2.53 USD,needs data
lottery post,500000,Baja,2.68-10.76 USD,needs data
va lottery pick 4,50000,Baja,0.15-0.47 USD,needs data
lucky for life,500000,Baja,0.16-3.12 USD,needs data
winning numbers,50000,Baja,0.02-0.21 USD,needs data
buy powerball,5000,Baja,1.66-11.44 USD,needs data
lottery near me,50000,Baja,3.11-10.54 USD,needs data
mibigspin,50,Desconocida,needs data,needs data
lotto mega millions,5000000,Baja,0.15-0.78 USD,needs data
lotto winning numbers,500000,Baja,0.03-0.26 USD,needs data
badger 5,50000,Baja,1.20-4.00 USD,needs data
lottery winners,5000,Baja,0.40-2.72 USD,needs data
check my lotto ticket,5000,Baja,0.16-1.80 USD,needs data
powerball near me,5000,Baja,2.19-8.16 USD,needs data
1 billion lottery,5000,Baja,needs data,needs data
mega win,500,Baja,2.21-10.54 USD,needs data
mega millions jackpot today,50000,Baja,0.17-1.14 USD,needs data
va lottery pick 3,50000,Baja,0.15-0.64 USD,needs data
saturday lotto results,500,Baja,0.11-0.23 USD,needs data
poker lotto,500,Baja,4.35-7.44 USD,needs data
lottery powerball jackpot,500000,Baja,0.17-1.96 USD,needs data
next lottery drawing,5000,Baja,0.52-3.18 USD,needs data
fantasy 5,500000,Baja,0.02-0.10 USD,needs data
scratch off tickets,50000,Baja,0.44-8.27 USD,needs data
powerball ticket prices,50000,Baja,0.81-3.95 USD,needs data
buy a mega millions ticket online,500,Baja,3.18-18.89 USD,needs data
ca lottery winning numbers,50000,Baja,0.06-0.31 USD,needs data
free lottery,500,Baja,1.42-8.82 USD,needs data
illinois lottery results,500000,Baja,needs data,needs data
california lottery winning numbers,50000,Baja,0.06-0.31 USD,needs data
lotto america,50000,Baja,0.89-3.07 USD,needs data
x lotto,500,Baja,1.31-8.97 USD,needs data
keno lotto,5000,Baja,0.40-4.85 USD,needs data
play mega millions,500,Baja,0.94-9.90 USD,needs data
cash for life,50000,Baja,0.31-2.30 USD,needs data
mymicashword,50,Baja,needs data,needs data
nylotto,500000,Baja,0.14-0.20 USD,needs data
lucky day lotto,50000,Baja,0.02-0.13 USD,needs data
powerball drawing tonight,500000,Baja,0.15-1.23 USD,needs data
nys lotto,5000,Baja,0.14-0.20 USD,needs data
daily millions,500,Baja,needs data,needs data
mega millions payout,50000,Baja,0.20-1.37 USD,needs data
100 million lotto,50,Baja,0.78-6.22 USD,needs data
current powerball jackpot,50000,Baja,0.23-1.87 USD,needs data
lotto near me,5000,Baja,3.13-7.98 USD,needs data
co lottery,5000,Baja,2.03-7.44 USD,needs data
cash 4 life,50000,Baja,0.13-1.25 USD,needs data
fantasy 5 ga,50000,Baja,0.02-0.13 USD,needs data
colorado lottery powerball,5000,Baja,0.97-3.43 USD,needs data
cash 4 evening,50000,Baja,0.30-0.50 USD,needs data
the lott check my ticket,50,Baja,needs data,needs data
take 5 results,50000,Baja,0.13-0.16 USD,needs data
tuesday lotto,500,Baja,0.44-2.60 USD,needs data
mega millions drawing time,5000,Baja,0.38-1.60 USD,needs data
powerball and mega millions,5000,Baja,0.30-1.90 USD,needs data
cash pop,500000,Baja,0.03-0.48 USD,needs data
ny lottery org,50000,Baja,0.14-0.18 USD,needs data
take 5 midday,50000,Baja,0.13-0.16 USD,needs data
lotto powerball jackpot,500000,Baja,0.17-1.96 USD,needs data
powerball ticket cost,5000,Baja,0.77-4.81 USD,needs data
ny lottery powerball,5000,Baja,0.14-0.66 USD,needs data
mega millions drawing days,50000,Baja,0.14-1.06 USD,needs data
mega winner,5000,Baja,0.15-1.36 USD,needs data
check powerball numbers,50000,Baja,0.14-0.50 USD,needs data
pick 4 winning numbers,50000,Baja,0.11-0.32 USD,needs data
pick 3 winning numbers,50000,Baja,0.04-0.33 USD,needs data
pch lotto,50000,Baja,0.18-10.32 USD,needs data
cash 3 winning numbers,50000,Baja,0.01-0.05 USD,needs data
powerball rules,5000,Baja,0.02-0.90 USD,needs data
current lottery jackpots,5000,Baja,0.30-2.27 USD,needs data
check my ticket powerball,5000,Baja,0.21-1.35 USD,needs data
lotto drawing tonight,50000,Baja,0.35-2.41 USD,needs data
saturday lotto check ticket,50,Baja,needs data,needs data
jumbo bucks lotto,500,Baja,needs data,needs data
galottery winning numbers,50000,Baja,0.01-0.02 USD,needs data
mega millions jackpot lottery ticket,500,Baja,needs data,needs data
powerball monday,5000,Baja,0.13-0.56 USD,needs data
colorado lottery mega millions,500,Baja,0.66-1.69 USD,needs data
pa lottery app,5000,Baja,1.17-6.72 USD,needs data
powerball numbers last night,500000,Baja,0.04-0.30 USD,needs data
powerball 100 million,50,Baja,needs data,needs data
mega millions ticket cost,50000,Baja,0.78-3.49 USD,needs data
super lotto results,5000,Baja,0.14-0.40 USD,needs data
lottery checker,5000,Baja,0.17-1.53 USD,needs data
megamillion drawing,500000,Baja,0.14-0.70 USD,needs data
take 5 numbers,50000,Baja,0.13-0.16 USD,needs data
past powerball numbers,50000,Baja,0.22-1.38 USD,needs data
current mega millions jackpot,5000,Baja,0.20-1.28 USD,needs data
powerball today,50000,Baja,0.20-1.28 USD,needs data
check lottery tickets,50000,Baja,0.16-1.78 USD,needs data
megamillions july 26 2022,50,Baja,needs data,needs data
buy mega millions,50,Baja,1.27-13.08 USD,needs data
monday lotto,500,Baja,0.22-2.12 USD,needs data
take 5 evening,50000,Baja,0.13-0.16 USD,needs data
powerball payout,50000,Baja,0.60-2.97 USD,needs data
second chance lottery,5000,Baja,0.17-4.26 USD,needs data
mega millions past winning numbers,50000,Baja,0.14-0.62 USD,needs data
lotto lottery,500,Baja,0.12-2.31 USD,needs data
ca lottery mega millions,5000,Baja,0.02-0.42 USD,needs data
superlotto plus winning numbers,50000,Baja,0.05-0.30 USD,needs data
wednesday lotto,5000,Baja,0.22-1.59 USD,needs data
powerball winners tonight,5000,Baja,0.20-1.04 USD,needs data
power ball ticket,500000,Baja,1.03-7.97 USD,needs data
cash 3 night,50000,Baja,0.30-0.50 USD,needs data
check keno ticket,5000,Baja,0.25-1.81 USD,needs data
cash 4 midday,50000,Baja,0.30-0.50 USD,needs data
lottery drawing days,5000,Baja,0.42-2.92 USD,needs data
ca lottery powerball,50000,Baja,0.09-0.40 USD,needs data
club keno,50000,Baja,0.01-0.07 USD,needs data
big ticket draw,50,Baja,needs data,needs data
ct lottery play 3,50000,Baja,5.23-19.79 USD,needs data
cash 4 night,50000,Baja,0.30-0.50 USD,needs data
set for life lotto,50,Baja,needs data,needs data
keno lottery,5000,Baja,0.40-4.85 USD,needs data
check keno results,50,Baja,needs data,needs data
powerball amount,50000,Baja,0.21-1.15 USD,needs data
nys lottery results,500000,Baja,0.14-0.17 USD,needs data
powerball past winning numbers,50000,Baja,0.09-0.39 USD,needs data
njlottery,5000000,Baja,1.06-4.74 USD,needs data
check lottery numbers,5000,Baja,0.14-1.23 USD,needs data
keno to go,5000,Baja,0.30-1.86 USD,needs data
mega millions near me,500,Baja,1.10-5.51 USD,needs data
ky lottery pick 3,50000,Baja,0.03-2.80 USD,needs data
mega millions next drawing 2022,50,Desconocida,needs data,needs data
buy mega millions ticket,500,Baja,1.68-16.51 USD,needs data
pick 3 results,50000,Baja,0.15-0.40 USD,needs data
1.1 billion lottery,500,Baja,needs data,needs data
daily keno,500,Baja,needs data,needs data
check mega millions numbers,5000,Baja,0.15-0.79 USD,needs data
powerball power play,50000,Baja,0.17-1.47 USD,needs data
super lotto past winning numbers,50000,Baja,0.07-0.36 USD,needs data
powerball where to buy,5000,Baja,1.13-9.16 USD,needs data
coloradolottery,500000,Baja,1.03-3.94 USD,needs data
win 4 midday,500000,Baja,0.16-6.99 USD,needs data
win 4 numbers,50000,Baja,0.15-0.22 USD,needs data
powerball mega millions,5000,Baja,0.41-1.56 USD,needs data
ny lottery mega millions,500,Baja,0.14-0.76 USD,needs data
fantasy 5 winning numbers,50000,Baja,0.02-0.11 USD,needs data
take 5 winning numbers,5000,Baja,0.14-0.17 USD,needs data
new york lotto results,50000,Baja,0.13-0.22 USD,needs data
lotto world,500,Media,needs data,needs data
ct lottery keno,5000,Baja,7.29-18.57 USD,needs data
1.5 billion lottery,500,Baja,needs data,needs data
megabucks,50000,Baja,0.03-1.93 USD,needs data
wa lotto,50000,Baja,needs data,needs data
mega millions where to buy,500,Baja,1.24-11.57 USD,needs data
mega millions drawing tonight live,50000,Baja,0.16-2.03 USD,needs data
2nd chance lottery,5000,Baja,0.20-4.36 USD,needs data
check mega millions ticket,5000,Baja,0.18-1.28 USD,needs data
galottery com winning numbers,5000,Baja,0.01-0.27 USD,needs data
illinois lottery pick 4,50000,Baja,0.13-2.82 USD,needs data
ny lotto numbers,50000,Baja,0.14-0.18 USD,needs data
1.2 billion lottery,50,Baja,needs data,needs data
big ticket result,50,Baja,needs data,needs data
calottery mega millions,5000,Baja,0.02-0.42 USD,needs data
california lottery past winning numbers,5000,Baja,0.05-0.27 USD,needs data
mega millions tickets near me,50,Baja,needs data,needs data
daily lotto,5000,Baja,0.08-2.36 USD,needs data
superlotto numbers,5000,Baja,0.04-0.32 USD,needs data
millionaire raffle,5000,Baja,0.14-8.23 USD,needs data
powerball winning numbers last night,50000,Baja,0.07-0.33 USD,needs data
x lotto results,50,Baja,needs data,needs data
jackpot triple play,50000,Baja,2.38-17.24 USD,needs data
milottery,5000000,Baja,0.03-0.39 USD,needs data
cash 4 winning numbers,50000,Baja,0.01-0.06 USD,needs data
mega powerball,5000,Baja,0.39-2.18 USD,needs data
powerball jackpot this week,500,Baja,needs data,needs data
next powerball,5000,Baja,0.18-1.78 USD,needs data
mega millions lottery ticket,50000,Baja,0.83-5.28 USD,needs data
mega millions jackpot lottery,500000,Baja,0.15-1.33 USD,needs data
powerball winning numbers tonight 2022,500,Baja,needs data,needs data
cash 3 results,5000,Baja,0.01-0.30 USD,needs data
ct lottery play 4,50000,Baja,0.20-5.94 USD,needs data
new york state lottery results,500000,Baja,0.14-0.17 USD,needs data
check my lotto,500,Baja,0.15-1.72 USD,needs data
chances of winning the lottery,5000,Baja,2.12-12.30 USD,needs data
buy lottery tickets near me,5000,Baja,2.86-14.36 USD,needs data
the powerball,5000,Baja,0.30-3.17 USD,needs data
set for life prizes,50,Baja,needs data,needs data
new york lottery mega millions,500,Baja,0.15-0.77 USD,needs data
va lottery powerball,5000,Baja,0.34-1.69 USD,needs data
monday lotto results,500,Baja,needs data,needs data
mega millions drawing live,5000,Baja,0.39-2.33 USD,needs data
mega numbers,5000,Baja,0.13-0.59 USD,needs data
powerball cutoff time,50000,Baja,1.31-3.42 USD,needs data
virginia lottery winning numbers,500000,Baja,0.47-2.53 USD,needs data
x lotto check my ticket,50,Baja,needs data,needs data
powerball check,5000,Baja,0.19-0.84 USD,needs data
quick draw results,50000,Baja,0.14-0.16 USD,needs data
va lottery mega millions,5000,Baja,0.21-0.87 USD,needs data
millionaire lottery,500,Baja,0.14-3.30 USD,needs data
cash5,500000,Baja,0.02-0.14 USD,needs data
mega lotto jackpot,500,Baja,0.15-0.79 USD,needs data
va lottery com,5000,Baja,0.27-3.95 USD,needs data
saturday night lotto results,500,Baja,needs data,needs data
california lottery mega millions,5000,Baja,0.02-0.42 USD,needs data
check lotto ticket online,500,Baja,0.19-2.29 USD,needs data
mega ball numbers,5000,Baja,0.14-0.59 USD,needs data
lucky lottery,500,Baja,0.59-5.99 USD,needs data
powerball prize,50000,Baja,0.19-1.17 USD,needs data
virginia lottery powerball,5000,Baja,0.34-1.69 USD,needs data
keno winning numbers,50000,Baja,0.07-0.46 USD,needs data
mega millions rules,5000,Baja,0.15-0.88 USD,needs data
texas lottery results,500000,Baja,needs data,needs data
super lotto plus numbers,50000,Baja,0.04-0.31 USD,needs data
win 3 evening,500000,Baja,2.66-8.31 USD,needs data
mega jackpot lottery,500,Baja,0.15-0.79 USD,needs data
scratch off,50000,Baja,0.25-10.84 USD,needs data
pick 2 winning numbers,500,Baja,needs data,needs data
california lottery numbers,50000,Baja,0.06-0.31 USD,needs data
check lotto numbers,5000,Baja,0.14-1.23 USD,needs data
ca lottery scratchers,5000,Baja,needs data,needs data
lottery world,5000,Baja,needs data,needs data
power ball price,5000,Baja,0.22-2.10 USD,needs data
powerball quick pick,5000,Baja,0.40-3.19 USD,needs data
ny lottery numbers,50000,Baja,0.14-0.18 USD,needs data
virginia lottery mega millions,5000,Baja,0.21-0.87 USD,needs data
1.9 billion powerball,50,Baja,needs data,needs data
set for life draw,50,Baja,needs data,needs data
powerball lottery online,5000,Baja,1.31-14.49 USD,needs data
megamillions july 29 2022,500,Baja,needs data,needs data
illinois lottery pick 3 results,5000,Baja,needs data,needs data
tonights lotto,50,Baja,needs data,needs data
wednesday lotto results,500,Baja,0.01-0.34 USD,needs data
illinois lottery numbers,50000,Baja,1.52-5.49 USD,needs data
super ball lottery,500,Baja,0.40-2.75 USD,needs data
colorado lottery numbers,5000,Baja,0.15-4.48 USD,needs data
win 4 results,5000,Baja,0.15-0.22 USD,needs data
cash pop results,50000,Baja,0.08-0.49 USD,needs data
powerball this week,500,Baja,0.22-1.75 USD,needs data
powerball jackpot next drawing,5000,Baja,0.36-1.72 USD,needs data
cash 3 evening number,50000,Baja,0.14-0.50 USD,needs data
megamillion jackpot,500000,Baja,0.15-1.33 USD,needs data
tonight's lottery numbers,5000,Baja,0.14-1.11 USD,needs data
illinois lottery pick 3,50000,Baja,needs data,needs data
pick 3 lottery,50000,Baja,0.07-0.50 USD,needs data
powerball website,5000,Baja,0.15-1.59 USD,needs data
superlotto plus past winning numbers,5000,Baja,0.05-0.35 USD,needs data
ny lotto winning numbers,5000,Baja,0.14-0.18 USD,needs data
million dollar lottery,500,Baja,1.37-4.74 USD,needs data
dc lottery results,50000,Baja,2.11-13.50 USD,needs data
mega millions prizes,5000,Baja,0.15-1.20 USD,needs data
mega millions tonight,5000,Baja,0.18-0.98 USD,needs data
powerball results tonight,5000,Baja,0.12-0.40 USD,needs data
daily keno winning numbers,50,Baja,needs data,needs data
powerball jackpot amount,5000,Baja,0.43-1.48 USD,needs data
cash pop winning numbers,50000,Baja,0.04-0.26 USD,needs data
my lotto app,500,Baja,1.47-5.62 USD,needs data
florida lottery app,5000,Baja,0.17-1.04 USD,needs data
mega winning numbers,500000,Baja,0.14-0.50 USD,needs data
lotto jackpot tonight,500,Baja,0.23-1.48 USD,needs data
super lotto numbers,50000,Baja,0.05-0.31 USD,needs data
ca lottery 2nd chance,5000,Baja,0.04-0.37 USD,needs data
pick 4 va,500000,Baja,0.16-0.47 USD,needs data
mega millions today,5000,Baja,0.17-1.03 USD,needs data
1.6 billion lottery,500,Baja,needs data,needs data
power lottery,5000,Baja,0.21-3.03 USD,needs data
pick 4 results,50000,Baja,0.10-0.31 USD,needs data
supercash numbers,5000,Baja,needs data,needs data
last night's lottery numbers,50000,Baja,0.09-0.60 USD,needs data
powerball prices,50000,Baja,0.46-1.98 USD,needs data
illinois lottery pick 3 and pick 4 results,50000,Baja,needs data,needs data
jackpot winner,5000,Baja,2.09-11.87 USD,needs data
powerball cost,5000,Baja,0.46-2.30 USD,needs data
powerball ca lottery,5000,Baja,0.40-0.40 USD,needs data
lottery billion,5000,Baja,0.76-4.25 USD,needs data
big lottery tonight,500,Baja,0.54-3.76 USD,needs data
mega ball lottery,5000,Baja,0.42-2.40 USD,needs data
calotto,50000,Baja,0.07-0.28 USD,needs data
loto jackpot,50,Baja,needs data,needs data
virginia lottery numbers,50000,Baja,0.52-2.33 USD,needs data
mnlottery com mega millions,50,Baja,needs data,needs data
mega millions website,5000,Baja,0.22-1.33 USD,needs data
nycollectnwin,500,Baja,1.00-1.25 USD,needs data
power ball lotto,5000,Baja,0.22-1.43 USD,needs data
illinois lottery com,5000,Baja,0.01-0.31 USD,needs data
powerball jackpot tonight,5000,Baja,0.19-1.76 USD,needs data
kentucky lottery pick 3,50000,Baja,0.03-2.80 USD,needs data
the lott check ticket,50,Baja,needs data,needs data
keno numbers,50000,Baja,0.03-3.78 USD,needs data
saturday lotto numbers,5000,Baja,0.11-0.50 USD,needs data
easiest lottery to win,500,Baja,3.06-8.59 USD,needs data
megamillion lottery,5000000,Baja,0.15-0.78 USD,needs data
ny lotto mega millions,500,Baja,0.15-1.06 USD,needs data
p0wer ball,5000000,Baja,0.14-0.80 USD,needs data
powerball numbers tonight,500000,Baja,0.09-0.46 USD,needs data
million lottery,5000,Baja,0.28-3.93 USD,needs data
tuesday lottery,500,Baja,0.35-2.82 USD,needs data
tnlottery,50000,Baja,2.37-5.11 USD,needs data
lottery jackpot tonight,500,Baja,0.23-1.48 USD,needs data
ny lottery win 4,5000,Baja,0.14-0.20 USD,needs data
mega ball game,50,Baja,4.41-13.69 USD,needs data
ga lottery pick 3,50000,Baja,0.30-0.50 USD,needs data
texaslottery,5000000,Baja,1.15-19.06 USD,needs data
powerball winning combinations,5000,Baja,0.01-0.17 USD,needs data
powerball home,50000,Baja,0.23-1.35 USD,needs data
check my lotto numbers,5000,Baja,0.15-1.47 USD,needs data
lottery scratch tickets,5000,Baja,0.63-5.14 USD,needs data
powerball lottery ticket,500000,Baja,1.03-7.97 USD,needs data
va lottery pick 3 night,5000,Baja,0.26-0.71 USD,needs data
mega millions hoy,5000,Baja,0.21-1.38 USD,needs data
daily 3,500000,Baja,0.01-0.05 USD,needs data
baba ijebu result,500,Baja,needs data,needs data
mega millions amount,5000,Baja,0.16-1.10 USD,needs data
lotería mega millions,50000,Baja,0.27-2.51 USD,needs data
set for life numbers,50,Baja,needs data,needs data
pick 5,500000,Baja,0.31-0.93 USD,needs data
www palottery,5000,Baja,0.50-3.26 USD,needs data
mega lotto numbers,500000,Baja,0.14-0.50 USD,needs data
current powerball,5000,Baja,0.17-1.79 USD,needs data
powerball lottery numbers,5000000,Baja,0.06-0.33 USD,needs data
powerball amount today,5000,Baja,0.23-1.30 USD,needs data
michigan lottery homepage,5000,Baja,0.13-1.51 USD,needs data
mn lottery powerball,50000,Baja,1.82-5.09 USD,needs data
mega millions megaplier,500,Baja,0.40-3.12 USD,needs data
lottery drawing time,5000,Baja,0.59-2.23 USD,needs data
mega ball online,500,Baja,1.13-12.77 USD,needs data
million jackpot,500,Baja,0.98-11.60 USD,needs data
elgordo,50000,Baja,0.06-0.74 USD,needs data
power bowl lottery,500000,Baja,0.26-2.42 USD,needs data
i want to win the lottery,500,Baja,2.58-9.35 USD,needs data
natural state jackpot,50000,Baja,0.86-3.33 USD,needs data
mega home lottery,50000,Baja,needs data,needs data
lotto 6,50,Baja,needs data,needs data
lotto 47,50000,Baja,0.02-0.08 USD,needs data
powerball lotto results,500,Baja,0.27-0.40 USD,needs data
www valottery com results,5000,Baja,0.20-2.11 USD,needs data
pick 4 lottery,50000,Baja,0.08-0.52 USD,needs data
700 million lottery,500,Baja,needs data,needs data
daily millions results,50,Baja,needs data,needs data
lottery 1 billion,5000,Baja,needs data,needs data
cash 3 lottery,50000,Baja,0.01-0.50 USD,needs data
new lottery,5000,Baja,0.13-0.15 USD,needs data
lottery results tonight,5000,Baja,0.11-0.77 USD,needs data
super lottery,5000,Baja,0.05-0.40 USD,needs data
power ball tonight,50000,Baja,0.21-2.10 USD,needs data
ny lottery winning numbers,50000,Baja,0.14-0.18 USD,needs data
mega millions powerball jackpot,5000,Baja,0.23-2.00 USD,needs data
new york state lottery numbers,500000,Baja,0.14-0.18 USD,needs data
quick pick mega millions,500,Baja,0.50-2.01 USD,needs data
mega jackpot today,500,Baja,0.16-1.71 USD,needs data
1 billion dollar lottery,500,Baja,needs data,needs data
mega lottery numbers,500000,Baja,0.05-0.48 USD,needs data
1.3 billion lottery,500,Baja,needs data,needs data
1 billion powerball,5000,Baja,needs data,needs data
lotto prizes,500,Baja,0.32-1.98 USD,needs data
lottery wa,50000,Baja,needs data,needs data
latest lotto results,500,Baja,needs data,needs data
buy powerball near me,500,Baja,needs data,needs data
megamillion numbers,500000,Baja,0.05-0.48 USD,needs data
set for life lottery results,50,Baja,needs data,needs data
jackpot result,500,Baja,0.82-3.25 USD,needs data
powerball cost to play,5000,Baja,1.08-4.44 USD,needs data
coloradolottery com mega millions,50,Baja,needs data,needs data
lotto results tonight,5000,Baja,0.11-0.77 USD,needs data
mega draw,5000,Baja,0.14-0.92 USD,needs data
lottery number generator,5000,Baja,0.15-0.68 USD,needs data
powerball results check,500,Baja,needs data,needs data
keno winning numbers last 10 draws,5000,Baja,0.07-0.35 USD,needs data
check my lottery numbers,5000,Baja,0.15-1.47 USD,needs data
georgia lottery app,5000,Baja,0.74-4.01 USD,needs data
lucky lottery numbers,5000,Baja,0.28-4.68 USD,needs data
michigan lottery com,5000,Baja,0.11-0.89 USD,needs data
mega ball jackpot,500,Baja,0.37-2.42 USD,needs data
win 3 midday,50000,Baja,5.91-9.70 USD,needs data
next powerball jackpot,5000,Baja,0.48-1.48 USD,needs data
ny lottery gov,50000,Baja,0.14-0.19 USD,needs data
resultado mega millions,50000,Baja,0.15-0.45 USD,needs data
powerball games,500,Baja,0.31-2.60 USD,needs data
powerball lottery tonight,50000,Baja,0.21-2.10 USD,needs data
arizona lottery mega millions,5000,Baja,0.66-2.35 USD,needs data
mega million ticket price,50000,Baja,0.78-3.49 USD,needs data
dc lottery 4,50000,Baja,1.44-2.11 USD,needs data
mega millions price,5000,Baja,0.50-2.15 USD,needs data
mega millions numbers today,5000,Baja,0.09-0.60 USD,needs data
mega millions drawing july 26 2022,50,Baja,needs data,needs data
lucky day lotto results,50000,Baja,needs data,needs data
njlottery com mega millions,500,Baja,0.49-2.66 USD,needs data
lottery results checker,500,Baja,0.15-1.24 USD,needs data
va lottery pick 4 night,5000,Baja,0.20-0.93 USD,needs data
next lotto draw,5000,Baja,0.52-3.18 USD,needs data
mega millions com,5000,Baja,0.25-1.06 USD,needs data
texas lottery numbers,50000,Baja,needs data,needs data
cash 3 numbers,5000,Baja,0.02-0.50 USD,needs data
lotto numbers tonight,5000,Baja,0.14-1.11 USD,needs data
set for life results tonight,50,Baja,needs data,needs data
lotto news,500,Baja,needs data,needs data
powerball cash option,5000,Baja,1.61-18.16 USD,needs data
best way to win the lottery,500,Baja,0.44-16.66 USD,needs data
dc lottery 5,5000,Baja,1.38-2.06 USD,needs data
lotto winning numbers from last night,50000,Baja,0.09-0.60 USD,needs data
powerball days,50000,Baja,0.50-2.13 USD,needs data
state lottery,5000,Baja,0.14-2.90 USD,needs data
megamill,50000,Baja,0.16-1.13 USD,needs data
powerball odds,5000,Baja,0.41-3.71 USD,needs data
lotto billion,500,Baja,needs data,needs data
mega lotto draw,500,Baja,needs data,needs data
mega ball drawing,5000,Baja,0.16-1.16 USD,needs data
texas lottery scratch off,5000,Baja,needs data,needs data
odds of winning the lottery,5000,Baja,0.23-5.12 USD,needs data
dc lottery powerball,500,Baja,2.17-5.17 USD,needs data
pick 3 lotto,50000,Baja,0.07-0.50 USD,needs data
fantasy 5 numbers,50000,Baja,0.02-0.11 USD,needs data
last time to buy mega millions,500,Baja,needs data,needs data
usamega,50000,Baja,2.99-26.63 USD,needs data
la mega million,500,Baja,0.20-1.55 USD,needs data
lotto draw time,5000,Baja,0.59-2.23 USD,needs data
mega millions lottery numbers,500000,Baja,0.05-0.48 USD,needs data
georgia power ball,50000,Baja,0.30-0.70 USD,needs data
jackpot tonight,500,Baja,0.53-3.19 USD,needs data
powerball de hoy,5000,Baja,0.35-0.85 USD,needs data
lottery news,5000,Baja,1.55-4.45 USD,needs data
six lucky numbers to win the lottery,500,Baja,needs data,needs data
double play powerball,5000,Baja,1.62-6.50 USD,needs data
daily lottery,5000,Baja,0.83-4.93 USD,needs data
billion dollar powerball,5000,Baja,needs data,needs data
powerball official site,50000,Baja,0.11-1.09 USD,needs data
loto result,500,Baja,0.14-0.22 USD,needs data
night cash 3,5000,Baja,0.30-0.50 USD,needs data
big lottery jackpot,5000,Baja,1.10-5.11 USD,needs data
mega lotto winning numbers,500000,Baja,0.14-0.50 USD,needs data
powerball time,5000,Baja,0.35-2.82 USD,needs data
powerball and mega millions jackpots,5000,Baja,0.23-2.00 USD,needs data
the mega million,5000,Baja,0.20-1.30 USD,needs data
buy mega millions near me,50,Baja,needs data,needs data
megaplier,500,Baja,needs data,needs data
baba ijebu lotto,50,Baja,needs data,needs data
cash pop va,50000,Baja,0.17-0.46 USD,needs data
ny lottery numbers results,50000,Baja,0.14-0.19 USD,needs data
fantasy five winning numbers,50000,Baja,0.02-0.11 USD,needs data
next mega millions drawing 2023,50,Desconocida,needs data,needs data
fantasy 5 results,50000,Baja,0.02-0.14 USD,needs data
mega tickets,500,Baja,0.95-5.02 USD,needs data
powerball results check ticket,50,Baja,needs data,needs data
mega millions cost,5000,Baja,0.70-3.58 USD,needs data
next mega millions,500,Baja,0.24-3.65 USD,needs data
illinois lottery winning numbers,500000,Baja,needs data,needs data
mega million numbers for last night,50000,Baja,0.05-0.36 USD,needs data
poker lotto winning numbers,500,Baja,needs data,needs data
powerball en vivo hoy,50000,Baja,0.40-0.87 USD,needs data
ga lottery app,5000,Baja,0.74-4.01 USD,needs data
power jackpot,500,Baja,0.30-1.17 USD,needs data
mega millions winner today,500,Baja,0.15-0.77 USD,needs data
odds of winning powerball,50000,Baja,0.31-5.35 USD,needs data
collect n win,5000,Baja,needs data,needs data
lottery tonight mega millions,500,Baja,needs data,needs data
last nights lotto numbers,50000,Baja,0.09-0.60 USD,needs data
powerball double play,50000,Baja,0.13-3.67 USD,needs data
powerball play days,5000,Baja,0.45-2.08 USD,needs data
midday lottery,50000,Baja,0.03-0.21 USD,needs data
multi million lottery,50,Baja,0.86-3.39 USD,needs data
tnviprewards com,5000,Baja,1.26-13.25 USD,needs data
ohiolottery,5000000,Baja,1.37-4.64 USD,needs data
past keno results,50000,Baja,0.50-5.60 USD,needs data
power ball today,50000,Baja,0.20-1.28 USD,needs data
system 8 powerball,50,Desconocida,needs data,needs data
mega million tickets near me,50,Baja,needs data,needs data
lottery office near me,5000,Baja,0.84-3.76 USD,needs data
texas lottery mega millions next drawing,50,Baja,needs data,needs data
powerball saturday,5000,Baja,0.13-0.60 USD,needs data
powerball lottery drawing,5000000,Baja,0.11-0.50 USD,needs data
super lotto powerball,5000,Baja,0.27-0.40 USD,needs data
check my powerball numbers,5000,Baja,0.20-0.70 USD,needs data
illinois lottery pick 4 results,5000,Baja,needs data,needs data
mega millions multiplier,5000,Baja,0.35-0.96 USD,needs data
powerball next week,50,Baja,needs data,needs data
powerball jackpot next week,50,Baja,needs data,needs data
newyork lottery,5000000,Baja,0.76-4.09 USD,needs data
lucky day lotto numbers,5000,Baja,0.12-4.70 USD,needs data
chances of winning powerball,50000,Baja,0.31-5.35 USD,needs data
lottery power ball,50000,Baja,0.21-2.22 USD,needs data
play powerball jackpot,50,Baja,needs data,needs data
mega results,5000,Baja,0.13-0.28 USD,needs data
mega millions como se juega,500,Baja,0.64-13.30 USD,needs data
keno past winning numbers,5000,Baja,0.18-13.86 USD,needs data
mega millions payout today,5000,Baja,0.27-1.37 USD,needs data
whens the next powerball,5000,Baja,0.44-3.12 USD,needs data
best way to play powerball,500,Baja,0.59-18.68 USD,needs data
ky lottery results,50000,Baja,needs data,needs data
mega millions jackpot numbers,500000,Baja,0.14-0.50 USD,needs data
next powerball drawing date,50000,Baja,0.26-1.97 USD,needs data
www myarkansaslottery com mega millions,50,Baja,needs data,needs data
pick 3 evening,50000,Baja,0.28-2.19 USD,needs data
just the jackpot mega millions,50,Baja,needs data,needs data
lotto results check ticket,50,Baja,needs data,needs data
www lottery,5000,Baja,0.15-0.71 USD,needs data
friday lottery numbers,500,Baja,0.14-1.42 USD,needs data
mega millions pot,500,Baja,0.36-2.47 USD,needs data
winning lottery ticket,5000,Baja,0.88-6.03 USD,needs data
lottery mega millions drawing,50,Baja,needs data,needs data
x lotto check,50,Baja,needs data,needs data
lotto generator,5000,Baja,0.32-4.45 USD,needs data
megamillion winning numbers,500000,Baja,0.14-0.50 USD,needs data
power play lottery,50000,Baja,0.17-1.47 USD,needs data
powerball jackpot how to play,500,Baja,needs data,needs data
lottery numbers for saturday,5000,Baja,0.11-0.50 USD,needs data
past powerball numbers 2022,50,Baja,needs data,needs data
jackpot lottery ticket,50000,Baja,0.77-6.60 USD,needs data
arizona lottery powerball,5000,Baja,0.88-3.41 USD,needs data
mega millions july 26 2022,50,Baja,needs data,needs data
lottery mega millions next drawing,50000,Baja,0.22-1.45 USD,needs data
mega millions official website,5000,Baja,0.15-1.27 USD,needs data
cash for life numbers,5000,Baja,0.14-0.22 USD,needs data
megamillions winning numbers,500000,Baja,0.14-0.50 USD,needs data
illinois lottery pick 4 evening,5000,Baja,needs data,needs data
mega millions jackpot drawing,500,Baja,0.26-0.84 USD,needs data
mega millions home,5000,Baja,needs data,needs data
mega billion lottery,50,Desconocida,needs data,needs data
powerball ways to win,5000,Baja,0.07-3.28 USD,needs data
powerball pot,5000,Baja,0.21-2.43 USD,needs data
mega millions numbers july 26 2022,50,Baja,needs data,needs data
mega millions jackpot amount,5000,Baja,0.16-1.10 USD,needs data
cash 3 lotto,50000,Baja,0.01-0.50 USD,needs data
power ball drawing tonight,500000,Baja,0.15-1.23 USD,needs data
virginia lottery pick 3 pick 4,50000,Baja,1.11-8.31 USD,needs data
daily lotto results,5000,Baja,0.08-0.18 USD,needs data
pick three,5000,Baja,0.02-0.31 USD,needs data
new york state lottery winning numbers,5000,Baja,0.13-0.15 USD,needs data
powerball last night,50000,Baja,0.11-0.50 USD,needs data
lotto number generator,5000,Baja,0.15-0.79 USD,needs data
ny lottery past winning numbers,5000,Baja,0.14-0.18 USD,needs data
evening lottery,5000,Baja,0.05-1.12 USD,needs data
mega millions jackpot for friday,500,Baja,needs data,needs data
mega millions jackpot lottery numbers,5000,Baja,0.16-1.89 USD,needs data
friday night lottery,500,Baja,0.29-1.33 USD,needs data
mega mi,500,Baja,0.18-1.01 USD,needs data
el mega million,500,Baja,0.16-0.66 USD,needs data
big ticket winning numbers,50,Baja,needs data,needs data
lotto prediction,5000,Baja,0.18-11.72 USD,needs data
powerball tonight jackpot,5000,Baja,0.19-1.76 USD,needs data
megamillions near me,500,Baja,1.10-5.51 USD,needs data
lucky day lotto winning numbers,5000,Baja,needs data,needs data
powerball jackpot winning numbers,5000000,Baja,0.09-0.40 USD,needs data
powerball rules to win,5000,Baja,0.01-0.51 USD,needs data
ways to win mega millions,500,Baja,needs data,needs data
wednesday lotto numbers,5000,Baja,0.13-0.61 USD,needs data
lotería de california powerball,500,Baja,0.40-0.40 USD,needs data
1 billion mega millions,50,Baja,needs data,needs data
pick 3 ky,50000,Baja,0.02-0.51 USD,needs data
show me cash,50000,Baja,needs data,needs data
mega millions jackpot for tuesday,500,Baja,needs data,needs data
powerball jackpot now,5000,Baja,0.33-1.49 USD,needs data
powerball prize today,5000,Baja,0.28-1.76 USD,needs data
megamillions july 26,50,Baja,needs data,needs data
lotto results tonight saturday,50,Baja,needs data,needs data
resultado del mega million,5000,Baja,0.16-0.47 USD,needs data
powerball 2022,50,Baja,needs data,needs data
dc lottery pick 4,5000,Baja,1.30-1.95 USD,needs data
pick 4 evening,50000,Baja,0.27-2.29 USD,needs data
lottery results tonight saturday,50,Baja,needs data,needs data
power ball ca,500,Baja,needs data,needs data
mega millions drawing dates,5000,Baja,0.30-1.06 USD,needs data
mega lotto result,500,Baja,0.15-0.50 USD,needs data
ca lotto mega millions,50000,Baja,0.04-0.59 USD,needs data
ca lotto powerball,5000,Baja,0.13-0.40 USD,needs data
dc lottery 3,5000,Baja,3.93-60.99 USD,needs data
1.6 billion powerball,500,Baja,needs data,needs data
mega millions jackpot today 2022,50,Desconocida,needs data,needs data
mega millions amount today,5000,Baja,0.19-0.96 USD,needs data
p0werball,5000000,Baja,0.14-0.80 USD,needs data
powerball jackpot drawing,5000,Baja,needs data,needs data
power millions,5000000,Baja,0.14-0.80 USD,needs data
powerball options,500,Baja,needs data,needs data
powerball lottery results,500000,Baja,0.13-0.37 USD,needs data
mega millions drawing july 29 2022,50,Baja,needs data,needs data
official powerball website,50000,Baja,0.11-1.09 USD,needs data
mega millions jackpot next drawing,500,Baja,0.48-1.68 USD,needs data
super ball lotto,50,Baja,needs data,needs data
best way to play mega millions,50,Baja,needs data,needs data
1.35 billion lottery,50,Baja,needs data,needs data
powerball lottery ticket price,50000,Baja,0.81-3.95 USD,needs data
big game lottery,500,Baja,0.51-3.63 USD,needs data
mega millions 2023,50,Baja,needs data,needs data
nclottery com,50000,Baja,0.06-1.87 USD,needs data
mega and powerball,5000,Baja,0.43-2.42 USD,needs data
mega millions july 29 2022,500,Baja,needs data,needs data
lottery generator,5000,Baja,0.32-4.45 USD,needs data
cash4life results,5000,Baja,0.15-0.45 USD,needs data
lotto powerball winners,500000,Baja,0.16-0.69 USD,needs data
powerball amount now,5000,Baja,0.23-1.30 USD,needs data
last powerball numbers,5000,Baja,0.15-0.50 USD,needs data
powerball millions,500,Baja,0.22-2.73 USD,needs data
fantasy 5 numbers for last night,5000,Baja,0.03-0.13 USD,needs data
pick 4 numbers,50000,Baja,0.09-0.38 USD,needs data
www powerball results,5000,Baja,0.03-0.40 USD,needs data
mega millions cuando juega,5000,Baja,0.40-1.88 USD,needs data
mega millions amount now,50,Baja,needs data,needs data
last time to buy mega millions ticket,50,Baja,needs data,needs data
mega millions live,500,Baja,needs data,needs data
lotteryusa,50000,Baja,1.35-5.20 USD,needs data
www lotto results,500,Baja,0.04-0.19 USD,needs data
pick 3 numbers,50000,Baja,0.07-0.49 USD,needs data
latest time to buy mega millions,50,Baja,needs data,needs data
powerball lucky numbers for tonight,500,Baja,needs data,needs data
mega millions official site,5000,Baja,0.15-1.27 USD,needs data
fantasy 5 lottery,5000,Baja,0.04-0.52 USD,needs data
powerball total,5000,Baja,0.19-0.71 USD,needs data
powerball system 8,50,Desconocida,needs data,needs data
evening numbers,50000,Baja,0.15-0.23 USD,needs data
anyone win mega millions,5000,Baja,needs data,needs data
power ball power play,50000,Baja,0.17-1.47 USD,needs data
megamillions how to play,5000,Baja,0.70-6.78 USD,needs data
powerball right now,5000,Baja,0.33-1.55 USD,needs data
mn lottery mega millions,500,Baja,needs data,needs data
powerball plus results,500,Baja,0.30-0.40 USD,needs data
powerball results check my ticket,50,Baja,needs data,needs data
win 4 evening 2022,50,Baja,needs data,needs data
powerball now,5000,Baja,0.21-1.69 USD,needs data
pơer ball,500,Baja,0.21-0.50 USD,needs data
powerball 1 billion,5000,Baja,needs data,needs data
match 6,50000,Baja,1.37-6.54 USD,needs data
super jackpot results,50,Desconocida,needs data,needs data
lotto pick 4,50000,Baja,0.08-0.52 USD,needs data
ga lottery winning numbers,500000,Baja,0.01-0.08 USD,needs data
friday lottery drawing,500,Baja,0.38-2.06 USD,needs data
illinois lottery pick 3 evening,5000,Baja,needs data,needs data
www powerball,500,Baja,0.25-0.70 USD,needs data
check lotto results,500,Baja,0.15-1.24 USD,needs data
wednesday's lottery numbers,5000,Baja,0.13-0.61 USD,needs data
pick 3 and 4,50000,Baja,0.16-12.98 USD,needs data
6 lucky numbers for powerball,5000,Baja,needs data,needs data
play 4 lottery,5000,Baja,0.30-2.34 USD,needs data
lotto 5,500,Baja,0.16-4.03 USD,needs data
powerball plus,500,Baja,needs data,needs data
mega drawing days,500,Baja,0.14-1.50 USD,needs data
1.5 billion powerball,500,Baja,needs data,needs data
set for life lotto results,50,Baja,needs data,needs data
pick 2 results,5000,Baja,needs data,needs data
www lottery ny,5000,Baja,0.13-0.17 USD,needs data
next mega millions jackpot,500,Baja,0.15-0.88 USD,needs data
mega millions past numbers,5000,Baja,0.15-0.82 USD,needs data
mega lottery drawing,500000,Baja,0.14-0.70 USD,needs data
mega millions winning numbers last night,50000,Baja,0.05-0.36 USD,needs data
win 4 midday evening,50000,Baja,0.21-6.82 USD,needs data
illinoislottery,500,Baja,needs data,needs data
lotto 7,50,Baja,needs data,needs data
powerball hoy,5000,Baja,0.30-0.50 USD,needs data
dc lottery winning numbers,50000,Baja,1.91-4.41 USD,needs data
mega millions 1 13 23,50,Baja,needs data,needs data
el powerball,5000,Baja,0.23-1.59 USD,needs data
saturday lottery drawing,500,Baja,0.31-2.00 USD,needs data
kentucky lottery numbers,5000,Baja,0.02-0.83 USD,needs data
powerball cash value,5000,Baja,needs data,needs data
lottery results saturday,500,Baja,needs data,needs data
mega millions days,5000,Baja,0.50-2.36 USD,needs data
powerball systems prices,50,Desconocida,needs data,needs data
saturday powerball numbers,50000,Baja,0.06-0.40 USD,needs data
megamillions july 29,500,Baja,needs data,needs data
tuesday lotto results,500,Baja,needs data,needs data
lotería de california mega millions,500,Baja,needs data,needs data
powerball quick pick cost,500,Baja,needs data,needs data
va lottery mega millions winning numbers,500,Baja,0.20-0.79 USD,needs data
www ohiolottery com mega millions,50,Baja,1.12-2.52 USD,needs data
pic3,5000,Baja,0.05-0.47 USD,needs data
powerball value,5000,Baja,0.17-0.80 USD,needs data
daily lotto numbers,5000,Baja,0.10-0.17 USD,needs data
lottery post results,50000,Baja,1.54-4.41 USD,needs data
powerball price list,50,Baja,needs data,needs data
powerball tomorrow,500,Baja,0.35-3.20 USD,needs data
cash for life results,5000,Baja,0.14-0.32 USD,needs data
mega millions jan 10 2023,50,Baja,needs data,needs data
powerball drawing today,5000,Baja,0.13-0.59 USD,needs data
tonight's winning lottery numbers,5000,Baja,0.10-1.22 USD,needs data
mega millions last night,50000,Baja,0.05-0.36 USD,needs data
nc lottery app,5000,Baja,1.05-8.89 USD,needs data
powerball billion,500,Baja,needs data,needs data
mega millions drawing next,50000,Baja,0.22-1.45 USD,needs data
powerball wednesday,5000,Baja,0.10-0.54 USD,needs data
mega millions jackpot now,50000,Baja,0.17-1.14 USD,needs data
mega millions drawing today,500,Baja,0.20-0.95 USD,needs data
friday mega millions,5000,Baja,0.14-0.70 USD,needs data
colorado lottery results,5000,Baja,needs data,needs data
powerball 1.6 billion,50,Baja,needs data,needs data
powerball prediction,500,Baja,0.04-0.51 USD,needs data
power ball winner numbers,5000,Baja,0.18-0.40 USD,needs data
powerball analysis,50000,Baja,3.93-44.53 USD,needs data
mega millions play days,500,Baja,1.08-5.06 USD,needs data
mega millions now,500,Baja,0.27-1.01 USD,needs data
mega millions locations,50,Baja,needs data,needs data
biggest lottery jackpot,5000,Baja,1.10-5.11 USD,needs data
new york lottery hey you never know,5000,Baja,0.14-0.18 USD,needs data
highest lottery jackpot right now,500,Baja,0.71-4.52 USD,needs data
$1.9 billion powerball,50,Desconocida,needs data,needs data
dc lottery post,50000,Baja,2.54-24.81 USD,needs data
ga lottery com,5000,Baja,0.04-1.32 USD,needs data
the numbers game,50000,Baja,0.12-2.84 USD,needs data
mega millions odds,5000,Baja,0.22-1.92 USD,needs data
powerball estimated jackpot,5000,Baja,0.96-3.49 USD,needs data
last night's lottery results,5000,Baja,0.03-0.45 USD,needs data
keno lottery results,5000,Baja,0.35-2.62 USD,needs data
monday night lotto results,50,Baja,needs data,needs data
latest powerball numbers,5000,Baja,0.03-0.38 USD,needs data
mega millions prize today,500,Baja,0.18-1.05 USD,needs data
mega millions checker,5000,Baja,0.16-1.00 USD,needs data
mega millions game,500,Baja,0.50-3.23 USD,needs data
powerball prize now,5000,Baja,0.28-1.76 USD,needs data
powerball cutoff,5000,Baja,needs data,needs data
mega millions time to buy,50,Baja,needs data,needs data
mega millions mega ball,500,Baja,0.29-2.28 USD,needs data
current mega millions,500,Baja,0.19-0.99 USD,needs data
tonight's mega millions numbers,5000,Baja,0.03-0.44 USD,needs data
830 million lottery,50,Desconocida,needs data,needs data
kentucky lottery results,50000,Baja,needs data,needs data
powerball jackpot winnings,5000,Baja,needs data,needs data
powerball lotería,500,Baja,0.22-1.45 USD,needs data
winning lottery numbers mega millions,500000,Baja,0.14-0.50 USD,needs data
latest to buy mega millions,50,Baja,needs data,needs data
powerball ball,5000,Baja,0.22-1.43 USD,needs data
myfreepost lottery,500,Baja,needs data,needs data
monday powerball numbers,50000,Baja,0.07-0.42 USD,needs data
cash 5 winning numbers,50000,Baja,0.02-0.19 USD,needs data
next mega millions drawing 2022,50,Desconocida,needs data,needs data
www megamillions com winning numbers,50,Baja,needs data,needs data
tuesday lottery drawing,500,Baja,0.43-1.67 USD,needs data
megamillions july 22 2022,50,Baja,needs data,needs data
all winning numbers,5000,Baja,0.14-0.21 USD,needs data
mega millions and powerball jackpots,5000,Baja,0.23-2.00 USD,needs data
mega millions 1 billion,50,Baja,needs data,needs data
recent lottery winners,500,Baja,0.28-1.33 USD,needs data
past lottery numbers,5000,Baja,0.14-0.21 USD,needs data
mega millions jackpot tonight,5000,Baja,0.16-0.82 USD,needs data
mega numbers for tonight,5000,Baja,0.06-0.54 USD,needs data
texas lottery powerball mega millions,50,Baja,needs data,needs data
pick 3 midday,50000,Baja,0.20-1.41 USD,needs data
mega million july 26 2022,50,Baja,needs data,needs data
wed lotto results,500,Baja,0.01-0.34 USD,needs data
texas lottery mega millions drawing,50,Baja,needs data,needs data
mega millions 1 10 23,50,Baja,needs data,needs data
ky lottery winning numbers,50000,Baja,0.02-0.43 USD,needs data
www lottery results,5000,Baja,0.01-0.20 USD,needs data
mega millions card,500,Baja,needs data,needs data
virginia lottery live drawing,50000,Baja,6.76-42.42 USD,needs data
mega millions jackpot analysis,50000,Baja,needs data,needs data
powerball card,500,Baja,needs data,needs data
mega millions drawing winner,500,Baja,needs data,needs data
powerball money,5000,Baja,0.36-1.31 USD,needs data
mega money,500,Baja,0.46-1.71 USD,needs data
mega millions right now,500,Baja,0.19-0.81 USD,needs data
mega millions numbers last 6 months,5000,Baja,needs data,needs data
tuesday mega millions,5000,Baja,0.13-0.76 USD,needs data
dc lottery pick 3,5000,Baja,2.02-3.13 USD,needs data
mega millions drawing friday,500,Baja,0.11-0.57 USD,needs data
lottery powerball next drawing,500000,Baja,0.21-1.88 USD,needs data
check powerball numbers 2022,50,Desconocida,needs data,needs data
powerball homepage,5000,Baja,0.10-0.55 USD,needs data
mega millions cash payout,5000,Baja,2.35-14.82 USD,needs data
post code lottery results,50,Baja,needs data,needs data
past winning lottery numbers,5000,Baja,0.14-0.20 USD,needs data
powerball amount tonight,5000,Baja,0.13-1.62 USD,needs data
mega numbers last night,50000,Baja,0.05-0.36 USD,needs data
nyc lottery result,5000,Baja,0.14-0.19 USD,needs data
lottostrategies,5000,Baja,needs data,needs data
powerball jackpot mega millions,500,Baja,needs data,needs data
friday mega millions numbers,5000,Baja,0.07-0.50 USD,needs data
billion dollar lottery drawing,50,Baja,needs data,needs data
va lottery post,500000,Baja,2.49-9.26 USD,needs data
powerball winner last night,50000,Baja,0.14-0.64 USD,needs data
lottery prediction,50000,Baja,3.56-29.06 USD,needs data
new powerball jackpot,500,Baja,needs data,needs data
powerball jackpot numbers,5000000,Baja,0.09-0.40 USD,needs data
powerball winning numbers tonight,50000,Baja,0.10-0.35 USD,needs data
powerball cost per ticket,5000,Baja,0.89-6.72 USD,needs data
mega m,5000000,Baja,0.15-0.78 USD,needs data
mega millions cost per ticket,5000,Baja,needs data,needs data
odds of winning mega millions,5000,Baja,0.59-7.16 USD,needs data
kentucky lottery winning numbers,50000,Baja,0.02-0.43 USD,needs data
chances of winning mega millions,5000,Baja,0.59-7.16 USD,needs data
cash value of mega millions,5000,Baja,needs data,needs data
pick 3 lottery results,5000,Baja,0.04-0.52 USD,needs data
texas lottery mega millions numbers,500,Baja,needs data,needs data
mega millions cost to play,5000,Baja,0.63-4.35 USD,needs data
va lottery pick 3 and 4,50000,Baja,1.11-8.31 USD,needs data
l mega millions,500,Baja,needs data,needs data
tuesday lottery numbers,500,Baja,0.07-1.28 USD,needs data
mega ball winning numbers,500000,Baja,0.14-0.50 USD,needs data
lottery nc,50000,Baja,0.03-0.86 USD,needs data
power ball drawing days,5000,Baja,0.33-2.07 USD,needs data
cash pop numbers,50000,Baja,0.04-0.34 USD,needs data
lucky for life drawing,5000,Baja,0.10-0.70 USD,needs data
lotto numbers for yesterday,500,Baja,0.13-0.16 USD,needs data
last night's winning lottery numbers,5000,Baja,0.12-0.38 USD,needs data
lotto numbers mega millions,500000,Baja,0.05-0.48 USD,needs data
mega millions results 2022,50,Desconocida,needs data,needs data
lotto jackpot wednesday,50,Baja,needs data,needs data
mega millions jackpot winning numbers,5000,Baja,0.08-0.50 USD,needs data
mega million numbers july 26 2022,50,Baja,needs data,needs data
mega millions july 22 2022,50,Baja,needs data,needs data
powerball how much,5000,Baja,0.32-1.55 USD,needs data
mass lottery powerball,5000,Baja,1.29-3.63 USD,needs data
pick 4 midday,50000,Baja,0.28-7.11 USD,needs data
wednesday powerball numbers,50000,Baja,0.04-0.40 USD,needs data
top pick lotto,50000,Baja,32.57-64.97 USD,needs data
mega millions drawing numbers,5000,Baja,0.07-0.53 USD,needs data
mega millions total,500,Baja,0.25-1.02 USD,needs data
cutoff to buy mega millions,50,Baja,needs data,needs data
www georgia lottery,5000,Baja,0.02-0.13 USD,needs data
keno drawings,50000,Baja,0.04-2.40 USD,needs data
powerball 1.9 billion,50,Baja,needs data,needs data
alllotto,5000,Baja,0.78-6.45 USD,needs data
lotto payouts,5000,Baja,0.46-3.89 USD,needs data
mega millions and powerball drawing days,500,Baja,0.54-2.58 USD,needs data
powerball next drawing 2022,50,Baja,needs data,needs data
ga lottery cash 4,50000,Baja,0.30-0.50 USD,needs data
mega millions cutoff time,5000,Baja,needs data,needs data
calottery com mega millions,50,Baja,needs data,needs data
largest lottery jackpot,5000,Baja,1.10-5.11 USD,needs data
mega millions ticket cutoff,50,Baja,needs data,needs data
powerball number generator,5000,Baja,0.06-0.31 USD,needs data
billion dollar lottery winner,5000,Baja,needs data,needs data
lucky for life numbers,50000,Baja,0.02-0.39 USD,needs data
lucky numbers for mega millions,500,Baja,0.17-1.65 USD,needs data
billion dollar mega millions,50,Baja,needs data,needs data
calottery mega millions winning numbers,500,Baja,0.23-0.67 USD,needs data
friday lotto results,500,Baja,needs data,needs data
highest lottery jackpot,5000,Baja,needs data,needs data
anyone win powerball,50000,Baja,needs data,needs data
last mega millions numbers,5000,Baja,0.14-0.70 USD,needs data
cost to play mega millions,500,Baja,0.65-4.79 USD,needs data
next megamillions drawing,50,Baja,needs data,needs data
latest powerball results,500,Baja,0.09-0.36 USD,needs data
illinois lottery jackpots,500,Baja,0.02-0.12 USD,needs data
mega millions drawing tonight time,5000,Baja,0.22-1.65 USD,needs data
illinois lottery pick 3 pick 4,5000,Baja,needs data,needs data
next powerball drawing 2022,50,Baja,needs data,needs data
mega millions analysis,50000,Baja,4.16-12.15 USD,needs data
www galottery,5000,Baja,0.02-0.13 USD,needs data
tuesday mega millions numbers,5000,Baja,0.06-0.50 USD,needs data
mega millions value,5000,Baja,0.16-1.10 USD,needs data
powerball winning numbers tonight 2022 time,50,Desconocida,needs data,needs data
powerball nov 5 2022,50,Baja,needs data,needs data
mega jackpot amount,50,Baja,needs data,needs data
mega millions drawing last night,5000,Baja,0.04-0.35 USD,needs data
billion dollar lottery winner 2022,50,Desconocida,needs data,needs data
powerball jackpot amount today,5000,Baja,0.23-1.30 USD,needs data
mega drawing tonight,500,Baja,0.15-0.70 USD,needs data
nclottery,5000000,Baja,0.05-0.75 USD,needs data
mega millions how much,50000,Baja,0.25-1.35 USD,needs data
next mega drawing,500,Baja,needs data,needs data
4 digit lottery,50000,Baja,0.01-0.03 USD,needs data
lotto results wednesday 2022,0,Desconocida,needs data,needs data
cutoff for mega millions,500,Baja,needs data,needs data
power ball july 27,50,Desconocida,needs data,needs data
powerball nov 2 2022,50,Baja,needs data,needs data
9 ways to win mega millions,500,Baja,needs data,needs data
mega lotto result today,500,Baja,0.12-0.97 USD,needs data
midday lottery numbers,5000,Baja,0.08-0.25 USD,needs data
powerball monday winners,50,Baja,needs data,needs data
nyslotterypost,5000,Baja,needs data,needs data
mega millions best numbers to pick 2022,50,Desconocida,needs data,needs data
powerball news,5000,Baja,needs data,needs data
mega millions 1 3 23,50,Desconocida,needs data,needs data
powerball jackpot lottery winner,500,Baja,needs data,needs data
powerball site,5000,Baja,0.15-1.59 USD,needs data
mega millions 7 26 22,50,Baja,needs data,needs data
dc lottery pick 5,500,Baja,1.25-1.82 USD,needs data
cash4life winning numbers,50000,Baja,0.06-0.70 USD,needs data
powerball winning numbers monday,500,Baja,0.15-0.42 USD,needs data
nys lottery winners,500,Baja,needs data,needs data
powerball chances,5000,Baja,0.41-3.71 USD,needs data
ca lottery mega,500,Baja,needs data,needs data
mnlottery powerball,50000,Baja,1.82-5.09 USD,needs data
powerball s,500,Baja,0.13-0.77 USD,needs data
powerball tips and secrets,50,Baja,needs data,needs data
anybody win the powerball,50000,Baja,needs data,needs data
mega millions 2022,50,Baja,needs data,needs data
mega millions time,500,Baja,needs data,needs data
powerball rewards,500,Baja,needs data,needs data
wednesday lottery results,500,Baja,0.01-0.34 USD,needs data
mega millions pot right now,50,Baja,needs data,needs data
current powerball amount,5000,Baja,0.13-1.07 USD,needs data
lotto plus results,500,Baja,needs data,needs data
mega millions winners 2022,50,Baja,needs data,needs data
power ball july 26 2022,50,Desconocida,needs data,needs data
powerball drawing numbers,50000,Baja,0.06-0.40 USD,needs data
carolina cash 5,50000,Baja,0.02-0.15 USD,needs data
www illinois lottery results,5000,Baja,needs data,needs data
texas lottery drawing live,5000,Baja,needs data,needs data
mega millions pick numbers,500,Baja,needs data,needs data
www ohiolottery com winning numbers,5000,Baja,needs data,needs data
powerball 11 5 22,50,Baja,needs data,needs data
pick 3 past winning numbers,50000,Baja,0.25-1.11 USD,needs data
mega millions live stream,50,Baja,needs data,needs data
mega mega millions,5000000,Baja,0.15-0.78 USD,needs data
latest lottery numbers,5000,Baja,0.04-0.73 USD,needs data
810 million jackpot,50,Desconocida,needs data,needs data
strategy to win lottery,500,Baja,needs data,needs data
biggest powerball jackpot,50000,Baja,needs data,needs data
my lotteries,5000,Baja,0.14-1.90 USD,needs data
fantasy 5 past winning numbers,5000,Baja,needs data,needs data
previous powerball numbers,5000,Baja,0.14-0.70 USD,needs data
powerball up to,500,Baja,0.18-3.41 USD,needs data
lucky number generator,5000,Baja,needs data,needs data
jackpot last result,50,Baja,needs data,needs data
mega millions last time to buy,500,Baja,needs data,needs data
1.28 billion lottery,50,Desconocida,needs data,needs data
mega millions numbers next drawing,500,Baja,needs data,needs data
megamillion lottery numbers,500000,Baja,0.05-0.48 USD,needs data
mega millions tuesday july 26 2022,50,Baja,needs data,needs data
colorado lottery pick 3,5000,Baja,0.52-1.97 USD,needs data
galottery com mega millions,500,Baja,needs data,needs data
3 digit lottery,50000,Baja,0.01-0.05 USD,needs data
official illinois lottery,500,Baja,0.01-0.04 USD,needs data
powerball home page,5000,Baja,needs data,needs data
powerball prize money,500,Baja,0.77-5.29 USD,needs data
illinois lottery drawing,5000,Baja,0.06-4.56 USD,needs data
set for life results monday,50,Baja,needs data,needs data
powerball cash prize,500,Baja,0.77-5.29 USD,needs data
michigan lottery results,500000,Baja,0.01-0.09 USD,needs data
cash for life winning numbers,5000,Baja,0.05-0.74 USD,needs data
texas lottery mega millions winning numbers,500,Baja,needs data,needs data
daily numbers,50000,Baja,0.14-0.23 USD,needs data
nc lottery scratch off,5000,Baja,3.47-9.96 USD,needs data
mega millions dates,500,Baja,0.15-1.17 USD,needs data
mega lotto winner,500,Baja,needs data,needs data
lotto jackpot prize,50,Baja,needs data,needs data
powerball drawing days and times,500,Baja,needs data,needs data
power ball winning,50000,Baja,0.14-0.50 USD,needs data
powerball multiplier,5000,Baja,needs data,needs data
mega millions worth,500,Baja,needs data,needs data
powerball value today,500,Baja,0.19-1.25 USD,needs data
mega millions winning numbers july 26 2022,50,Baja,needs data,needs data
michiganlottery com mega millions,50,Baja,needs data,needs data
powerball numbers nov 7,50,Baja,needs data,needs data
powerball simulator,500,Baja,needs data,needs data
lotto result yesterday,5000,Baja,0.14-0.22 USD,needs data
mega millions jan 13 2023,50,Baja,needs data,needs data
california lottery mega millions winning numbers,500,Baja,0.23-0.67 USD,needs data
a que hora se juega el mega million,500,Baja,needs data,needs data
pick three winning numbers,50000,Baja,0.04-0.33 USD,needs data
mm lottery,500,Baja,needs data,needs data
texas lottery winning numbers,5000,Baja,needs data,needs data
july 26 mega million numbers,50,Desconocida,needs data,needs data
carolina lottery,5000,Baja,0.04-1.50 USD,needs data
powerball when,50000,Baja,0.56-2.82 USD,needs data
mega millions estimated jackpot,500,Baja,needs data,needs data
powerball numbers for saturday night,5000,Baja,0.03-0.30 USD,needs data
mega prize,500,Baja,0.62-7.73 USD,needs data
mega millions last drawing,500,Baja,0.15-0.70 USD,needs data
mega ball payout,50000,Baja,0.20-1.37 USD,needs data
powerball no,5000000,Baja,0.09-0.40 USD,needs data
illinois lottery drawing for tonight,500,Baja,needs data,needs data
mega lottery winning numbers,500000,Baja,0.14-0.50 USD,needs data
louisiana lottery mega millions,500,Baja,needs data,needs data
mega millions pay out,50000,Baja,0.20-1.37 USD,needs data
megamillion today,50,Baja,needs data,needs data
www mega million,500,Baja,needs data,needs data
powerball jackpot right now,50000,Baja,0.15-1.12 USD,needs data
mega millions billion,50,Baja,needs data,needs data
1 billion lottery winner,500,Baja,needs data,needs data
megaplier numbers,50,Baja,needs data,needs data
mega millonario,500,Baja,needs data,needs data
tonight's winning lotto numbers,5000,Baja,0.10-1.22 USD,needs data
powerball jackpot lottery numbers,5000,Baja,needs data,needs data
texas lottery pick 4,50000,Baja,6.72-22.79 USD,needs data
mega millions nov 4 2022,50,Baja,needs data,needs data
lotto friday draw,500,Baja,0.38-2.06 USD,needs data
big lottery winners,5000,Baja,needs data,needs data
cash five numbers,5000,Baja,0.02-0.14 USD,needs data
win 4 evening last 30 days,5000,Baja,needs data,needs data
powerball did i win,500,Baja,needs data,needs data
mega millions home page,5000,Baja,0.22-1.33 USD,needs data
mega millions tuesday drawing,500,Baja,0.14-1.01 USD,needs data
latest time to play mega millions,50,Baja,needs data,needs data
mega millions how much is a ticket,50000,Baja,0.70-3.73 USD,needs data
last powerball drawing,5000,Baja,0.11-0.83 USD,needs data
mega power lottery,50,Baja,needs data,needs data
mega millions homepage,5000,Baja,0.22-1.33 USD,needs data
louisiana lottery powerball,5000,Baja,needs data,needs data
mega millions july 26,50,Baja,needs data,needs data
2 billion powerball,500,Baja,needs data,needs data
largest powerball jackpot,50000,Baja,needs data,needs data
lotto 4,5000,Baja,0.02-0.41 USD,needs data
megabucks winning numbers,5000,Baja,0.02-0.12 USD,needs data
google powerball,500,Baja,needs data,needs data
winning powerball tickets,5000,Baja,0.45-6.48 USD,needs data
jackpot lottery draw schedule,50,Desconocida,needs data,needs data
yesterday lottery result,5000,Baja,0.08-0.66 USD,needs data
powerball saturday drawing,5000,Baja,0.08-0.68 USD,needs data
biggest mega millions jackpot,500,Baja,needs data,needs data
pick 4 nc,500000,Baja,0.03-0.17 USD,needs data
mega millions drawing live stream tonight,50,Desconocida,needs data,needs data
ca lottery mega millions drawing,500,Baja,0.11-0.90 USD,needs data
mega millions drawing jackpot,500,Baja,0.26-0.84 USD,needs data
mass lottery mega millions,5000,Baja,0.50-3.67 USD,needs data
powerball past drawings,5000,Baja,0.15-0.76 USD,needs data
m3ga millions,50,Baja,0.30-1.43 USD,needs data
mega millions quick pick cost,500,Baja,needs data,needs data
mega millions ticket cutoff time,500,Baja,needs data,needs data
multi millions,500,Baja,0.95-4.22 USD,needs data
my lotto results,500,Baja,0.14-0.22 USD,needs data
powerball jackpot analysis,50000,Baja,4.51-12.98 USD,needs data
mega millions up to,500,Baja,needs data,needs data
mega millions jackpot powerball,50,Baja,needs data,needs data
mega millions current jackpot amount,50,Baja,needs data,needs data
powerball winning numbers tonight 2021,50,Baja,needs data,needs data
mega millions cuando se juega,500,Baja,needs data,needs data
cash five texas lottery,5000,Baja,needs data,needs data
1.2 billion lottery winner,50,Baja,needs data,needs data
mega millions past drawings,500,Baja,0.22-0.96 USD,needs data
mega millions drawing jan 10 2023,50,Desconocida,needs data,needs data
friday night lottery numbers,500,Baja,0.21-0.44 USD,needs data
new mega millions jackpot,500,Baja,needs data,needs data
mega winning numbers last night,50000,Baja,0.05-0.36 USD,needs data
mega millions winner last night,5000,Baja,0.15-0.78 USD,needs data
powerball result today,50000,Baja,0.14-0.40 USD,needs data
highest mega millions jackpot,500,Baja,needs data,needs data
ca lottery mega millions winning numbers,500,Baja,0.23-0.67 USD,needs data
powerball and mega millions drawing days,500,Baja,0.54-2.58 USD,needs data
mega millions jackpot right now,500,Baja,needs data,needs data
texas lottery pick 3,50000,Baja,needs data,needs data
mega millions trucos,50,Baja,needs data,needs data
lottery mega millions powerball jackpot next drawing,50,Desconocida,needs data,needs data
mega millions schedule,500,Baja,0.15-1.17 USD,needs data
ca lottery fantasy 5,50000,Baja,needs data,needs data
megamillions drawing time,50,Baja,needs data,needs data
lotto mega millions winning numbers,500000,Baja,0.14-0.50 USD,needs data
midday numbers,50000,Baja,0.15-0.23 USD,needs data
past winning numbers,5000,Baja,needs data,needs data
mega millions next,500,Baja,0.24-3.65 USD,needs data
latest lottery results,500,Baja,needs data,needs data
midday pick 3 and pick 4,50000,Baja,0.01-2.32 USD,needs data
powerball jackpot for saturday,500,Baja,needs data,needs data
michigan lottery numbers,50000,Baja,needs data,needs data
lottery plus,500,Baja,needs data,needs data
mega millions pot today,500,Baja,0.14-1.55 USD,needs data
all state lottery,50000,Baja,2.90-41.45 USD,needs data
mega millions jan 6 2023,50,Baja,needs data,needs data
winning mega millions ticket,5000,Baja,0.14-1.41 USD,needs data
power ball july 29,50,Baja,needs data,needs data
anybody win the mega millions,5000,Baja,needs data,needs data
georgialottery,5000000,Baja,0.03-0.36 USD,needs data
megabucks numbers,50000,Baja,0.02-0.13 USD,needs data
powerball numbers 11 7 22,50,Baja,needs data,needs data
millions drawing,500,Baja,needs data,needs data
arizona lottery winning numbers,50000,Baja,0.02-0.61 USD,needs data
powerball results 2022,50,Baja,needs data,needs data
arizona lottery the pick,50000,Baja,0.02-2.09 USD,needs data
ny lottery mega millions payout,50,Baja,needs data,needs data
powerball mega millions numbers,500,Baja,0.25-0.56 USD,needs data
megamillions july 22,500,Baja,needs data,needs data
billion lottery winner,500,Baja,needs data,needs data
mega millions jackpot payout,500,Baja,needs data,needs data
www mega millions com,50,Baja,needs data,needs data
nc lottery powerball,50000,Baja,0.03-0.24 USD,needs data
powerball slip,500,Baja,needs data,needs data
mega millions july 27 2022,50,Desconocida,needs data,needs data
virginia lottery pick 3 and pick 4,50000,Baja,1.11-8.31 USD,needs data
a que hora juega el mega million hoy,50,Baja,needs data,needs data
mega millions winning numbers today,5000,Baja,0.04-0.60 USD,needs data
latest mega millions numbers,5000,Baja,0.04-0.50 USD,needs data
mega numbers for friday,500,Baja,0.03-0.43 USD,needs data
lottery reddit,5000,Baja,needs data,needs data
mega million quick pick numbers for today,500,Baja,needs data,needs data
mega millions money,500,Baja,needs data,needs data
illinois lottery today,5000,Baja,0.01-0.05 USD,needs data
louisiana lottery winning numbers,50000,Baja,needs data,needs data
power drawing days,500,Baja,0.50-1.58 USD,needs data
powerball yesterday,5000,Baja,0.08-0.36 USD,needs data
previous mega millions numbers,5000,Baja,0.15-0.82 USD,needs data
mega millions when is the next drawing,50000,Baja,0.37-2.14 USD,needs data
kentucky lottery pick 4,50000,Baja,0.24-7.76 USD,needs data
megamillions july 26 2022 numbers,50,Desconocida,needs data,needs data
powerball jackpot today how much,500,Baja,needs data,needs data
jackpot number,5000,Baja,0.32-1.89 USD,needs data
play win 4,50,Baja,1.22-11.48 USD,needs data
powerball announcement,500,Baja,needs data,needs data
mega millions drawing 7 26 22,50,Desconocida,needs data,needs data
megamillions jan 6 2023,50,Desconocida,needs data,needs data
winning pick 3 pick 4 lottery numbers,50000,Baja,needs data,needs data
mega millions jan 3 2023,50,Baja,needs data,needs data
new lottery results,5000,Baja,0.13-0.18 USD,needs data
mega million winning numbers tonight,5000,Baja,0.06-0.50 USD,needs data
$2 jackpot lottery draw schedule,50,Desconocida,needs data,needs data
1 10 23 mega millions numbers,50,Desconocida,needs data,needs data
1 13 23 mega millions numbers,50,Desconocida,needs data,needs data
1 6 23 mega millions numbers,50,Baja,needs data,needs data
1 billion dollar lottery winner,50,Baja,needs data,needs data
1 billion mega millions drawing,50,Desconocida,needs data,needs data
1 billion mega millions winner,50,Baja,needs data,needs data
1 number and mega ball,5000,Baja,needs data,needs data
1 number mega millions,5000,Baja,needs data,needs data
1.28 billion lottery winner,50,Desconocida,needs data,needs data
1.3 billion lottery winner,50,Baja,needs data,needs data
1.34 billion lottery winner,50,Desconocida,needs data,needs data
1.5 billion lottery winner,50,Baja,needs data,needs data
11 7 22 powerball,50,Desconocida,needs data,needs data
11 7 powerball,50,Desconocida,needs data,needs data
12 22 mega millions numbers,50,Baja,needs data,needs data
2 mega millions numbers,5000,Baja,needs data,needs data
2 numbers and mega ball,50,Baja,needs data,needs data
2 numbers on lotto do i win anything,50,Baja,needs data,needs data
2 numbers on powerball,50000,Baja,needs data,needs data
3 digit evening,50000,Baja,0.01-0.06 USD,needs data
3 mega millions numbers,500,Baja,needs data,needs data
3 numbers and mega ball,500,Baja,needs data,needs data
4 digit evening,50000,Baja,0.01-0.04 USD,needs data
4 digit midday,50000,Baja,0.01-0.05 USD,needs data
4 numbers on mega millions,500,Baja,needs data,needs data
4digit result,5000,Baja,0.01-0.03 USD,needs data
5 numbers on mega millions,500,Baja,needs data,needs data
6 digit lotto result,50,Baja,needs data,needs data
660 million lottery,50,Desconocida,needs data,needs data
7 22 22 mega millions numbers,50,Desconocida,needs data,needs data
7 26 22 mega millions numbers,50,Desconocida,needs data,needs data
7 29 22 mega millions numbers,50,Baja,needs data,needs data
a que hora se juega el mega million hoy,50,Baja,needs data,needs data
afterlotto,5000,Baja,needs data,needs data
all lottery result,5000,Baja,3.84-16.00 USD,needs data
all lotto results,5000,Baja,3.84-16.00 USD,needs data
all state lottery result,50000,Baja,needs data,needs data
anonymous lottery states 2022,50,Desconocida,needs data,needs data
any mega million winners,5000,Baja,needs data,needs data
any one win mega millions,50,Baja,needs data,needs data
any one win the mega millions,50,Baja,needs data,needs data
any powerball winners,5000,Baja,needs data,needs data
any powerball winners last night,5000,Baja,needs data,needs data
any powerball winners tonight,5000,Baja,needs data,needs data
any winners for mega millions today,50,Baja,needs data,needs data
any winners in mega millions last night,500,Baja,needs data,needs data
any winning tickets for mega millions,50,Baja,needs data,needs data
any winning tickets for powerball,500,Baja,needs data,needs data
anybody hit the mega million,5000,Baja,needs data,needs data
anybody win mega millions last night,5000,Baja,needs data,needs data
anybody win powerball last night,50000,Baja,0.13-0.93 USD,needs data
anybody win the mega million last night,5000,Baja,needs data,needs data
anybody win the powerball tonight,5000,Baja,needs data,needs data
anyone hit mega millions,500,Baja,needs data,needs data
anyone hit the mega million,500,Baja,needs data,needs data
anyone win mega millions last night,5000,Baja,needs data,needs data
anyone win mega millions tonight,50,Baja,needs data,needs data
anyone win powerball last night,50000,Baja,0.13-0.93 USD,needs data
anyone win powerball tonight,5000,Baja,needs data,needs data
aries lucky numbers for mega millions,50,Baja,needs data,needs data
arizona lottery mega millions numbers,500,Baja,0.10-0.95 USD,needs data
arizona lottery numbers,50000,Baja,0.13-1.04 USD,needs data
arizona lottery pick 3,5000,Baja,needs data,needs data
arizona lottery results,50000,Baja,0.02-0.61 USD,needs data
az lottery post,50000,Baja,needs data,needs data
baba ijebu lotto result,50,Baja,needs data,needs data
baba ijebu past result,50,Baja,needs data,needs data
baba ijebu prediction,50,Baja,needs data,needs data
baba ijebu result for yesterday,50,Baja,needs data,needs data
baba ijebu winning numbers,50,Desconocida,needs data,needs data
baba ijebu yesterday result,50,Baja,needs data,needs data
badger 5 lottery,5000,Baja,needs data,needs data
badger 5 numbers,50000,Baja,needs data,needs data
badger 5 winning numbers,5000,Baja,needs data,needs data
ball numbers,500,Baja,0.16-0.40 USD,needs data
best mega millions numbers,500,Baja,needs data,needs data
best numbers to pick for mega millions,50,Baja,needs data,needs data
biggest lottery jackpot ever,500,Baja,needs data,needs data
biggest lottery winners,5000,Baja,needs data,needs data
biggest mega millions jackpot ever,500,Baja,needs data,needs data
biggest powerball ever,5000,Baja,needs data,needs data
billion dollar lottery numbers,500,Baja,needs data,needs data
billion dollar mega millions winner,50,Baja,needs data,needs data
billionaire lottery winner,500,Baja,needs data,needs data
ca fantasy 5,50000,Baja,needs data,needs data
ca lottery post,50000,Baja,needs data,needs data
california lottery daily 3,50000,Baja,needs data,needs data
california lottery daily 4,5000,Baja,needs data,needs data
calottery com,5000,Baja,0.03-0.33 USD,needs data
caribbean lottery pick 3,500,Baja,needs data,needs data
caribbean lottery pick 4,500,Baja,needs data,needs data
carolina pick 3,50000,Baja,0.03-0.36 USD,needs data
carolina pick 4,5000,Baja,0.03-0.42 USD,needs data
cash 4 life numbers,5000,Baja,0.14-0.22 USD,needs data
cash 5 nc,50000,Baja,0.02-0.09 USD,needs data
cash 5 numbers,50000,Baja,0.03-0.22 USD,needs data
cash 5 results,5000,Baja,0.02-0.15 USD,needs data
cash 5 winning numbers for tonight,5000,Baja,0.02-0.58 USD,needs data
cash five winning numbers,50000,Baja,0.02-0.19 USD,needs data
cash pot draw,500,Baja,0.14-0.58 USD,needs data
cash pot result,5000,Baja,0.02-0.36 USD,needs data
cash pot results for yesterday,50,Baja,needs data,needs data
cashpot result for yesterday,500,Baja,needs data,needs data
chances winning number,5000,Baja,needs data,needs data
check your numbers,5000,Baja,needs data,needs data
classic lotto,50000,Baja,0.21-2.86 USD,needs data
common mega millions numbers,50,Baja,needs data,needs data
connecticut lottery numbers,50000,Baja,0.18-0.22 USD,needs data
connecticut lottery results,50000,Baja,0.19-0.22 USD,needs data
ct lottery mega millions winners,50,Desconocida,needs data,needs data
ct lottery numbers,50000,Baja,0.18-0.22 USD,needs data
ct lottery winning numbers,50000,Baja,0.18-0.22 USD,needs data
ctlottery org,50000,Baja,0.18-0.22 USD,needs data
current mega millions numbers,500,Baja,0.07-0.70 USD,needs data
daily 3 evening,50000,Baja,0.01-0.11 USD,needs data
daily 3 lottery,5000,Baja,0.01-0.06 USD,needs data
daily 3 midday,50000,Baja,0.02-0.10 USD,needs data
daily 3 numbers,5000,Baja,0.01-0.13 USD,needs data
daily 3 results,50000,Baja,0.01-0.10 USD,needs data
daily 3 winning numbers,50000,Baja,0.02-0.10 USD,needs data
daily 4,500000,Baja,0.01-0.04 USD,needs data
daily 4 evening,50000,Baja,0.02-0.06 USD,needs data
daily 4 lottery,5000,Baja,0.01-0.04 USD,needs data
daily 4 numbers,5000,Baja,0.02-0.13 USD,needs data
daily 4 past winning numbers,5000,Baja,needs data,needs data
daily 4 results,50000,Baja,0.01-0.05 USD,needs data
daily 4 winning numbers,50000,Baja,0.02-0.06 USD,needs data
daily derby,50000,Baja,needs data,needs data
daily lottery result,5000,Baja,0.08-0.18 USD,needs data
daily lotto payouts,50,Baja,needs data,needs data
daily lotto picks,50,Baja,needs data,needs data
daily lotto prediction,50,Baja,needs data,needs data
daily lotto results 2022,0,Desconocida,needs data,needs data
daily lotto results for yesterday,50,Baja,needs data,needs data
daily lotto results for yesterday 2022,50,Desconocida,needs data,needs data
daily lotto results yesterday,50,Baja,needs data,needs data
daily numbers game,5000,Baja,2.05-5.43 USD,needs data
daily numbers results,5000,Baja,0.07-0.22 USD,needs data
daily pick 3,5000,Baja,0.01-0.40 USD,needs data
daily pick 4,5000,Baja,0.08-4.14 USD,needs data
dave johnson lottery winner,5000,Baja,needs data,needs data
days for mega millions,5000,Baja,0.50-2.36 USD,needs data
dc lottery pick 3 pick 4,5000,Baja,1.27-2.01 USD,needs data
dclottery results,50000,Baja,2.11-13.50 USD,needs data
dec 23 mega millions numbers,500,Baja,needs data,needs data
dec 27 mega millions numbers,50,Baja,needs data,needs data
dec 30 mega millions numbers,50,Baja,needs data,needs data
derby lotto result,50,Baja,needs data,needs data
education lottery,5000,Baja,0.04-1.89 USD,needs data
en cuánto está el powerball,500,Baja,0.30-1.62 USD,needs data
estimated jackpot,50,Baja,needs data,needs data
estimated powerball jackpot today,500,Baja,needs data,needs data
everybody wins winning numbers,50,Baja,needs data,needs data
fantasy 5 winning,500,Baja,0.07-0.10 USD,needs data
fl lottery numbers,50000,Baja,needs data,needs data
fl lottery powerball,50000,Baja,needs data,needs data
fl lotto mega millions,5000,Baja,needs data,needs data
fl lotto numbers,50000,Baja,needs data,needs data
fl lotto powerball,50000,Baja,needs data,needs data
fl lotto results,50000,Baja,needs data,needs data
fl lotto winning numbers,50000,Baja,needs data,needs data
flalottery com,5000,Baja,needs data,needs data
flalottery com mega millions,50,Baja,needs data,needs data
flalottery com winningnumbers,5000,Baja,needs data,needs data
flalottery mega millions,5000,Baja,needs data,needs data
flalottery powerball,50000,Baja,needs data,needs data
flalottery results,500000,Baja,needs data,needs data
flalottery winning numbers,500000,Baja,needs data,needs data
fllottery,500,Baja,needs data,needs data
fllotterywinningnumbers,5000,Baja,needs data,needs data
floridalottery,5000000,Baja,3.17-35.36 USD,needs data
floridalottery com,50000,Baja,needs data,needs data
friday july 29 mega millions numbers,0,Desconocida,needs data,needs data
friday mega million winning numbers,500,Baja,0.04-0.50 USD,needs data
friday night mega million numbers,5000,Baja,0.06-0.50 USD,needs data
friday winning numbers,50,Baja,needs data,needs data
galottery com,5000,Baja,0.19-0.61 USD,needs data
give me the mega million numbers,500,Baja,needs data,needs data
gopher 5 numbers,5000,Baja,needs data,needs data
gopher 5 winning numbers,5000,Baja,needs data,needs data
green lotto prediction,0,Desconocida,needs data,needs data
green lotto result,50,Baja,needs data,needs data
highest jackpot ever,500,Baja,needs data,needs data
highest lottery jackpot ever,500,Baja,needs data,needs data
highest mega millions,50,Baja,needs data,needs data
highest mega millions ever,50,Baja,needs data,needs data
highest mega millions jackpot ever,500,Baja,needs data,needs data
highest number in mega millions,50,Baja,needs data,needs data
hoosier lottery mega millions,500,Baja,needs data,needs data
hoosier lottery numbers,50000,Baja,needs data,needs data
hoosier lottery powerball,5000,Baja,needs data,needs data
hoosier lottery results,50000,Baja,needs data,needs data
hoosier lottery winning numbers,50000,Baja,needs data,needs data
hoosier lotto numbers,5000,Baja,needs data,needs data
hoosier lotto winning numbers,5000,Baja,needs data,needs data
https mega millions winning numbers,50,Desconocida,needs data,needs data
if i win the lottery,500,Baja,needs data,needs data
if you get the mega ball only,50,Baja,needs data,needs data
if you win the lottery,500,Baja,needs data,needs data
ill winning lottery numbers,50000,Baja,1.29-4.20 USD,needs data
illinois lottery com winning numbers,500,Baja,needs data,needs data
illinois lottery drawing for tonight live,500,Baja,needs data,needs data
illinois lottery numbers for today,5000,Baja,needs data,needs data
illinois lottery past winning numbers,5000,Baja,needs data,needs data
illinois lottery results post,50000,Baja,needs data,needs data
illinois lottery sign in,500,Baja,0.01-0.16 USD,needs data
illinois lottery unclaimed,500,Baja,needs data,needs data
in lottery,5000,Baja,needs data,needs data
izizzi lottery results,50,Desconocida,needs data,needs data
jackpot lottery result,500,Baja,needs data,needs data
jackpot lottery ticket result today,50,Desconocida,needs data,needs data
jackpot result jackpot,50,Desconocida,needs data,needs data
jackpot result night,50,Desconocida,needs data,needs data
jamaica pick 3,5000,Baja,needs data,needs data
jan 10 mega million numbers,50,Baja,needs data,needs data
jan 13 mega million numbers,50,Baja,needs data,needs data
jan 13 mega millions numbers,50,Baja,needs data,needs data
jan 3 mega millions numbers,50,Baja,needs data,needs data
jan 6 2023 mega millions numbers,50,Desconocida,needs data,needs data
jan 6 mega millions numbers,50,Baja,needs data,needs data
january 13th mega million numbers,50,Baja,needs data,needs data
jerry and marge selbee,5000,Baja,0.03-0.05 USD,needs data
jerry selbee,5000,Baja,0.03-0.05 USD,needs data
july 1 mega millions numbers,500,Baja,needs data,needs data
july 12 mega millions numbers,50,Desconocida,needs data,needs data
july 15 mega millions numbers,50,Baja,needs data,needs data
july 19 mega millions numbers,50,Desconocida,needs data,needs data
july 22 2022 mega millions numbers,50,Baja,needs data,needs data
july 22 mega millions numbers,50,Baja,needs data,needs data
july 26 2022 mega millions numbers,50,Baja,needs data,needs data
july 26th mega million numbers,50,Desconocida,needs data,needs data
july 29 2022 lotto result,50,Baja,needs data,needs data
july 29 2022 mega millions numbers,50,Baja,needs data,needs data
july 29 mega million numbers,500,Desconocida,needs data,needs data
july 29 mega millions,500,Baja,needs data,needs data
july 29 mega millions numbers,500,Desconocida,needs data,needs data
july 29th mega million numbers,500,Desconocida,needs data,needs data
july 29th mega millions numbers,500,Desconocida,needs data,needs data
july 8 mega millions numbers,500,Baja,needs data,needs data
june 28 mega millions numbers,50,Desconocida,needs data,needs data
kansas power ball,5000,Baja,needs data,needs data
kentucky lottery post,50000,Baja,1.67-6.04 USD,needs data
kentucky power ball,50000,Baja,0.03-0.51 USD,needs data
kristine wellenstein,500,Baja,needs data,needs data
kristine wellenstein lottery winner,50,Baja,needs data,needs data
ky lottery cash ball,5000,Baja,needs data,needs data
ky lottery post,50000,Baja,1.67-6.04 USD,needs data
kết quả xổ số mega millions của mỹ,50,Baja,needs data,needs data
kết quả xổ số powerball mỹ,5000,Baja,0.02-0.40 USD,needs data
kết quả xổ số powerball mỹ hôm nay,5000,Baja,0.01-0.64 USD,needs data
la lottery results,50000,Baja,needs data,needs data
la lottery winning numbers,50000,Baja,needs data,needs data
laarni bibal,500,Baja,needs data,needs data
largest lottery jackpot ever,500,Baja,needs data,needs data
largest lottery win ever,500,Baja,needs data,needs data
largest mega millions jackpot,500,Baja,needs data,needs data
largest mega millions jackpot ever,500,Baja,needs data,needs data
largest powerball jackpot ever,5000,Baja,needs data,needs data
largest powerball jackpot unclaimed,500,Baja,needs data,needs data
last 10 mega millions drawings,500,Baja,needs data,needs data
last 10 mega millions numbers,500,Baja,needs data,needs data
last 10 powerball drawings,5000,Baja,needs data,needs data
last 100 mega millions numbers,500,Baja,needs data,needs data
last 25 mega millions,500,Baja,needs data,needs data
last mega million winner,500,Baja,needs data,needs data
last mega millions winning numbers,500,Baja,0.14-0.58 USD,needs data
last night lotto result,5000,Baja,0.03-0.45 USD,needs data
last night powerball drawing,5000,Baja,0.06-0.50 USD,needs data
last night's mega ball numbers,50000,Baja,0.05-0.36 USD,needs data
latest daily lotto results,50,Desconocida,needs data,needs data
latest mega millions winner,500,Baja,needs data,needs data
latest powerball,500,Baja,needs data,needs data
latest powerball drawing,500,Baja,0.04-0.40 USD,needs data
least common mega millions numbers,50,Baja,needs data,needs data
leidsa lottery,5000,Baja,needs data,needs data
list of mega millions winners by state,500,Baja,needs data,needs data
live mega millions drawing tonight,500,Baja,0.55-1.83 USD,needs data
loteria mega millions hoy,50,Baja,needs data,needs data
lotería de arizona mega millions,50,Baja,needs data,needs data
loto 4,50,Media,1.06-4.93 USD,needs data
loto 6 result,50,Baja,needs data,needs data
loto 7 result,50,Baja,needs data,needs data
lottery bible,50000,Baja,needs data,needs data
lottery com,5000,Baja,0.38-3.70 USD,needs data
lottery drawing live,5000,Baja,1.82-5.57 USD,needs data
lottery jackpot winners,500,Baja,needs data,needs data
lottery lottery result,500000,Baja,0.10-0.66 USD,needs data
lottery mega millions powerball jackpot winner,50,Baja,needs data,needs data
lottery mega millions powerball jackpot winning numbers,50,Baja,needs data,needs data
lottery mega millions winner,50000,Baja,0.15-0.65 USD,needs data
lottery nacional,500,Baja,needs data,needs data
lottery new york post,500000,Baja,2.06-27.81 USD,needs data
lottery numbers july 29 2022,50,Desconocida,needs data,needs data
lottery ok gov powerball,500,Baja,needs data,needs data
lottery post va pick 4,5000,Baja,0.21-1.17 USD,needs data
lottery powerball nov 7,50,Desconocida,needs data,needs data
lottery result lottery result,500000,Baja,0.10-0.66 USD,needs data
lottery result result,50,Baja,needs data,needs data
lottery result win win,50,Baja,needs data,needs data
lottery someone,50,Baja,needs data,needs data
lottery ticket result,500,Baja,needs data,needs data
lottery winner last night,5000,Baja,needs data,needs data
lotterypost com,5000,Baja,4.18-20.06 USD,needs data
lotterypost com results,5000,Baja,2.77-11.88 USD,needs data
lotto 3,5000,Baja,0.03-3.98 USD,needs data
lotto 47 numbers,50000,Baja,0.02-0.08 USD,needs data
lotto 47 winning numbers,50000,Baja,0.02-0.08 USD,needs data
lotto 6 result,50,Baja,needs data,needs data
lotto 7 result,50,Baja,needs data,needs data
lotto america numbers,50000,Baja,0.15-1.33 USD,needs data
lotto america results,5000,Baja,needs data,needs data
lotto america winning numbers,50000,Baja,0.73-6.80 USD,needs data
lotto and lotto plus,500,Baja,0.05-1.03 USD,needs data
lotto and lotto plus result,50,Baja,needs data,needs data
lotto and powerball,5000000,Baja,0.14-0.80 USD,needs data
lotto and powerball days,50,Baja,needs data,needs data
lotto com,50000,Baja,0.09-2.65 USD,needs data
lotto draw result,500,Baja,0.14-1.44 USD,needs data
lotto jan 10 2023,0,Desconocida,needs data,needs data
lotto july 29 2022,50,Desconocida,needs data,needs data
lotto plus 1 payouts,50,Desconocida,needs data,needs data
lotto plus 1 results,50,Baja,needs data,needs data
lotto plus 2 payouts,50,Baja,needs data,needs data
lotto plus 2 results,50,Baja,needs data,needs data
lotto plus results for yesterday,50,Baja,needs data,needs data
lotto powerball results winning numbers,50,Baja,needs data,needs data
lotto result dec 23 2022,50,Desconocida,needs data,needs data
lotto result dec 3 2022,50,Desconocida,needs data,needs data
lotto result dec 31 2022,0,Desconocida,needs data,needs data
lotto result dec 6 2022,0,Desconocida,needs data,needs data
lotto result dec 7 2022,0,Desconocida,needs data,needs data
lotto result december 10 2022,50,Desconocida,needs data,needs data
lotto result july 1 2022,0,Desconocida,needs data,needs data
lotto result july 10 2022,0,Desconocida,needs data,needs data
lotto result july 11 2022,0,Desconocida,needs data,needs data
lotto result july 12 2022,50,Desconocida,needs data,needs data
lotto result july 13 2022,0,Desconocida,needs data,needs data
lotto result july 19 2022,0,Desconocida,needs data,needs data
lotto result july 2 2022,50,Desconocida,needs data,needs data
lotto result july 22 2022,0,Desconocida,needs data,needs data
lotto result july 23 2022,50,Baja,needs data,needs data
lotto result july 26 2022,0,Desconocida,needs data,needs data
lotto result july 27 2022,0,Desconocida,needs data,needs data
lotto result july 29 2022,50,Baja,needs data,needs data
lotto result july 30 2022,0,Desconocida,needs data,needs data
lotto result july 4 2022,0,Desconocida,needs data,needs data
lotto result july 5 2022,0,Desconocida,needs data,needs data
lotto result july 6 2022,0,Desconocida,needs data,needs data
lotto result july 7 2022,0,Desconocida,needs data,needs data
lotto result nov 11 2022,0,Desconocida,needs data,needs data
lotto result nov 23 2022,50,Desconocida,needs data,needs data
lotto result nov 26 2022,0,Desconocida,needs data,needs data
lotto result nov 27 2022,0,Desconocida,needs data,needs data
lotto result nov 29 2022,0,Desconocida,needs data,needs data
lotto result nov 30 2022,0,Desconocida,needs data,needs data
lotto result nov 5 2022,50,Desconocida,needs data,needs data
lotto result october 10 2022,0,Desconocida,needs data,needs data
lotto result october 11 2022,0,Desconocida,needs data,needs data
lotto result october 31 2022,50,Desconocida,needs data,needs data
lotto result october 7 2022,0,Desconocida,needs data,needs data
lotto results lotto payouts,50,Desconocida,needs data,needs data
lotto results lotto plus 1 and 2,50,Baja,needs data,needs data
lotto results lotto plus 1 and 2 payouts,50,Baja,needs data,needs data
lotto results lotto plus 1 and 2 tonight,50,Baja,needs data,needs data
lotto results lotto plus 1 and 2 yesterday,50,Baja,needs data,needs data
lotto results lotto plus 2,50,Desconocida,needs data,needs data
lotto results payouts,50,Baja,needs data,needs data
lotto results powerball results,50,Baja,needs data,needs data
louisiana lottery current jackpots,500,Baja,needs data,needs data
louisiana lottery numbers,50000,Baja,needs data,needs data
louisiana lottery pick 3,50000,Baja,needs data,needs data
louisiana lottery pick 3 pick 4 winning numbers,5000,Baja,needs data,needs data
louisiana lottery pick 4,50000,Baja,needs data,needs data
louisiana lottery results,50000,Baja,needs data,needs data
louisiana lotto winning numbers,50000,Baja,needs data,needs data
luckiest mega millions numbers,50,Baja,needs data,needs data
luckiest states for mega millions,50,Baja,needs data,needs data
luckiest states for powerball,500,Baja,needs data,needs data
lucky 7 lottery,500,Baja,needs data,needs data
lucky for life payout,5000,Baja,needs data,needs data
lucky for life results,5000,Baja,needs data,needs data
lucky for life winning numbers,50000,Baja,0.03-0.30 USD,needs data
lucky jackpot result,50,Desconocida,needs data,needs data
lucky lottery result,500,Baja,needs data,needs data
lucky numbers results,50,Baja,needs data,needs data
lucky pick,500,Baja,needs data,needs data
lucky tuesday,50,Baja,needs data,needs data
lucky tuesday lotto results,50,Baja,needs data,needs data
lucky tuesday results,500,Baja,needs data,needs data
lucky win lott,50,Baja,needs data,needs data
lucky win lott result,50,Baja,needs data,needs data
lucky win lottery,50,Baja,needs data,needs data
lucky win result,50,Desconocida,needs data,needs data
ma lottery keno,50000,Baja,2.71-7.91 USD,needs data
ma lottery results,50000,Baja,needs data,needs data
maine lottery numbers,5000,Baja,needs data,needs data
maine lottery tickets,500,Baja,1.06-4.38 USD,needs data
maine lottery unclaimed prizes,500,Baja,needs data,needs data
marvin and mae acosta,5000,Baja,needs data,needs data
mass cash numbers,50000,Baja,0.02-2.63 USD,needs data
mass cash results,5000,Baja,0.02-0.16 USD,needs data
mass cash winning numbers,50000,Baja,0.03-1.10 USD,needs data
mass lottery com,5000,Baja,0.63-2.40 USD,needs data
mass lottery daily number,5000,Baja,2.64-5.74 USD,needs data
mass lottery evening number,5000,Baja,needs data,needs data
mass lottery keno results,5000,Baja,1.42-6.72 USD,needs data
mass lottery megabucks,5000,Baja,needs data,needs data
mass lottery numbers,50000,Baja,0.76-3.49 USD,needs data
mass lottery numbers game,5000,Baja,1.35-5.40 USD,needs data
mass lottery post,50000,Baja,needs data,needs data
mass lottery winners,5000,Baja,needs data,needs data
mass lottery winning numbers,5000,Baja,needs data,needs data
mass lottery winning numbers evening,50000,Baja,needs data,needs data
masslottery com,50000,Baja,0.75-3.17 USD,needs data
masslottery powerball,500,Baja,1.20-3.83 USD,needs data
mavis l wanczyk,500,Baja,needs data,needs data
mavis wanczyk,5000,Baja,needs data,needs data
mavis wanczyk today,50,Baja,needs data,needs data
mdlottery com,5000,Baja,needs data,needs data
mdlottery winning numbers,50000,Baja,needs data,needs data
mega 2023,50,Baja,needs data,needs data
mega ball 2022,50,Baja,needs data,needs data
mega ball drawing days,500,Baja,needs data,needs data
mega ball numbers for tonight,500,Baja,needs data,needs data
mega ball only payout,50,Baja,needs data,needs data
mega ball winner,50000,Baja,0.15-0.65 USD,needs data
mega billion winner,50,Baja,needs data,needs data
mega drawing numbers,500,Baja,0.07-0.42 USD,needs data
mega drawing time,50,Baja,needs data,needs data
mega game numbers,50,Baja,needs data,needs data
mega hot numbers,50,Baja,needs data,needs data
mega jackpot numbers,50,Baja,needs data,needs data
mega jackpot winner,50,Baja,needs data,needs data
mega july 29 2022,50,Desconocida,needs data,needs data
mega lott com,50,Baja,needs data,needs data
mega lottery result,50000,Baja,0.13-0.22 USD,needs data
mega lottery winner,500,Baja,needs data,needs data
mega lotto drawing days,50,Baja,needs data,needs data
mega million 1 10 23,50,Baja,needs data,needs data
mega million 1 13 23,50,Baja,needs data,needs data
mega million 1 6 23,50,Baja,needs data,needs data
mega million 12 30 22,50,Baja,needs data,needs data
mega million 2021,500,Baja,needs data,needs data
mega million 7 26 22,50,Baja,needs data,needs data
mega million 7 29 22,50,Baja,needs data,needs data
mega million billion dollar winner,50,Baja,needs data,needs data
mega million de hoy,500,Baja,0.22-0.76 USD,needs data
mega million dec 27 2022,50,Baja,needs data,needs data
mega million dec 30 2022,50,Baja,needs data,needs data
mega million did anyone win,50000,Baja,0.30-1.64 USD,needs data
mega million dollar numbers,50,Baja,needs data,needs data
mega million drawing july 26 2022,50,Baja,needs data,needs data
mega million drawing july 29,50,Desconocida,needs data,needs data
mega million drawing july 29 2022,50,Baja,needs data,needs data
mega million friday july 29 2022,50,Baja,needs data,needs data
mega million hot 3 numbers,50,Baja,needs data,needs data
mega million hot numbers,500,Baja,needs data,needs data
mega million hot numbers today,50,Baja,needs data,needs data
mega million jackpot winner,50000,Baja,0.83-2.38 USD,needs data
mega million jan 10 2023,50,Baja,needs data,needs data
mega million jan 13 2023,50,Baja,needs data,needs data
mega million jan 28 2022,50,Desconocida,needs data,needs data
mega million jan 3 2023,50,Baja,needs data,needs data
mega million jan 6 2023,50,Baja,needs data,needs data
mega million july 1 2022,50,Desconocida,needs data,needs data
mega million july 12 2022,50,Desconocida,needs data,needs data
mega million july 15 2022,50,Desconocida,needs data,needs data
mega million july 19 2022,50,Baja,needs data,needs data
mega million july 22 2022,50,Desconocida,needs data,needs data
mega million july 26,50,Desconocida,needs data,needs data
mega million july 29,50,Baja,needs data,needs data
mega million july 29 2022,50,Baja,needs data,needs data
mega million july 29th,50,Baja,needs data,needs data
mega million july 8 2022,50,Desconocida,needs data,needs data
mega million june 10 2022,50,Desconocida,needs data,needs data
mega million june 14 2022,50,Desconocida,needs data,needs data
mega million june 17 2022,50,Baja,needs data,needs data
mega million june 21 2022,50,Baja,needs data,needs data
mega million june 24 2022,50,Baja,needs data,needs data
mega million mega million,5000000,Baja,0.15-0.78 USD,needs data
mega million news,500,Baja,needs data,needs data
mega million nov 4 2022,50,Baja,needs data,needs data
mega million nov 8 2022,50,Baja,needs data,needs data
mega million numbers 1 13 23,50,Baja,needs data,needs data
mega million numbers for friday july 29th,50,Desconocida,needs data,needs data
mega million numbers for friday the 13th,50,Baja,needs data,needs data
mega million numbers for january 10th,50,Baja,needs data,needs data
mega million numbers for january 13th,500,Baja,needs data,needs data
mega million numbers for january 6th,500,Baja,needs data,needs data
mega million numbers for july 19th 2022,50,Desconocida,needs data,needs data
mega million numbers for july 22nd,500,Baja,needs data,needs data
mega million numbers for july 26 2022,50,Baja,needs data,needs data
mega million numbers for july 26th,50,Desconocida,needs data,needs data
mega million numbers for july 26th 2022,50,Baja,needs data,needs data
mega million numbers for july 29 2022,50,Baja,needs data,needs data
mega million numbers for july 29th,500,Baja,needs data,needs data
mega million numbers for july 29th 2022,50,Baja,needs data,needs data
mega million numbers for last night's drawing,500,Baja,0.03-0.30 USD,needs data
mega million numbers for tuesday night,5000,Baja,0.03-0.31 USD,needs data
mega million numbers for yesterday,5000,Baja,0.03-0.39 USD,needs data
mega million numbers jan 10 2023,50,Baja,needs data,needs data
mega million numbers jan 13 2023,50,Baja,needs data,needs data
mega million numbers jan 3 2023,50,Desconocida,needs data,needs data
mega million numbers jan 6 2023,50,Desconocida,needs data,needs data
mega million numbers july 15 2022,50,Desconocida,needs data,needs data
mega million numbers july 19,50,Desconocida,needs data,needs data
mega million numbers july 19 2022,50,Baja,needs data,needs data
mega million numbers july 22 2022,50,Desconocida,needs data,needs data
mega million numbers july 26,50,Desconocida,needs data,needs data
mega million numbers july 29,50,Desconocida,needs data,needs data
mega million numbers july 29 2022,50,Baja,needs data,needs data
mega million numbers july 29th,50,Desconocida,needs data,needs data
mega million numbers tonight live,500,Baja,0.03-1.18 USD,needs data
mega million overdue numbers,50,Baja,needs data,needs data
mega million payout options,500,Baja,needs data,needs data
mega million result 2022,50,Desconocida,needs data,needs data
mega million result for yesterday,5000,Baja,0.07-0.33 USD,needs data
mega million result today,5000,Baja,0.09-0.39 USD,needs data
mega million results yesterday 2021,50,Desconocida,needs data,needs data
mega million results yesterday 2022,50,Desconocida,needs data,needs data
mega million smart pick,500,Baja,needs data,needs data
mega million statistics,500,Baja,needs data,needs data
mega million ticket numbers,500,Baja,0.04-0.68 USD,needs data
mega million winner 2022,50,Baja,needs data,needs data
mega million winner july 29 2022,50,Baja,needs data,needs data
mega million winner tonight,500,Baja,0.04-0.62 USD,needs data
mega million winners by state,500,Baja,needs data,needs data
mega million winning numbers january 13 2023,50,Desconocida,needs data,needs data
mega million winning numbers july 22 2022,50,Baja,needs data,needs data
mega million winning numbers july 26 2022,50,Baja,needs data,needs data
mega million winning numbers july 29,50,Baja,needs data,needs data
mega million winning numbers july 29 2022,50,Baja,needs data,needs data
mega million yesterday,500,Baja,0.05-0.61 USD,needs data
mega millions 01 03 23,50,Baja,needs data,needs data
mega millions 01 06 23,50,Baja,needs data,needs data
mega millions 01 10 23,50,Baja,needs data,needs data
mega millions 01 13 23,50,Baja,needs data,needs data
mega millions 07 26 22,50,Baja,needs data,needs data
mega millions 07 29 22,50,Baja,needs data,needs data
mega millions 1 10,50,Baja,needs data,needs data
mega millions 1 10 2023,50,Baja,needs data,needs data
mega millions 1 10 23 winning numbers,50,Baja,needs data,needs data
mega millions 1 13,50,Baja,needs data,needs data
mega millions 1 13 2023,50,Desconocida,needs data,needs data
mega millions 1 17 23,50,Desconocida,needs data,needs data
mega millions 1 18 22,50,Desconocida,needs data,needs data
mega millions 1 20 23,50,Desconocida,needs data,needs data
mega millions 1 21 22,50,Baja,needs data,needs data
mega millions 1 24 23,50,Baja,needs data,needs data
mega millions 1 25 22,50,Desconocida,needs data,needs data
mega millions 1 28 22,50,Desconocida,needs data,needs data
mega millions 1 3 2023,50,Desconocida,needs data,needs data
mega millions 1 3 23 winning numbers,50,Baja,needs data,needs data
mega millions 1 6 23,50,Baja,needs data,needs data
mega millions 1 6 23 winning numbers,50,Desconocida,needs data,needs data
mega millions 1 9 23,50,Desconocida,needs data,needs data
mega millions 1 number and mega ball,500,Baja,needs data,needs data
mega millions 1 number match,50,Baja,needs data,needs data
mega millions 10 11 22,50,Baja,needs data,needs data
mega millions 10 14 22,50,Baja,needs data,needs data
mega millions 10 18 22,50,Baja,needs data,needs data
mega millions 10 7 22,50,Desconocida,needs data,needs data
mega millions 11 11 22,50,Desconocida,needs data,needs data
mega millions 11 15 22,50,Desconocida,needs data,needs data
mega millions 11 18 22,50,Desconocida,needs data,needs data
mega millions 11 22 22,50,Baja,needs data,needs data
mega millions 11 25 22,50,Baja,needs data,needs data
mega millions 11 4 22,50,Baja,needs data,needs data
mega millions 11 8 22,50,Desconocida,needs data,needs data
mega millions 12 13 22,50,Baja,needs data,needs data
mega millions 12 16 22,50,Desconocida,needs data,needs data
mega millions 12 2 22,50,Desconocida,needs data,needs data
mega millions 12 20 22,50,Baja,needs data,needs data
mega millions 12 27,50,Baja,needs data,needs data
mega millions 12 27 2022,50,Baja,needs data,needs data
mega millions 12 27 22,50,Baja,needs data,needs data
mega millions 12 27 22 winning numbers,50,Desconocida,needs data,needs data
mega millions 12 30,50,Baja,needs data,needs data
mega millions 12 30 2022,50,Baja,needs data,needs data
mega millions 12 30 22,50,Baja,needs data,needs data
mega millions 12 6 22,50,Desconocida,needs data,needs data
mega millions 12 9 22,50,Desconocida,needs data,needs data
mega millions 2 1 22,50,Desconocida,needs data,needs data
mega millions 2 11 22,50,Desconocida,needs data,needs data
mega millions 2 18 22,50,Desconocida,needs data,needs data
mega millions 2 22 22,50,Desconocida,needs data,needs data
mega millions 2 25 22,50,Desconocida,needs data,needs data
mega millions 2 numbers and mega ball,50,Baja,needs data,needs data
mega millions 2 numbers match,500,Baja,needs data,needs data
mega millions 2 numbers payout,500,Baja,needs data,needs data
mega millions 26 july 2022,50,Desconocida,needs data,needs data
mega millions 29 july 2022,50,Baja,needs data,needs data
mega millions 3 11 22,50,Desconocida,needs data,needs data
mega millions 3 15 22,50,Desconocida,needs data,needs data
mega millions 3 18 22,50,Baja,needs data,needs data
mega millions 3 25 22,50,Desconocida,needs data,needs data
mega millions 3 29 22,50,Desconocida,needs data,needs data
mega millions 3 4 22,50,Baja,needs data,needs data
mega millions 3 8 22,50,Desconocida,needs data,needs data
mega millions 3 numbers payout,500,Baja,needs data,needs data
mega millions 4 1 22,50,Desconocida,needs data,needs data
mega millions 4 12 22,50,Desconocida,needs data,needs data
mega millions 4 15 22,50,Desconocida,needs data,needs data
mega millions 4 19 22,50,Desconocida,needs data,needs data
mega millions 4 22 22,50,Desconocida,needs data,needs data
mega millions 4 26 22,50,Desconocida,needs data,needs data
mega millions 4 29 22,50,Desconocida,needs data,needs data
mega millions 4 5 22,50,Desconocida,needs data,needs data
mega millions 4 8 22,50,Desconocida,needs data,needs data
mega millions 4 numbers,500,Baja,needs data,needs data
mega millions 5 10 22,50,Desconocida,needs data,needs data
mega millions 5 13 22,50,Desconocida,needs data,needs data
mega millions 5 17 22,50,Desconocida,needs data,needs data
mega millions 5 20 22,50,Desconocida,needs data,needs data
mega millions 5 24 22,50,Desconocida,needs data,needs data
mega millions 5 27 22,50,Desconocida,needs data,needs data
mega millions 5 3 22,50,Desconocida,needs data,needs data
mega millions 5 31 22,50,Desconocida,needs data,needs data
mega millions 5 6 22,50,Desconocida,needs data,needs data
mega millions 5 numbers,500,Baja,needs data,needs data
mega millions 5 numbers payout,50,Baja,needs data,needs data
mega millions 6 10 22,50,Desconocida,needs data,needs data
mega millions 6 14 22,50,Desconocida,needs data,needs data
mega millions 6 17 22,50,Baja,needs data,needs data
mega millions 6 21 22,50,Baja,needs data,needs data
mega millions 6 24 22,50,Desconocida,needs data,needs data
mega millions 6 28 22,50,Desconocida,needs data,needs data
mega millions 6 3 22,50,Baja,needs data,needs data
mega millions 6 7 22,50,Desconocida,needs data,needs data
mega millions 7 1 22,50,Desconocida,needs data,needs data
mega millions 7 12 22,50,Baja,needs data,needs data
mega millions 7 19 22,50,Baja,needs data,needs data
mega millions 7 22,50,Desconocida,needs data,needs data
mega millions 7 22 22,50,Baja,needs data,needs data
mega millions 7 22 22 winning numbers,50,Baja,needs data,needs data
mega millions 7 26,50,Desconocida,needs data,needs data
mega millions 7 26 2022,50,Desconocida,needs data,needs data
mega millions 7 26 22 winning numbers,50,Desconocida,needs data,needs data
mega millions 7 29,50,Desconocida,needs data,needs data
mega millions 7 29 2022,50,Baja,needs data,needs data
mega millions 7 29 22,50,Baja,needs data,needs data
mega millions 7 29 22 winning numbers,50,Baja,needs data,needs data
mega millions 7 5 22,50,Desconocida,needs data,needs data
mega millions 7 8 22,50,Desconocida,needs data,needs data
mega millions 8 12 22,50,Baja,needs data,needs data
mega millions 8 16 22,50,Desconocida,needs data,needs data
mega millions 8 19 22,50,Desconocida,needs data,needs data
mega millions 8 2 22,50,Desconocida,needs data,needs data
mega millions 8 23 22,50,Desconocida,needs data,needs data
mega millions 8 26 22,50,Desconocida,needs data,needs data
mega millions 8 30 22,50,Desconocida,needs data,needs data
mega millions 8 5 22,50,Desconocida,needs data,needs data
mega millions 8 9 22,50,Desconocida,needs data,needs data
mega millions 9 13 22,50,Baja,needs data,needs data
mega millions 9 16 22,50,Desconocida,needs data,needs data
mega millions 9 2 22,50,Desconocida,needs data,needs data
mega millions 9 20 22,50,Desconocida,needs data,needs data
mega millions 9 23 22,50,Baja,needs data,needs data
mega millions 9 27 22,50,Desconocida,needs data,needs data
mega millions 9 30 22,50,Desconocida,needs data,needs data
mega millions 9 6 22,50,Desconocida,needs data,needs data
mega millions 9 9 22,50,Desconocida,needs data,needs data
mega millions after taxes,5000,Baja,needs data,needs data
mega millions and powerball numbers,5000,Baja,0.16-0.70 USD,needs data
mega millions annual payout,50,Baja,needs data,needs data
mega millions april 1 2022,50,Baja,needs data,needs data
mega millions april 12 2022,50,Baja,needs data,needs data
mega millions april 15 2022,50,Baja,needs data,needs data
mega millions april 19 2022,50,Desconocida,needs data,needs data
mega millions april 22 2022,50,Desconocida,needs data,needs data
mega millions april 26 2022,50,Desconocida,needs data,needs data
mega millions april 29 2022,50,Baja,needs data,needs data
mega millions april 5 2022,50,Desconocida,needs data,needs data
mega millions april 8 2022,50,Baja,needs data,needs data
mega millions aug 12 2022,50,Desconocida,needs data,needs data
mega millions aug 16 2022,50,Desconocida,needs data,needs data
mega millions aug 19 2022,50,Desconocida,needs data,needs data
mega millions aug 2 2022,50,Desconocida,needs data,needs data
mega millions aug 23 2022,50,Desconocida,needs data,needs data
mega millions aug 26 2022,50,Desconocida,needs data,needs data
mega millions aug 30 2022,50,Desconocida,needs data,needs data
mega millions aug 5 2022,50,Baja,needs data,needs data
mega millions aug 9 2022,50,Desconocida,needs data,needs data
mega millions august 12 2022,50,Desconocida,needs data,needs data
mega millions august 16 2022,50,Baja,needs data,needs data
mega millions august 19 2022,50,Desconocida,needs data,needs data
mega millions august 2 2022,50,Baja,needs data,needs data
mega millions august 23 2022,50,Baja,needs data,needs data
mega millions august 26 2022,50,Baja,needs data,needs data
mega millions august 30 2022,50,Desconocida,needs data,needs data
mega millions august 5 2022,50,Baja,needs data,needs data
mega millions august 9 2022,50,Desconocida,needs data,needs data
mega millions best numbers to pick,500,Baja,needs data,needs data
mega millions best numbers to pick 2021,50,Baja,needs data,needs data
mega millions biggest jackpot,500,Baja,needs data,needs data
mega millions billion winner,50,Baja,needs data,needs data
mega millions cash,500,Baja,needs data,needs data
mega millions cash value today,500,Baja,needs data,needs data
mega millions chances,5000,Baja,0.22-1.92 USD,needs data
mega millions channel,50,Baja,needs data,needs data
mega millions closing time,500,Baja,needs data,needs data
mega millions cost per ticket with megaplier,50,Baja,needs data,needs data
mega millions cutoff,500,Baja,needs data,needs data
mega millions dec 13 2022,50,Desconocida,needs data,needs data
mega millions dec 16 2022,50,Baja,needs data,needs data
mega millions dec 2 2022,50,Desconocida,needs data,needs data
mega millions dec 20 2022,50,Baja,needs data,needs data
mega millions dec 23 2022,50,Desconocida,needs data,needs data
mega millions dec 27,50,Baja,needs data,needs data
mega millions dec 27 2022,50,Baja,needs data,needs data
mega millions dec 30,500,Baja,needs data,needs data
mega millions dec 30 2022,50,Baja,needs data,needs data
mega millions dec 31 2021,50,Baja,needs data,needs data
mega millions dec 6 2022,50,Desconocida,needs data,needs data
mega millions dec 9 2022,50,Desconocida,needs data,needs data
mega millions december 23 2022,50,Desconocida,needs data,needs data
mega millions december 27 2022,50,Baja,needs data,needs data
mega millions december 30 2022,50,Baja,needs data,needs data
mega millions did i win,500,Baja,needs data,needs data
mega millions did someone win,5000,Baja,0.21-2.04 USD,needs data
mega millions do the numbers have to be in order,50,Baja,needs data,needs data
mega millions drawing 1 10 23,50,Desconocida,needs data,needs data
mega millions drawing 1 13 23,50,Desconocida,needs data,needs data
mega millions drawing 1 3 23,0,Desconocida,needs data,needs data
mega millions drawing 1 6 23,50,Desconocida,needs data,needs data
mega millions drawing 12 27 22,50,Desconocida,needs data,needs data
mega millions drawing 12 30 22,50,Desconocida,needs data,needs data
mega millions drawing 2 numbers,50,Baja,needs data,needs data
mega millions drawing 26th,50,Baja,needs data,needs data
mega millions drawing 29th,50,Desconocida,needs data,needs data
mega millions drawing 7 22 22,50,Desconocida,needs data,needs data
mega millions drawing 7 26,50,Desconocida,needs data,needs data
mega millions drawing 7 26 2022,0,Desconocida,needs data,needs data
mega millions drawing 7 29,50,Baja,needs data,needs data
mega millions drawing 7 29 2022,50,Baja,needs data,needs data
mega millions drawing 7 29 22,50,Desconocida,needs data,needs data
mega millions drawing amount,50,Baja,needs data,needs data
mega millions drawing any winners,50,Baja,needs data,needs data
mega millions drawing central time,50,Baja,needs data,needs data
mega millions drawing channel,50,Baja,needs data,needs data
mega millions drawing days of the week,500,Baja,needs data,needs data
mega millions drawing dec 30 2022,50,Desconocida,needs data,needs data
mega millions drawing did anyone win,50,Baja,needs data,needs data
mega millions drawing for july 29 2022,50,Desconocida,needs data,needs data
mega millions drawing friday july 29,0,Desconocida,needs data,needs data
mega millions drawing how to win,50,Baja,needs data,needs data
mega millions drawing jan 13 2023,50,Desconocida,needs data,needs data
mega millions drawing jan 3 2023,50,Desconocida,needs data,needs data
mega millions drawing jan 6 2023,50,Desconocida,needs data,needs data
mega millions drawing january 10 2023,50,Desconocida,needs data,needs data
mega millions drawing july 12 2022,50,Baja,needs data,needs data
mega millions drawing july 15,50,Desconocida,needs data,needs data
mega millions drawing july 19 2022,50,Desconocida,needs data,needs data
mega millions drawing july 22 2022,50,Desconocida,needs data,needs data
mega millions drawing july 26,50,Desconocida,needs data,needs data
mega millions drawing july 26 2022 winning numbers,50,Baja,needs data,needs data
mega millions drawing july 29,50,Desconocida,needs data,needs data
mega millions drawing july 29 2022 numbers,0,Desconocida,needs data,needs data
mega millions drawing july 29 2022 payout,0,Desconocida,needs data,needs data
mega millions drawing july 29 2022 time,0,Desconocida,needs data,needs data
mega millions drawing july 29 2022 winner,0,Desconocida,needs data,needs data
mega millions drawing july 29 2022 winning numbers,50,Desconocida,needs data,needs data
mega millions drawing july 29th,50,Desconocida,needs data,needs data
mega millions drawing live channel,50,Baja,needs data,needs data
mega millions drawing live stream,50,Baja,needs data,needs data
mega millions drawing live tonight,500,Baja,0.55-1.83 USD,needs data
mega millions drawing next drawing,50000,Baja,0.22-1.45 USD,needs data
mega millions drawing numbers today,50,Baja,needs data,needs data
mega millions drawing one number,50,Baja,needs data,needs data
mega millions drawing payout,50,Baja,needs data,needs data
mega millions drawing schedule,500,Baja,needs data,needs data
mega millions drawing time central,50,Baja,needs data,needs data
mega millions drawing time today,500,Baja,needs data,needs data
mega millions drawing time tonight,5000,Baja,0.22-1.65 USD,needs data
mega millions drawing tonight july 26,50,Desconocida,needs data,needs data
mega millions drawing tonight july 29,50,Desconocida,needs data,needs data
mega millions drawing tonight winner,50,Baja,needs data,needs data
mega millions drawing tuesday july 26 2022,50,Desconocida,needs data,needs data
mega millions drawing what days,500,Baja,needs data,needs data
mega millions drawing winner tonight,50,Baja,needs data,needs data
mega millions drawing winning numbers,500,Baja,needs data,needs data
mega millions drawing yesterday,500,Baja,0.17-0.70 USD,needs data
mega millions en vivo,50,Baja,needs data,needs data
mega millions feb 1 2022,50,Baja,needs data,needs data
mega millions feb 11 2022,50,Desconocida,needs data,needs data
mega millions feb 15 2022,50,Desconocida,needs data,needs data
mega millions feb 18 2022,50,Baja,needs data,needs data
mega millions feb 22 2022,50,Desconocida,needs data,needs data
mega millions feb 25 2022,50,Baja,needs data,needs data
mega millions feb 8 2022,50,Baja,needs data,needs data
mega millions for,500,Baja,needs data,needs data
mega millions for friday night,500,Baja,0.06-0.50 USD,needs data
mega millions for july 22 2022,50,Desconocida,needs data,needs data
mega millions for july 26 2022,50,Baja,needs data,needs data
mega millions for july 29 2022,50,Desconocida,needs data,needs data
mega millions for july 29th,500,Baja,needs data,needs data
mega millions frequent numbers,500,Baja,needs data,needs data
mega millions friday 13th 2023,50,Baja,needs data,needs data
mega millions friday january 13 2023,50,Baja,needs data,needs data
mega millions friday january 6 2023,50,Desconocida,needs data,needs data
mega millions friday july 22,50,Desconocida,needs data,needs data
mega millions friday july 22 2022,50,Desconocida,needs data,needs data
mega millions friday july 29 2022,50,Baja,needs data,needs data
mega millions highest jackpot,5000,Baja,needs data,needs data
mega millions historical numbers,5000,Baja,needs data,needs data
mega millions jackpot 2022,50,Desconocida,needs data,needs data
mega millions jackpot drawing days,500,Baja,needs data,needs data
mega millions jackpot drawing time,50,Baja,needs data,needs data
mega millions jackpot lottery winner,50000,Baja,0.63-2.80 USD,needs data
mega millions jackpot numbers today,500,Baja,needs data,needs data
mega millions jackpot odds,5000,Baja,needs data,needs data
mega millions jackpot today time,50,Baja,needs data,needs data
mega millions jackpot winning ticket,50,Baja,needs data,needs data
mega millions jan 10,50,Baja,needs data,needs data
mega millions jan 10 2023 numbers,50,Baja,needs data,needs data
mega millions jan 11 2022,50,Desconocida,needs data,needs data
mega millions jan 13,500,Baja,needs data,needs data
mega millions jan 13 2023 numbers,50,Baja,needs data,needs data
mega millions jan 14 2022,50,Baja,needs data,needs data
mega millions jan 17 2023,50,Baja,needs data,needs data
mega millions jan 18 2022,50,Baja,needs data,needs data
mega millions jan 20 2023,50,Baja,needs data,needs data
mega millions jan 21 2022,50,Baja,needs data,needs data
mega millions jan 22,50,Baja,needs data,needs data
mega millions jan 22 2021,50,Baja,needs data,needs data
mega millions jan 25 2022,50,Baja,needs data,needs data
mega millions jan 28 2022,50,Desconocida,needs data,needs data
mega millions jan 3,50,Baja,needs data,needs data
mega millions jan 3 2023 numbers,50,Desconocida,needs data,needs data
mega millions jan 4 2022,50,Baja,needs data,needs data
mega millions jan 6,500,Baja,needs data,needs data
mega millions jan 7 2022,50,Desconocida,needs data,needs data
mega millions january 10,50,Baja,needs data,needs data
mega millions january 13 2023,50,Baja,needs data,needs data
mega millions january 13th,500,Baja,needs data,needs data
mega millions january 25 2022,50,Baja,needs data,needs data
mega millions january 28 2022,50,Desconocida,needs data,needs data
mega millions january 3 2023,50,Baja,needs data,needs data
mega millions january 6 2023,50,Baja,needs data,needs data
mega millions january 6th,500,Baja,needs data,needs data
mega millions july 1,500,Baja,needs data,needs data
mega millions july 1 2022,50,Baja,needs data,needs data
mega millions july 12,50,Baja,needs data,needs data
mega millions july 12 2022,50,Baja,needs data,needs data
mega millions july 12 2022 winning numbers,50,Desconocida,needs data,needs data
mega millions july 15 2022,50,Baja,needs data,needs data
mega millions july 15 2022 winning numbers,50,Desconocida,needs data,needs data
mega millions july 19,50,Baja,needs data,needs data
mega millions july 19 2022,50,Baja,needs data,needs data
mega millions july 19 2022 winning numbers,50,Desconocida,needs data,needs data
mega millions july 22,500,Baja,needs data,needs data
mega millions july 22 2022 numbers,50,Desconocida,needs data,needs data
mega millions july 22 2022 winning numbers,50,Baja,needs data,needs data
mega millions july 26 2022 numbers,50,Desconocida,needs data,needs data
mega millions july 26 2022 winning numbers,50,Baja,needs data,needs data
mega millions july 26th 2022,50,Desconocida,needs data,needs data
mega millions july 27 2022 winning numbers,50,Desconocida,needs data,needs data
mega millions july 28 2022,50,Baja,needs data,needs data
mega millions july 28 2022 winning numbers,50,Desconocida,needs data,needs data
mega millions july 29 2022 numbers,50,Baja,needs data,needs data
mega millions july 29 2022 winner,50,Baja,needs data,needs data
mega millions july 29 2022 winning numbers,50,Baja,needs data,needs data
mega millions july 29th 2022,50,Baja,needs data,needs data
mega millions july 5,50,Baja,needs data,needs data
mega millions july 5 2022,50,Baja,needs data,needs data
mega millions july 5 2022 winning numbers,50,Desconocida,needs data,needs data
mega millions july 8,500,Baja,needs data,needs data
mega millions july 8 2022,50,Desconocida,needs data,needs data
mega millions july 8 2022 winning numbers,50,Desconocida,needs data,needs data
mega millions june 10 2022,50,Desconocida,needs data,needs data
mega millions june 14,50,Desconocida,needs data,needs data
mega millions june 14 2022,50,Desconocida,needs data,needs data
mega millions june 17 2022,50,Baja,needs data,needs data
mega millions june 21 2022,50,Baja,needs data,needs data
mega millions june 24,500,Baja,needs data,needs data
mega millions june 24 2022,50,Baja,needs data,needs data
mega millions june 28,50,Desconocida,needs data,needs data
mega millions june 28 2022,50,Baja,needs data,needs data
mega millions june 7 2022,50,Desconocida,needs data,needs data
mega millions just the jackpot,50,Baja,needs data,needs data
mega millions last 10 drawings,500,Baja,needs data,needs data
mega millions last 25 drawings,500,Baja,needs data,needs data
mega millions last winning numbers,500,Baja,0.13-0.50 USD,needs data
mega millions live drawing online,50,Desconocida,needs data,needs data
mega millions lottery numbers for tonight,5000,Baja,0.10-0.69 USD,needs data
mega millions lottery numbers last night,50,Baja,needs data,needs data
mega millions march 1 2022,50,Baja,needs data,needs data
mega millions march 11 2022,50,Desconocida,needs data,needs data
mega millions march 15 2022,50,Baja,needs data,needs data
mega millions march 18 2022,50,Baja,needs data,needs data
mega millions march 22 2022,50,Baja,needs data,needs data
mega millions march 25 2022,50,Desconocida,needs data,needs data
mega millions march 29 2022,50,Baja,needs data,needs data
mega millions march 4 2022,50,Baja,needs data,needs data
mega millions march 8 2022,50,Baja,needs data,needs data
mega millions may 10 2022,50,Desconocida,needs data,needs data
mega millions may 13 2022,50,Desconocida,needs data,needs data
mega millions may 17 2022,50,Baja,needs data,needs data
mega millions may 20 2022,50,Baja,needs data,needs data
mega millions may 24 2022,50,Baja,needs data,needs data
mega millions may 27 2022,50,Desconocida,needs data,needs data
mega millions may 3 2022,50,Desconocida,needs data,needs data
mega millions may 31 2022,50,Baja,needs data,needs data
mega millions may 6 2022,50,Desconocida,needs data,needs data
mega millions mega ball only,500,Baja,needs data,needs data
mega millions mega number only,500,Baja,needs data,needs data
mega millions megaplier numbers,50,Baja,needs data,needs data
mega millions most common numbers,5000,Baja,needs data,needs data
mega millions most drawn numbers,500,Baja,needs data,needs data
mega millions most winning numbers,500,Baja,needs data,needs data
mega millions nc lottery,5000,Baja,0.03-0.22 USD,needs data
mega millions nc next drawing,500,Baja,0.10-0.59 USD,needs data
mega millions next drawing 2022 amount,50,Desconocida,needs data,needs data
mega millions next drawing 2022 time,50,Desconocida,needs data,needs data
mega millions next drawing time,50,Baja,needs data,needs data
mega millions no winner,50,Baja,needs data,needs data
mega millions nov 1 2022,50,Baja,needs data,needs data
mega millions nov 11 2022,50,Baja,needs data,needs data
mega millions nov 15 2022,50,Desconocida,needs data,needs data
mega millions nov 18 2022,50,Desconocida,needs data,needs data
mega millions nov 2 2022,50,Desconocida,needs data,needs data
mega millions nov 22 2022,50,Baja,needs data,needs data
mega millions nov 25 2022,50,Desconocida,needs data,needs data
mega millions nov 29 2022,50,Baja,needs data,needs data
mega millions nov 5 2022,50,Baja,needs data,needs data
mega millions nov 8,50,Baja,needs data,needs data
mega millions november 22 2022,50,Desconocida,needs data,needs data
mega millions november 4 2022,50,Desconocida,needs data,needs data
mega millions november 8 2022,50,Desconocida,needs data,needs data
mega millions number july 26 2022,50,Baja,needs data,needs data
mega millions number july 29,50,Desconocida,needs data,needs data
mega millions numbers 1 10 23,50,Desconocida,needs data,needs data
mega millions numbers 1 13 23,50,Baja,needs data,needs data
mega millions numbers 10 14 22,50,Desconocida,needs data,needs data
mega millions numbers 12 27 22,50,Baja,needs data,needs data
mega millions numbers 12 30 22,50,Baja,needs data,needs data
mega millions numbers 7 22 22,50,Desconocida,needs data,needs data
mega millions numbers 7 26 22,50,Desconocida,needs data,needs data
mega millions numbers 7 29 2022,50,Baja,needs data,needs data
mega millions numbers 7 29 22,50,Baja,needs data,needs data
mega millions numbers dec 30 2022,50,Baja,needs data,needs data
mega millions numbers did anyone win,50,Baja,needs data,needs data
mega millions numbers drawing time,50,Baja,needs data,needs data
mega millions numbers for 1 10 23,50,Baja,needs data,needs data
mega millions numbers for 1 13 23,50,Desconocida,needs data,needs data
mega millions numbers for 7 29 22,50,Desconocida,needs data,needs data
mega millions numbers for 921,50,Desconocida,needs data,needs data
mega millions numbers for january 10 2023,50,Desconocida,needs data,needs data
mega millions numbers for july 19 2022,50,Desconocida,needs data,needs data
mega millions numbers for july 22 2022,50,Desconocida,needs data,needs data
mega millions numbers for july 26 2022,50,Baja,needs data,needs data
mega millions numbers for july 26th 2022,50,Baja,needs data,needs data
mega millions numbers for july 29,500,Baja,needs data,needs data
mega millions numbers for july 29 2022,50,Baja,needs data,needs data
mega millions numbers for july 29th,500,Baja,needs data,needs data
mega millions numbers for july 29th 2022,50,Baja,needs data,needs data
mega millions numbers for last night's drawing,50,Baja,needs data,needs data
mega millions numbers jan 10 2023,50,Baja,needs data,needs data
mega millions numbers jan 3 2023,50,Desconocida,needs data,needs data
mega millions numbers jan 6 2023,50,Desconocida,needs data,needs data
mega millions numbers july 1 2022,50,Desconocida,needs data,needs data
mega millions numbers july 12 2022,50,Desconocida,needs data,needs data
mega millions numbers july 15 2022,50,Desconocida,needs data,needs data
mega millions numbers july 19 2022,50,Baja,needs data,needs data
mega millions numbers july 22,500,Baja,needs data,needs data
mega millions numbers july 22 2022,50,Desconocida,needs data,needs data
mega millions numbers july 25 2022,50,Desconocida,needs data,needs data
mega millions numbers july 27 2022,50,Desconocida,needs data,needs data
mega millions numbers july 28 2022,50,Desconocida,needs data,needs data
mega millions numbers july 29,50,Desconocida,needs data,needs data
mega millions numbers july 29 2022,50,Baja,needs data,needs data
mega millions numbers july 5 2022,50,Desconocida,needs data,needs data
mega millions numbers july 8 2022,50,Desconocida,needs data,needs data
mega millions numbers june 28 2022,50,Desconocida,needs data,needs data
mega millions numbers last 12 months,50,Desconocida,needs data,needs data
mega millions numbers last night drawing,500,Baja,needs data,needs data
mega millions numbers live,50,Baja,needs data,needs data
mega millions numbers nov 4 2022,50,Baja,needs data,needs data
mega millions numbers oct 14 2022,50,Desconocida,needs data,needs data
mega millions numbers payout,500,Baja,needs data,needs data
mega millions numbers to choose from,50,Baja,needs data,needs data
mega millions numbers tonight live drawing,50,Baja,needs data,needs data
mega millions oct 11 2022,50,Baja,needs data,needs data
mega millions oct 14 2022,50,Baja,needs data,needs data
mega millions oct 21 2022,50,Baja,needs data,needs data
mega millions oct 25 2022,50,Baja,needs data,needs data
mega millions oct 28 2022,50,Baja,needs data,needs data
mega millions oct 4 2022,50,Desconocida,needs data,needs data
mega millions oct 7 2022,50,Baja,needs data,needs data
mega millions october 11 2022,50,Desconocida,needs data,needs data
mega millions october 14 2022,50,Desconocida,needs data,needs data
mega millions october 4 2022,50,Desconocida,needs data,needs data
mega millions one number,5000,Baja,needs data,needs data
mega millions one number and mega ball,500,Baja,needs data,needs data
mega millions one number match,500,Baja,needs data,needs data
mega millions past,500,Baja,0.23-1.05 USD,needs data
mega millions past winners,500,Baja,needs data,needs data
mega millions payout by state,500,Baja,needs data,needs data
mega millions payout schedule,500,Baja,needs data,needs data
mega millions phone number,500,Baja,needs data,needs data
mega millions power play,500,Baja,needs data,needs data
mega millions powerball winning numbers,500,Baja,0.08-0.98 USD,needs data
mega millions previous winning numbers,500,Baja,0.18-1.37 USD,needs data
mega millions price per ticket,500,Baja,needs data,needs data
mega millions que dias se juega,500,Baja,needs data,needs data
mega millions random numbers,500,Baja,needs data,needs data
mega millions recent numbers,5000,Baja,0.04-0.50 USD,needs data
mega millions reddit,500,Baja,needs data,needs data
mega millions results 2021,50,Baja,needs data,needs data
mega millions saturday,500,Baja,0.10-0.64 USD,needs data
mega millions sept 13 2022,50,Baja,needs data,needs data
mega millions sept 16 2022,50,Desconocida,needs data,needs data
mega millions sept 2 2022,50,Desconocida,needs data,needs data
mega millions sept 20 2022,50,Desconocida,needs data,needs data
mega millions sept 23 2022,50,Desconocida,needs data,needs data
mega millions sept 27 2022,50,Baja,needs data,needs data
mega millions sept 30 2022,50,Baja,needs data,needs data
mega millions sept 6 2022,50,Desconocida,needs data,needs data
mega millions sept 9 2022,50,Baja,needs data,needs data
mega millions states involved,50,Baja,needs data,needs data
mega millions states that don t play,50,Baja,needs data,needs data
mega millions strategy,50,Baja,needs data,needs data
mega millions tuesday january 10 2023,50,Desconocida,needs data,needs data
mega millions twitter,50,Baja,needs data,needs data
mega millions two numbers,5000,Baja,needs data,needs data
mega millions unclaimed,500,Baja,needs data,needs data
mega millions was there a winner,500,Baja,needs data,needs data
mega millions what time is the drawing,5000,Baja,0.53-2.36 USD,needs data
mega millions when,500,Baja,needs data,needs data
mega millions winner 2022,50,Baja,needs data,needs data
mega millions winner 2023,50,Baja,needs data,needs data
mega millions winner jan 13 2023,50,Desconocida,needs data,needs data
mega millions winner july 22 2022,50,Desconocida,needs data,needs data
mega millions winner july 26 2022,50,Desconocida,needs data,needs data
mega millions winner july 29 2022,50,Baja,needs data,needs data
mega millions winners 2021,50,Baja,needs data,needs data
mega millions winners 2022 july 29,0,Desconocida,needs data,needs data
mega millions winners list,500,Baja,needs data,needs data
mega millions winning numbers 1 10 23,50,Baja,needs data,needs data
mega millions winning numbers 1 13 23,50,Baja,needs data,needs data
mega millions winning numbers 12 30 22,50,Desconocida,needs data,needs data
mega millions winning numbers 2022,50,Baja,needs data,needs data
mega millions winning numbers 7 26,50,Desconocida,needs data,needs data
mega millions winning numbers 7 26 22,50,Baja,needs data,needs data
mega millions winning numbers 7 29,50,Desconocida,needs data,needs data
mega millions winning numbers 7 29 2022,50,Desconocida,needs data,needs data
mega millions winning numbers 7 29 22,50,Baja,needs data,needs data
mega millions winning numbers august 2 2022,50,Desconocida,needs data,needs data
mega millions winning numbers dec 27,50,Baja,needs data,needs data
mega millions winning numbers for july 29 2022,50,Baja,needs data,needs data
mega millions winning numbers jan 10 2023,50,Desconocida,needs data,needs data
mega millions winning numbers jan 3 2023,50,Desconocida,needs data,needs data
mega millions winning numbers july 12 2022,50,Baja,needs data,needs data
mega millions winning numbers july 15 2022,50,Desconocida,needs data,needs data
mega millions winning numbers july 19 2022,50,Desconocida,needs data,needs data
mega millions winning numbers july 22 2022,50,Baja,needs data,needs data
mega millions winning numbers july 26,50,Desconocida,needs data,needs data
mega millions winning numbers july 29,50,Baja,needs data,needs data
mega millions winning numbers july 29 2022,50,Baja,needs data,needs data
mega millions winning numbers last 10 draws,50,Baja,needs data,needs data
mega millions winning numbers next drawing,50,Baja,needs data,needs data
mega millions winning numbers tonight 2022,50,Desconocida,needs data,needs data
mega millions winning options,50,Baja,needs data,needs data
mega millions won,500,Baja,needs data,needs data
mega money numbers,50,Baja,needs data,needs data
mega money winning numbers,50,Baja,needs data,needs data
mega multiplier ct lottery winners,50,Baja,needs data,needs data
mega numbers 1 10 23,50,Desconocida,needs data,needs data
mega numbers for today,5000,Baja,0.09-0.60 USD,needs data
mega numbers for tuesday,5000,Baja,0.07-0.50 USD,needs data
mega numbers july 22 2022,50,Desconocida,needs data,needs data
mega numbers july 26 2022,50,Desconocida,needs data,needs data
mega numbers july 29 2022,50,Desconocida,needs data,needs data
mega past winning numbers,50000,Baja,0.14-0.62 USD,needs data
mega payout,500,Baja,needs data,needs data
mega pick,50,Baja,needs data,needs data
mega power results,50,Baja,needs data,needs data
mega today,500,Baja,needs data,needs data
mega win 2022,0,Desconocida,needs data,needs data
mega winner last night,500,Baja,0.14-0.40 USD,needs data
mega winning numbers july 29 2022,50,Desconocida,needs data,needs data
mega winning numbers today,5000,Baja,0.04-0.60 USD,needs data
megaball 2022,50,Baja,needs data,needs data
megaball july 29 2022,50,Desconocida,needs data,needs data
megabucks doubler,5000,Baja,needs data,needs data
megabucks numbers from last night,5000,Baja,0.02-0.17 USD,needs data
megamilion result,50,Baja,needs data,needs data
megamillion days,500,Baja,needs data,needs data
megamillion drawing live,50,Baja,needs data,needs data
megamillion drawing time,50,Baja,needs data,needs data
megamillion drawing tonight,50,Baja,needs data,needs data
megamillion jan 10,50,Desconocida,needs data,needs data
megamillion july 29 2022,50,Desconocida,needs data,needs data
megamillion numbers today,5000,Baja,0.09-0.60 USD,needs data
megamillion past winning numbers,50000,Baja,0.14-0.62 USD,needs data
megamillion payout,500,Baja,needs data,needs data
megamillion winner,50000,Baja,0.15-0.65 USD,needs data
megamillion winners,50,Baja,needs data,needs data
megamillions 7 29 22,50,Desconocida,needs data,needs data
megamillions august 2 2022,0,Desconocida,needs data,needs data
megamillions august 5 2022,0,Desconocida,needs data,needs data
megamillions com,5000,Baja,0.34-1.60 USD,needs data
megamillions com home,50,Baja,needs data,needs data
megamillions days,500,Baja,needs data,needs data
megamillions drawing days,50,Baja,needs data,needs data
megamillions home page,5000,Baja,0.22-1.33 USD,needs data
megamillions how to win,5000,Baja,0.35-7.75 USD,needs data
megamillions jan 6,50,Baja,needs data,needs data
megamillions july 1 2022,50,Desconocida,needs data,needs data
megamillions july 12 2022,50,Baja,needs data,needs data
megamillions july 15,500,Desconocida,needs data,needs data
megamillions july 15 2022,50,Baja,needs data,needs data
megamillions july 19 2022,50,Baja,needs data,needs data
megamillions july 29 2022 numbers,50,Baja,needs data,needs data
megamillions july 29 2022 payouts,50,Desconocida,needs data,needs data
megamillions july 29 2022 winner,0,Desconocida,needs data,needs data
megamillions july 29 2022 winning numbers,0,Desconocida,needs data,needs data
megamillions july 5 2022,0,Desconocida,needs data,needs data
megamillions july 8 2022,0,Desconocida,needs data,needs data
megamillions june 14 2022,0,Desconocida,needs data,needs data
megamillions june 17 2022,50,Baja,needs data,needs data
megamillions june 21 2022,50,Desconocida,needs data,needs data
megamillions june 24 2022,0,Desconocida,needs data,needs data
megamillions november 8 2022,50,Desconocida,needs data,needs data
megamillions winners,50,Baja,needs data,needs data
megamillions winning numbers today,50,Baja,needs data,needs data
megan million official,500,Baja,needs data,needs data
megaplier winning numbers,50,Baja,needs data,needs data
michael j weirsky,500,Baja,needs data,needs data
michael j weirsky lottery winner,50,Baja,needs data,needs data
michael weirsky,500,Baja,needs data,needs data
michael weirsky lottery winner,50,Baja,needs data,needs data
michigan lottery 3 digit,5000,Baja,0.01-0.06 USD,needs data
michigan lottery 4 digit,50000,Baja,0.01-0.05 USD,needs data
michigan lottery daily 4,50000,Baja,0.01-0.05 USD,needs data
michigan lottery winning numbers,50000,Baja,25.21-173.21 USD,needs data
michiganlottery com,5000,Baja,0.23-2.96 USD,needs data
midday 3 digit,50000,Baja,0.01-0.06 USD,needs data
midday play 3,5000,Baja,needs data,needs data
midday play 4,5000,Baja,needs data,needs data
mike j weirsky,50,Baja,needs data,needs data
mike weirsky,5000,Baja,needs data,needs data
mike weirsky lottery,500,Baja,needs data,needs data
mike weirsky lottery winner,500,Baja,needs data,needs data
million dollar lottery winner,500,Baja,needs data,needs data
million in numbers,500,Baja,needs data,needs data
million winning numbers,500,Baja,needs data,needs data
millions numbers,5000,Baja,0.09-0.46 USD,needs data
millions winner,500,Baja,4.66-21.14 USD,needs data
minnesota lottery results,5000,Baja,needs data,needs data
mississippi power ball,50000,Baja,needs data,needs data
missouri lottery results,50000,Baja,needs data,needs data
missouri lottery winning numbers,50000,Baja,needs data,needs data
mn lottery daily 3,5000,Baja,needs data,needs data
molottery com,5000,Baja,needs data,needs data
monday night powerball,500,Baja,needs data,needs data
monday powerball drawing,500,Baja,0.11-0.45 USD,needs data
most common mega ball numbers,5000,Baja,needs data,needs data
most common mega millions numbers 2022,50,Baja,needs data,needs data
most frequent mega millions numbers,5000,Baja,needs data,needs data
most picked mega million numbers,5000,Baja,needs data,needs data
most popular mega millions numbers,5000,Baja,needs data,needs data
most recent mega millions numbers,500,Baja,0.14-0.52 USD,needs data
mrs mavis wanczyk,50,Baja,needs data,needs data
ms lottery match 5,500,Baja,needs data,needs data
ms lottery mega millions,50,Baja,needs data,needs data
ms lottery powerball,500,Baja,needs data,needs data
mslotteryhome com mega millions,50,Baja,needs data,needs data
my play win 4,50,Baja,needs data,needs data
nc education lottery mega millions,5000,Baja,0.03-0.22 USD,needs data
nc education lottery powerball,50000,Baja,0.03-0.24 USD,needs data
nc lottery cash 5,50000,Baja,0.02-0.14 USD,needs data
nc lottery com,5000,Baja,0.13-3.60 USD,needs data
nc lottery homepage,5000,Baja,0.02-0.46 USD,needs data
nc lottery mega,5000,Baja,0.03-0.22 USD,needs data
nc lottery mega million,5000,Baja,0.03-0.22 USD,needs data
nc lottery mega millions numbers,500,Baja,0.03-0.17 USD,needs data
nc lottery mega millions winning numbers,500,Baja,0.03-0.17 USD,needs data
nc lottery numbers,50000,Baja,0.02-0.42 USD,needs data
nc lottery pick 3,500000,Baja,0.04-0.38 USD,needs data
nc lottery pick 3 evening,5000,Baja,0.08-0.99 USD,needs data
nc lottery pick 4,500000,Baja,0.03-0.29 USD,needs data
nc lottery post,50000,Baja,1.78-13.89 USD,needs data
nc lottery results,500000,Baja,0.02-0.31 USD,needs data
nc lottery results post,5000,Baja,needs data,needs data
nc lottery results winning numbers,50000,Baja,0.02-0.42 USD,needs data
nc lottery ticket,5000,Baja,4.45-14.58 USD,needs data
nc lottery winning numbers,500000,Baja,0.02-0.31 USD,needs data
nc lotto,50000,Baja,0.06-1.18 USD,needs data
nc pick 4 past drawings,50000,Baja,0.09-0.69 USD,needs data
nc scratch off,5000,Baja,3.66-10.40 USD,needs data
nceducationlottery com mega millions,500,Baja,0.10-1.00 USD,needs data
ncel powerball,5000,Baja,0.03-0.24 USD,needs data
ncpowerball,5000000,Baja,0.14-0.80 USD,needs data
nelottery powerball,500,Baja,1.59-3.31 USD,needs data
new win lotto,50,Baja,needs data,needs data
next estimated powerball jackpot,500,Baja,needs data,needs data
next mega ball drawing,500,Baja,0.21-2.03 USD,needs data
night drawing,5000,Baja,needs data,needs data
njlottery com,5000,Baja,0.44-7.88 USD,needs data
north carolina education lottery results,500000,Baja,0.02-0.31 USD,needs data
north carolina lottery drawing,5000,Baja,0.05-2.06 USD,needs data
northstar cash,500,Baja,needs data,needs data
nov 5 powerball,500,Baja,needs data,needs data
nov 7 powerball,50,Baja,needs data,needs data
nov 7 powerball numbers,50,Baja,needs data,needs data
number result,5000,Baja,0.14-0.22 USD,needs data
numbers most likely to win mega millions 2021,50,Baja,needs data,needs data
odds of winning mega millions jackpot,500,Baja,needs data,needs data
odds of winning powerball jackpot,5000,Baja,needs data,needs data
official lotto results,50,Baja,needs data,needs data
ohiolottery com,50000,Baja,1.36-3.60 USD,needs data
ok google powerball,50,Baja,needs data,needs data
ok lottery powerball,50000,Baja,needs data,needs data
oklahoma lottery numbers,5000,Baja,needs data,needs data
oklahoma lottery winning numbers,5000,Baja,needs data,needs data
old lottery result,50,Baja,needs data,needs data
one number and mega ball,500,Baja,needs data,needs data
one number plus mega ball,500,Baja,needs data,needs data
p0werball result,50,Baja,needs data,needs data
palmetto cash 5,50000,Baja,needs data,needs data
palottery com,50000,Baja,0.56-2.94 USD,needs data
past illinois lottery numbers,5000,Baja,needs data,needs data
past lotto results,5000,Baja,needs data,needs data
past mega millions numbers 2022,50,Baja,needs data,needs data
past powerball,500,Baja,needs data,needs data
past powerball numbers 2021,50,Baja,needs data,needs data
past powerball winners,5000,Baja,needs data,needs data
pay out on mega millions,50,Baja,needs data,needs data
pick 3 and pick 4,50000,Baja,0.16-12.98 USD,needs data
pick 3 day,50000,Baja,0.19-3.17 USD,needs data
pick 3 night,50000,Baja,0.15-0.74 USD,needs data
pick 3 pick 4,50000,Baja,0.16-12.98 USD,needs data
pick 3 pick 4 lottery,50000,Baja,needs data,needs data
pick 3 pick 4 midday,50000,Baja,0.01-2.32 USD,needs data
pick 3 pick 4 winning numbers,5000,Baja,0.24-0.55 USD,needs data
pick 3 texas,500000,Baja,needs data,needs data
pick 3 winning numbers for tonight,5000,Baja,0.09-0.48 USD,needs data
pick 4 night,5000,Baja,0.17-0.45 USD,needs data
pick 4 past winning numbers,50000,Baja,needs data,needs data
pick 5 numbers,5000,Baja,0.13-0.56 USD,needs data
pick 5 winning numbers,5000,Baja,0.11-0.65 USD,needs data
play 3 night,50000,Baja,0.34-8.49 USD,needs data
play 4 lotto,5000,Baja,0.30-2.34 USD,needs data
play 4 night,50000,Baja,0.21-26.15 USD,needs data
play indiana lottery result,50,Desconocida,needs data,needs data
play win lucky 3,50,Desconocida,needs data,needs data
power ball 11 5 22,50,Desconocida,needs data,needs data
power ball 11 7 22,50,Baja,needs data,needs data
power ball 2022,50,Baja,needs data,needs data
power ball and power plus results,500,Baja,0.30-0.40 USD,needs data
power ball and powerball plus results,50,Desconocida,needs data,needs data
power ball aug 13 2022,0,Desconocida,needs data,needs data
power ball august 27 2022,0,Desconocida,needs data,needs data
power ball double play,50000,Baja,0.13-3.67 USD,needs data
power ball drawing for today,5000,Baja,0.13-0.59 USD,needs data
power ball drawing nov 7,0,Desconocida,needs data,needs data
power ball drawing november 7,0,Desconocida,needs data,needs data
power ball drawing oct 29,50,Desconocida,needs data,needs data
power ball drawing oct 30,0,Desconocida,needs data,needs data
power ball drawing oct 31 2022,0,Desconocida,needs data,needs data
power ball drawing today,5000,Baja,0.13-0.59 USD,needs data
power ball july 11 2022,0,Desconocida,needs data,needs data
power ball july 16 2022,0,Desconocida,needs data,needs data
power ball july 2 2022,0,Desconocida,needs data,needs data
power ball july 20 2022,50,Baja,needs data,needs data
power ball july 22 2022,0,Desconocida,needs data,needs data
power ball july 23 2022,50,Desconocida,needs data,needs data
power ball july 25 2022,0,Desconocida,needs data,needs data
power ball july 30,500,Baja,needs data,needs data
power ball july 30 2022,50,Desconocida,needs data,needs data
power ball july 9 2022,50,Desconocida,needs data,needs data
power ball june 1 2022,0,Desconocida,needs data,needs data
power ball june 15 2022,0,Desconocida,needs data,needs data
power ball june 18 2022,0,Desconocida,needs data,needs data
power ball june 20 2022,0,Desconocida,needs data,needs data
power ball june 22 2022,50,Baja,needs data,needs data
power ball june 25 2022,0,Desconocida,needs data,needs data
power ball june 27 2022,0,Desconocida,needs data,needs data
power ball june 29 2022,0,Desconocida,needs data,needs data
power ball june 4,500,Baja,needs data,needs data
power ball june 8 2022,0,Desconocida,needs data,needs data
power ball may 21 2022,0,Desconocida,needs data,needs data
power ball may 23 2022,0,Desconocida,needs data,needs data
power ball may 28,500,Baja,needs data,needs data
power ball nov 5,500,Baja,needs data,needs data
power ball nov 7,50,Baja,needs data,needs data
power ball nov 7 2022,0,Desconocida,needs data,needs data
power ball odds,5000,Baja,0.41-3.71 USD,needs data
power play meaning lottery,50,Baja,needs data,needs data
powerball 1 11 23,50,Baja,needs data,needs data
powerball 1 14 23,50,Desconocida,needs data,needs data
powerball 1 18 23,50,Baja,needs data,needs data
powerball 1 2 23,50,Desconocida,needs data,needs data
powerball 1 21 23,50,Baja,needs data,needs data
powerball 1 22 22,50,Desconocida,needs data,needs data
powerball 1 25 23,50,Desconocida,needs data,needs data
powerball 1 26 22,50,Desconocida,needs data,needs data
powerball 1 29 22,50,Desconocida,needs data,needs data
powerball 10 1 22,50,Baja,needs data,needs data
powerball 10 10 22,50,Desconocida,needs data,needs data
powerball 10 12 22,50,Desconocida,needs data,needs data
powerball 10 15 22,50,Desconocida,needs data,needs data
powerball 10 17 22,50,Baja,needs data,needs data
powerball 10 19 22,50,Desconocida,needs data,needs data
powerball 10 22 22,50,Baja,needs data,needs data
powerball 10 24 22,50,Baja,needs data,needs data
powerball 10 26 22,50,Baja,needs data,needs data
powerball 10 29,50,Baja,needs data,needs data
powerball 10 29 2022,50,Desconocida,needs data,needs data
powerball 10 29 22,50,Baja,needs data,needs data
powerball 10 31,50,Baja,needs data,needs data
powerball 10 31 2022,50,Baja,needs data,needs data
powerball 10 31 22,50,Baja,needs data,needs data
powerball 11 02 22,50,Baja,needs data,needs data
powerball 11 05 2022,50,Baja,needs data,needs data
powerball 11 05 22,50,Baja,needs data,needs data
powerball 11 07 2022,50,Baja,needs data,needs data
powerball 11 07 22,50,Baja,needs data,needs data
powerball 11 12 22,50,Desconocida,needs data,needs data
powerball 11 14 22,50,Desconocida,needs data,needs data
powerball 11 16 22,50,Desconocida,needs data,needs data
powerball 11 19 22,50,Baja,needs data,needs data
powerball 11 2,50,Baja,needs data,needs data
powerball 11 2 2022,50,Desconocida,needs data,needs data
powerball 11 2 22,50,Baja,needs data,needs data
powerball 11 23 22,50,Desconocida,needs data,needs data
powerball 11 26 22,50,Baja,needs data,needs data
powerball 11 30 22,50,Desconocida,needs data,needs data
powerball 11 4 22,50,Desconocida,needs data,needs data
powerball 11 5,50,Baja,needs data,needs data
powerball 11 5 2022,50,Baja,needs data,needs data
powerball 11 7,50,Desconocida,needs data,needs data
powerball 11 7 2022,50,Baja,needs data,needs data
powerball 11 7 22,50,Baja,needs data,needs data
powerball 11 8 22,50,Desconocida,needs data,needs data
powerball 11 9 22,50,Desconocida,needs data,needs data
powerball 11 february 2022,0,Desconocida,needs data,needs data
powerball 12 10 22,50,Desconocida,needs data,needs data
powerball 12 12 22,50,Desconocida,needs data,needs data
powerball 12 14 22,50,Desconocida,needs data,needs data
powerball 12 17 22,50,Baja,needs data,needs data
powerball 12 19 22,50,Baja,needs data,needs data
powerball 12 24 22,50,Desconocida,needs data,needs data
powerball 12 3 22,50,Desconocida,needs data,needs data
powerball 12 31 22,50,Baja,needs data,needs data
powerball 2 12 22,50,Desconocida,needs data,needs data
powerball 2 19 22,50,Desconocida,needs data,needs data
powerball 2 2 22,50,Baja,needs data,needs data
powerball 2 23 22,50,Baja,needs data,needs data
powerball 2 26 22,50,Baja,needs data,needs data
powerball 2 5 22,50,Baja,needs data,needs data
powerball 2 9 22,50,Desconocida,needs data,needs data
powerball 2 billion,500,Baja,needs data,needs data
powerball 2020,50,Baja,needs data,needs data
powerball 2021,500,Baja,needs data,needs data
powerball 24 february 2022,0,Desconocida,needs data,needs data
powerball 3 12 22,50,Desconocida,needs data,needs data
powerball 3 16 22,50,Baja,needs data,needs data
powerball 3 19 22,50,Desconocida,needs data,needs data
powerball 3 23 22,50,Baja,needs data,needs data
powerball 3 26 22,50,Baja,needs data,needs data
powerball 3 30 22,50,Baja,needs data,needs data
powerball 3 5 22,50,Desconocida,needs data,needs data
powerball 4 11 22,50,Desconocida,needs data,needs data
powerball 4 13 22,50,Desconocida,needs data,needs data
powerball 4 16 22,50,Baja,needs data,needs data
powerball 4 18 22,50,Desconocida,needs data,needs data
powerball 4 2 22,50,Desconocida,needs data,needs data
powerball 4 20 22,50,Desconocida,needs data,needs data
powerball 4 23 22,50,Baja,needs data,needs data
powerball 4 25 22,50,Baja,needs data,needs data
powerball 4 27 22,50,Baja,needs data,needs data
powerball 4 30 22,50,Desconocida,needs data,needs data
powerball 4 4 22,50,Desconocida,needs data,needs data
powerball 4 6 22,50,Desconocida,needs data,needs data
powerball 4 9 22,50,Baja,needs data,needs data
powerball 5 11 22,50,Desconocida,needs data,needs data
powerball 5 14 22,50,Desconocida,needs data,needs data
powerball 5 18 22,50,Desconocida,needs data,needs data
powerball 5 21 22,50,Desconocida,needs data,needs data
powerball 5 28 22,50,Baja,needs data,needs data
powerball 5 7 22,50,Desconocida,needs data,needs data
powerball 5 nov 2022,50,Baja,needs data,needs data
powerball 6 11 22,50,Desconocida,needs data,needs data
powerball 6 15 22,50,Desconocida,needs data,needs data
powerball 6 18 22,50,Baja,needs data,needs data
powerball 6 20 22,50,Desconocida,needs data,needs data
powerball 6 22 22,50,Baja,needs data,needs data
powerball 6 25 22,50,Baja,needs data,needs data
powerball 6 27 22,50,Desconocida,needs data,needs data
powerball 6 29 22,50,Desconocida,needs data,needs data
powerball 6 4 22,50,Desconocida,needs data,needs data
powerball 6 8 22,50,Desconocida,needs data,needs data
powerball 7 11 22,50,Desconocida,needs data,needs data
powerball 7 16 22,50,Desconocida,needs data,needs data
powerball 7 2 22,50,Desconocida,needs data,needs data
powerball 7 20 22,50,Desconocida,needs data,needs data
powerball 7 23 22,50,Desconocida,needs data,needs data
powerball 7 25 22,50,Desconocida,needs data,needs data
powerball 7 27 22,50,Desconocida,needs data,needs data
powerball 7 30 22,50,Baja,needs data,needs data
powerball 7 9 22,50,Desconocida,needs data,needs data
powerball 8 10 22,50,Desconocida,needs data,needs data
powerball 8 13 22,50,Desconocida,needs data,needs data
powerball 8 20 22,50,Desconocida,needs data,needs data
powerball 8 24 22,50,Desconocida,needs data,needs data
powerball 8 27 22,50,Desconocida,needs data,needs data
powerball 8 3 22,50,Desconocida,needs data,needs data
powerball 8 31 22,50,Desconocida,needs data,needs data
powerball 8 6 22,50,Desconocida,needs data,needs data
powerball 9 17 22,50,Desconocida,needs data,needs data
powerball 9 24 22,50,Desconocida,needs data,needs data
powerball 9 3 22,50,Desconocida,needs data,needs data
powerball after taxes,50000,Baja,needs data,needs data
powerball and plus results,50,Baja,needs data,needs data
powerball and powerball plus,50,Baja,needs data,needs data
powerball and powerball plus results,500,Baja,0.15-0.40 USD,needs data
powerball and powerball plus results 2022,50,Desconocida,needs data,needs data
powerball anyone win,50000,Baja,needs data,needs data
powerball april 11 2022,50,Desconocida,needs data,needs data
powerball april 13 2022,50,Desconocida,needs data,needs data
powerball april 16 2022,50,Baja,needs data,needs data
powerball april 18 2022,50,Baja,needs data,needs data
powerball april 2 2022,50,Baja,needs data,needs data
powerball april 20 2022,50,Baja,needs data,needs data
powerball april 23 2022,50,Baja,needs data,needs data
powerball april 25 2022,50,Baja,needs data,needs data
powerball april 27 2022,50,Baja,needs data,needs data
powerball april 4 2022,50,Baja,needs data,needs data
powerball april 6 2022,50,Baja,needs data,needs data
powerball april 9 2022,50,Baja,needs data,needs data
powerball aug 27 2022,50,Baja,needs data,needs data
powerball aug 3 2022,50,Desconocida,needs data,needs data
powerball august 1 2022,50,Baja,needs data,needs data
powerball august 10 2022,50,Desconocida,needs data,needs data
powerball august 13 2022,50,Desconocida,needs data,needs data
powerball august 20 2022,50,Desconocida,needs data,needs data
powerball august 27 2022,50,Baja,needs data,needs data
powerball august 3 2022,50,Baja,needs data,needs data
powerball august 31 2022,50,Baja,needs data,needs data
powerball august 6 2022,50,Baja,needs data,needs data
powerball cash,5000,Baja,0.36-1.31 USD,needs data
powerball channel,500,Baja,needs data,needs data
powerball com,50000,Baja,0.22-1.02 USD,needs data
powerball cost per ticket with megaplier,50,Desconocida,needs data,needs data
powerball days of the week,500,Baja,needs data,needs data
powerball de ayer,500,Baja,needs data,needs data
powerball de hoy 2022,50,Baja,needs data,needs data
powerball dec 10 2022,50,Desconocida,needs data,needs data
powerball dec 12 2022,50,Desconocida,needs data,needs data
powerball dec 14 2022,50,Desconocida,needs data,needs data
powerball dec 17 2022,50,Desconocida,needs data,needs data
powerball dec 24 2022,50,Baja,needs data,needs data
powerball dec 3 2022,50,Desconocida,needs data,needs data
powerball dec 31 2022,50,Baja,needs data,needs data
powerball del sábado,500,Baja,needs data,needs data
powerball did anyone win,5000,Baja,needs data,needs data
powerball did someone win,500000,Baja,0.46-2.37 USD,needs data
powerball double play states,50,Baja,needs data,needs data
powerball drawing 10 31 22,50,Desconocida,needs data,needs data
powerball drawing 11 2 22,50,Desconocida,needs data,needs data
powerball drawing 11 5 22,50,Desconocida,needs data,needs data
powerball drawing 11 7,50,Desconocida,needs data,needs data
powerball drawing 11 7 22,50,Desconocida,needs data,needs data
powerball drawing channel,500,Baja,needs data,needs data
powerball drawing days of the week,5000,Baja,needs data,needs data
powerball drawing monday,500,Baja,0.19-1.30 USD,needs data
powerball drawing nov 5,50,Desconocida,needs data,needs data
powerball drawing nov 5 2022,50,Desconocida,needs data,needs data
powerball drawing nov 7,50,Desconocida,needs data,needs data
powerball drawing nov 7 2022,50,Baja,needs data,needs data
powerball drawing november 2 2022,50,Baja,needs data,needs data
powerball drawing november 5 2022,50,Desconocida,needs data,needs data
powerball drawing november 7,50,Desconocida,needs data,needs data
powerball drawing november 7 2022,50,Baja,needs data,needs data
powerball drawing oct 31 2022,50,Desconocida,needs data,needs data
powerball drawing october 31 2022,50,Baja,needs data,needs data
powerball drawings november 7,0,Desconocida,needs data,needs data
powerball en vivo,500,Baja,needs data,needs data
powerball estimated jackpot today,500,Baja,needs data,needs data
powerball feb 12 2022,50,Desconocida,needs data,needs data
powerball feb 14 2022,50,Baja,needs data,needs data
powerball feb 16 2022,50,Baja,needs data,needs data
powerball feb 19 2022,50,Desconocida,needs data,needs data
powerball feb 2 2022,50,Desconocida,needs data,needs data
powerball feb 21 2022,50,Baja,needs data,needs data
powerball feb 23 2022,50,Baja,needs data,needs data
powerball feb 26 2022,50,Baja,needs data,needs data
powerball feb 28 2022,50,Baja,needs data,needs data
powerball feb 5 2022,50,Baja,needs data,needs data
powerball feb 7 2022,50,Desconocida,needs data,needs data
powerball feb 9 2022,50,Baja,needs data,needs data
powerball florida en vivo,500,Baja,needs data,needs data
powerball for,500,Baja,needs data,needs data
powerball for 10 29 22,50,Desconocida,needs data,needs data
powerball for monday,500,Baja,0.05-0.81 USD,needs data
powerball for monday night,500,Baja,needs data,needs data
powerball for nov 5 2022,50,Baja,needs data,needs data
powerball for nov 7 2022,50,Desconocida,needs data,needs data
powerball for november 7th,50,Baja,needs data,needs data
powerball for saturday night,5000,Baja,0.12-0.68 USD,needs data
powerball for wednesday night,5000,Baja,0.06-0.50 USD,needs data
powerball jackpot $1.9 billion,50,Desconocida,needs data,needs data
powerball jackpot cash option,500,Baja,needs data,needs data
powerball jackpot for november 7 2022,50,Desconocida,needs data,needs data
powerball jackpot for wednesday,500,Baja,needs data,needs data
powerball jackpot odds,500,Baja,needs data,needs data
powerball jackpot raffle,50,Desconocida,needs data,needs data
powerball jackpot winning ticket sold,50,Baja,needs data,needs data
powerball january 14 2023,50,Baja,needs data,needs data
powerball july 11 2022,50,Baja,needs data,needs data
powerball july 13 2022,50,Desconocida,needs data,needs data
powerball july 16 2022,50,Baja,needs data,needs data
powerball july 18 2022,50,Desconocida,needs data,needs data
powerball july 2 2022,50,Desconocida,needs data,needs data
powerball july 20 2022,50,Baja,needs data,needs data
powerball july 23 2022,50,Baja,needs data,needs data
powerball july 25 2022,50,Baja,needs data,needs data
powerball july 27 2022,50,Baja,needs data,needs data
powerball july 29 2022,50,Desconocida,needs data,needs data
powerball july 30,500,Baja,needs data,needs data
powerball july 30 2022,50,Baja,needs data,needs data
powerball july 4 2022,50,Desconocida,needs data,needs data
powerball july 6 2022,50,Desconocida,needs data,needs data
powerball july 9 2022,50,Baja,needs data,needs data
powerball june 1 2022,50,Desconocida,needs data,needs data
powerball june 11,500,Baja,needs data,needs data
powerball june 11 2022,50,Baja,needs data,needs data
powerball june 13 2022,50,Desconocida,needs data,needs data
powerball june 15 2022,50,Baja,needs data,needs data
powerball june 18 2022,50,Baja,needs data,needs data
powerball june 20 2022,50,Desconocida,needs data,needs data
powerball june 22 2022,50,Baja,needs data,needs data
powerball june 25,500,Baja,needs data,needs data
powerball june 25 2022,50,Baja,needs data,needs data
powerball june 27 2022,50,Baja,needs data,needs data
powerball june 29,50,Baja,needs data,needs data
powerball june 29 2022,50,Baja,needs data,needs data
powerball june 4 2022,50,Desconocida,needs data,needs data
powerball june 6 2022,50,Desconocida,needs data,needs data
powerball june 8 2022,50,Baja,needs data,needs data
powerball last 25,5000,Baja,needs data,needs data
powerball last 25 drawings,5000,Baja,needs data,needs data
powerball last 6 months,500,Baja,needs data,needs data
powerball lottery drawing tonight,5000,Baja,0.20-1.57 USD,needs data
powerball lottery next drawing,500000,Baja,0.21-1.88 USD,needs data
powerball lottery winners,500,Baja,0.08-0.76 USD,needs data
powerball march 12 2022,50,Baja,needs data,needs data
powerball march 14 2022,50,Baja,needs data,needs data
powerball march 16 2022,50,Baja,needs data,needs data
powerball march 19 2022,50,Baja,needs data,needs data
powerball march 2 2022,50,Baja,needs data,needs data
powerball march 21 2022,50,Baja,needs data,needs data
powerball march 23 2022,50,Baja,needs data,needs data
powerball march 26 2022,50,Baja,needs data,needs data
powerball march 28 2022,50,Baja,needs data,needs data
powerball march 30 2022,50,Baja,needs data,needs data
powerball march 5 2022,50,Baja,needs data,needs data
powerball march 7 2022,50,Baja,needs data,needs data
powerball march 9 2022,50,Baja,needs data,needs data
powerball match,500,Baja,needs data,needs data
powerball may 11 2022,50,Baja,needs data,needs data
powerball may 14 2022,50,Baja,needs data,needs data
powerball may 16 2022,50,Desconocida,needs data,needs data
powerball may 18 2022,50,Baja,needs data,needs data
powerball may 2 2022,50,Desconocida,needs data,needs data
powerball may 21 2022,50,Desconocida,needs data,needs data
powerball may 23 2022,50,Desconocida,needs data,needs data
powerball may 25 2022,50,Desconocida,needs data,needs data
powerball may 28 2022,50,Baja,needs data,needs data
powerball may 30 2022,50,Desconocida,needs data,needs data
powerball may 4 2022,50,Desconocida,needs data,needs data
powerball may 7 2022,50,Baja,needs data,needs data
powerball may 9 2022,50,Desconocida,needs data,needs data
powerball mega millions euro millions lottomax formula eze ugbor,50,Desconocida,needs data,needs data
powerball monday drawing,500,Baja,0.15-0.51 USD,needs data
powerball monday november 7 2022,50,Desconocida,needs data,needs data
powerball monday numbers,500,Baja,0.07-0.47 USD,needs data
powerball nov 12 2022,50,Desconocida,needs data,needs data
powerball nov 14 2022,50,Desconocida,needs data,needs data
powerball nov 16 2022,50,Baja,needs data,needs data
powerball nov 19 2022,50,Baja,needs data,needs data
powerball nov 2,50,Baja,needs data,needs data
powerball nov 23 2022,50,Desconocida,needs data,needs data
powerball nov 26 2022,50,Desconocida,needs data,needs data
powerball nov 30 2022,50,Baja,needs data,needs data
powerball nov 4 2022,50,Desconocida,needs data,needs data
powerball nov 5,500,Baja,needs data,needs data
powerball nov 7,50,Baja,needs data,needs data
powerball nov 7 2021,50,Desconocida,needs data,needs data
powerball nov 7 2022,50,Baja,needs data,needs data
powerball nov 8,500,Baja,needs data,needs data
powerball nov 8 2022,50,Desconocida,needs data,needs data
powerball nov 9,50,Baja,needs data,needs data
powerball nov 9 2022,50,Baja,needs data,needs data
powerball november 2 2022,50,Baja,needs data,needs data
powerball november 5 2022,50,Baja,needs data,needs data
powerball november 5th 2022,50,Baja,needs data,needs data
powerball november 7 2022,50,Baja,needs data,needs data
powerball november 7th 2022,50,Baja,needs data,needs data
powerball november 9 2022,50,Desconocida,needs data,needs data
powerball numbers 10 26 22,50,Desconocida,needs data,needs data
powerball numbers 10 29 22,50,Baja,needs data,needs data
powerball numbers 10 31 22,50,Baja,needs data,needs data
powerball numbers 11 2 22,50,Baja,needs data,needs data
powerball numbers 11 5 22,50,Baja,needs data,needs data
powerball numbers for monday,50000,Baja,0.07-0.42 USD,needs data
powerball numbers for november 7th,50,Baja,needs data,needs data
powerball numbers for yesterday,50000,Baja,0.05-0.30 USD,needs data
powerball numbers nov 5 2022,50,Baja,needs data,needs data
powerball numbers nov 7 2022,50,Baja,needs data,needs data
powerball numbers november 7 2022,50,Baja,needs data,needs data
powerball oct 1 2022,50,Desconocida,needs data,needs data
powerball oct 10 2022,50,Baja,needs data,needs data
powerball oct 12 2022,50,Baja,needs data,needs data
powerball oct 15 2022,50,Desconocida,needs data,needs data
powerball oct 17 2022,50,Desconocida,needs data,needs data
powerball oct 19 2022,50,Desconocida,needs data,needs data
powerball oct 22,500,Baja,needs data,needs data
powerball oct 22 2022,50,Baja,needs data,needs data
powerball oct 24 2022,50,Baja,needs data,needs data
powerball oct 26,50,Desconocida,needs data,needs data
powerball oct 26 2022,50,Baja,needs data,needs data
powerball oct 29,500,Baja,needs data,needs data
powerball oct 29 2022,50,Baja,needs data,needs data
powerball oct 31,50,Desconocida,needs data,needs data
powerball oct 31 2022,50,Baja,needs data,needs data
powerball oct 8 2022,50,Baja,needs data,needs data
powerball october 15 2022,50,Baja,needs data,needs data
powerball october 22 2022,50,Baja,needs data,needs data
powerball october 24 2022,50,Desconocida,needs data,needs data
powerball october 26 2022,50,Baja,needs data,needs data
powerball october 29 2022,50,Baja,needs data,needs data
powerball october 31 2022,50,Baja,needs data,needs data
powerball october 8 2022,50,Desconocida,needs data,needs data
powerball odds and prizes,500,Baja,0.05-1.04 USD,needs data
powerball payouts today,5000,Baja,0.46-1.53 USD,needs data
powerball plus payouts,50,Baja,needs data,needs data
powerball plus results 2022,0,Desconocida,needs data,needs data
powerball power play meaning,500,Baja,needs data,needs data
powerball previous drawings,500,Baja,needs data,needs data
powerball raffle,500,Baja,needs data,needs data
powerball result for yesterday,5000,Baja,0.12-0.40 USD,needs data
powerball result last night,5000,Baja,0.12-0.40 USD,needs data
powerball results and payouts,500,Baja,needs data,needs data
powerball results for yesterday night,50,Baja,needs data,needs data
powerball results friday,500,Baja,needs data,needs data
powerball results payout,500,Baja,needs data,needs data
powerball results tuesday,500,Baja,needs data,needs data
powerball results winners,500,Baja,needs data,needs data
powerball sat nov 5 2022,50,Baja,needs data,needs data
powerball saturday november 5,50,Desconocida,needs data,needs data
powerball sept 10 2022,50,Baja,needs data,needs data
powerball sept 17 2022,50,Desconocida,needs data,needs data
powerball sept 19 2022,50,Desconocida,needs data,needs data
powerball sept 24 2022,50,Baja,needs data,needs data
powerball sept 26 2022,50,Desconocida,needs data,needs data
powerball sept 3 2022,50,Desconocida,needs data,needs data
powerball sept 7 2022,50,Desconocida,needs data,needs data
powerball smart pick,5000,Baja,needs data,needs data
powerball strategies,500,Baja,needs data,needs data
powerball twitter,500,Baja,needs data,needs data
powerball website down,5000,Baja,needs data,needs data
powerball wed nov 2 2022,50,Desconocida,needs data,needs data
powerball winners 11 5 22,50,Desconocida,needs data,needs data
powerball winners 2022,50,Baja,needs data,needs data
powerball winners by state,5000,Baja,needs data,needs data
powerball winners list,500,Baja,needs data,needs data
powerball winners today,50000,Baja,0.11-0.50 USD,needs data
powerball winning amounts,500,Baja,0.24-2.44 USD,needs data
powerball winning numbers 10 31 22,50,Desconocida,needs data,needs data
powerball winning numbers 11 5 22,50,Baja,needs data,needs data
powerball winning numbers 11 7 22,50,Baja,needs data,needs data
powerball winning numbers nov 7,50,Baja,needs data,needs data
powerball winning options,500,Baja,needs data,needs data
powerball winning prizes,500,Baja,needs data,needs data
powerball winning ticket sold,5000,Baja,needs data,needs data
powerball youtube,500,Baja,needs data,needs data
powerballresult,50,Baja,needs data,needs data
previous powerball winners,5000,Baja,needs data,needs data
racetrax winning numbers,50000,Baja,1.07-6.02 USD,needs data
raising cane's lottery,50,Baja,needs data,needs data
raising cane's mega millions,50,Desconocida,needs data,needs data
recent mega millions winner,500,Baja,0.54-1.37 USD,needs data
recent powerball winners,5000,Baja,needs data,needs data
reddit mega millions,50,Baja,needs data,needs data
richard wahl lottery,500,Baja,needs data,needs data
richard wahl lottery winner,500,Baja,needs data,needs data
roadrunner cash,50000,Baja,needs data,needs data
rolling cash 5,50000,Baja,0.92-2.19 USD,needs data
ruth madoff wins lottery,500,Baja,needs data,needs data
saturday mega millions numbers,500,Baja,0.14-0.70 USD,needs data
saturday's powerball,5000,Baja,0.13-0.60 USD,needs data
sceducation lottery,500000,Baja,2.08-6.40 USD,needs data
sceducationlottery powerball,500,Baja,needs data,needs data
show me cash numbers,5000,Baja,needs data,needs data
show me cash winning numbers,5000,Baja,needs data,needs data
show me the mega million numbers,500,Baja,0.17-0.90 USD,needs data
someone win the mega millions,50,Baja,needs data,needs data
someone win the powerball,50000,Baja,needs data,needs data
state lottery result,5000,Baja,0.05-1.71 USD,needs data
states with mega millions,500,Baja,needs data,needs data
successful lottery winners,50,Baja,needs data,needs data
super 5 results,50,Baja,needs data,needs data
super ball lottery results,500,Baja,needs data,needs data
tammy and cliff webster,50,Baja,needs data,needs data
tammy cliff webster,50,Baja,needs data,needs data
texas lottery mega millions past winning numbers,500,Baja,needs data,needs data
texas lottery pick 3 results,5000,Baja,needs data,needs data
texas lottery results post,50000,Baja,needs data,needs data
texas lotto pick 3,50000,Baja,needs data,needs data
the mega,500,Baja,needs data,needs data
the mega ball,5000,Baja,0.20-1.30 USD,needs data
the mega ball 2022,0,Desconocida,needs data,needs data
the mega million winning numbers,5000,Baja,0.04-0.32 USD,needs data
the pick numbers,5000,Baja,0.01-2.47 USD,needs data
the pick winning numbers,5000,Baja,0.01-0.12 USD,needs data
three numbers on mega millions,500,Baja,needs data,needs data
ticket result,50,Baja,needs data,needs data
tnlottery mega millions,5000,Baja,0.42-1.51 USD,needs data
tnlottery powerball,500,Baja,needs data,needs data
tnlottery winning numbers,5000,Baja,needs data,needs data
tonight's set for life results,50,Desconocida,needs data,needs data
top 6 hot mega million,50,Desconocida,needs data,needs data
trinidad pick 3 results,500,Baja,needs data,needs data
tuesday winning numbers,50,Baja,needs data,needs data
txlottery org,50000,Baja,needs data,needs data
unclaimed mega millions 2022,50,Desconocida,needs data,needs data
unclaimed powerball,500,Baja,needs data,needs data
usamega com,5000,Baja,3.16-6.11 USD,needs data
usamega lottery,5000,Baja,0.38-2.67 USD,needs data
usamegamilion,50,Desconocida,needs data,needs data
va lottery post results,50000,Baja,1.94-5.91 USD,needs data
valottery com,50000,Baja,0.39-7.06 USD,needs data
vi lottery did i win,50,Baja,needs data,needs data
virginia lottery pick 3 & 4,50000,Baja,1.11-8.31 USD,needs data
wa lottery mega millions,5000,Baja,needs data,needs data
wa lottery powerball,500,Baja,needs data,needs data
wa state lottery,50000,Baja,needs data,needs data
washington lottery mega millions,5000,Baja,needs data,needs data
washington lottery powerball,500,Baja,needs data,needs data
washington lottery results,50000,Baja,needs data,needs data
wilottery mega millions,500,Baja,needs data,needs data
wilottery powerball,5000,Baja,needs data,needs data
win 3 evening 2022,500,Baja,needs data,needs data
win 3 midday 2022,500,Baja,needs data,needs data
win 3 numbers midday and evening,5000,Baja,needs data,needs data
win 4 midday 2022,50,Baja,needs data,needs data
win for life results,500,Baja,needs data,needs data
winner mega millions july 29 2022,0,Desconocida,needs data,needs data
winner of 1.28 billion lottery,50,Desconocida,needs data,needs data
winner of billion dollar lottery,50,Baja,needs data,needs data
winner of mega millions 2022,50,Desconocida,needs data,needs data
winner result,50,Baja,needs data,needs data
winning lottery numbers july 29 2022,0,Desconocida,needs data,needs data
winning mega millions numbers from last night,5000,Baja,0.03-0.34 USD,needs data
winning mega millions numbers july 19 2022,50,Desconocida,needs data,needs data
winning mega millions numbers july 22 2022,50,Desconocida,needs data,needs data
winning mega millions numbers july 26 2022,50,Baja,needs data,needs data
winning mega millions numbers july 29,50,Desconocida,needs data,needs data
winning mega millions numbers july 29 2022,50,Baja,needs data,needs data
winning megamillion numbers,500000,Baja,0.14-0.50 USD,needs data
winning number winning number,500,Baja,needs data,needs data
winning numbers for last night's mega millions,5000,Baja,0.03-0.34 USD,needs data
winning numbers for mega millions july 29,50,Desconocida,needs data,needs data
winning powerball lottery numbers,5000000,Baja,0.09-0.40 USD,needs data
winning powerball nov 5 2022,0,Desconocida,needs data,needs data
winning powerball nov 7,50,Desconocida,needs data,needs data
winning the lottery reddit,500,Baja,needs data,needs data
wral lottery,50000,Baja,2.21-5.67 USD,needs data
www calottery com,5000,Baja,0.03-0.29 USD,needs data
www daily lotto results,50,Desconocida,needs data,needs data
www dc lottery,500,Baja,1.16-1.84 USD,needs data
www flalottery,50000,Baja,needs data,needs data
www flalottery com,5000,Baja,needs data,needs data
www flalottery com winning numbers,5000,Baja,needs data,needs data
www floridalottery com winning numbers,5000,Baja,needs data,needs data
www galottery com winning numbers,5000,Baja,0.02-0.25 USD,needs data
www il lottery winning numbers,5000,Baja,needs data,needs data
www illinoislottery com,5000,Baja,0.01-0.04 USD,needs data
www lotterypost com,5000,Baja,needs data,needs data
www lotterypost com results,5000,Baja,needs data,needs data
www lotto result com,50,Baja,needs data,needs data
www masslottery com,5000,Baja,0.82-4.43 USD,needs data
www masslottery com mega millions,50,Baja,needs data,needs data
www mdlottery com,5000,Baja,3.04-5.68 USD,needs data
www mega lott com,0,Desconocida,needs data,needs data
www mega millions,500,Baja,needs data,needs data
www megamillions com,500,Baja,0.18-1.11 USD,needs data
www michiganlottery com,5000,Baja,0.23-2.27 USD,needs data
www njlottery com,5000,Baja,0.66-2.47 USD,needs data
www nylottery org,50000,Baja,0.14-0.21 USD,needs data
www ohiolottery com,50000,Baja,0.50-2.29 USD,needs data
www palottery com,50000,Baja,0.28-2.74 USD,needs data
www txlottery org,5000,Baja,needs data,needs data
www valottery com,5000,Baja,0.36-7.63 USD,needs data
wyolotto mega millions,500,Baja,needs data,needs data
wyolotto powerball,500,Baja,needs data,needs data
xổ số powerball,500,Baja,needs data,needs data
yesterday daily lotto results,50,Baja,needs data,needs data
